subject,FA_proper,CR,FA_proper_rate,FA
1,42,138,0.233333333333333,24
2,50,130,0.277777777777778,33
3,17,163,0.0944444444444444,14
