amplitude_induced;amplitude_evoked;modulation_induced;modulation_evoked;subtraction_induced;subtraction_evoked;subjects;condition;time;RDK_id;RDK_position;RDK_freq;RDK_color;RDK_isattended;RDK_isprimed;RDK_electrodes
8.16048231599557;3.17648156034461;0;0;0;0;1;1;[-0.5 0] ;RDK1;center;17;orange;attended;primed;{'P7','P5','P9','PO3','PO7','O1','I1','POz','Oz','Iz','P8','P6','PO4','PO8','P10','O2','I2'}
5.82426712739522;1.08963204249403;0;0;0;0;1;1;[-0.5 0] ;RDK2;center;20;blau;attended;nonprimed;{'P7','P5','P9','PO3','PO7','O1','I1','POz','Oz','Iz','P8','P6','PO4','PO8','P10','O2','I2'}
4.72234021592464;0.725630503333262;0;0;0;0;1;1;[-0.5 0] ;RDK3;center;23;grün;not attended;not attended;{'P7','P5','P9','PO3','PO7','O1','I1','POz','Oz','Iz','P8','P6','PO4','PO8','P10','O2','I2'}
7.94753551267391;3.48506034823025;0;0;0;0;1;2;[-0.5 0] ;RDK1;center;17;orange;not attended;not attended;{'P7','P5','P9','PO3','PO7','O1','I1','POz','Oz','Iz','P8','P6','PO4','PO8','P10','O2','I2'}
5.93674317851865;0.930448371360744;0;0;0;0;1;2;[-0.5 0] ;RDK2;center;20;blau;attended;primed;{'P7','P5','P9','PO3','PO7','O1','I1','POz','Oz','Iz','P8','P6','PO4','PO8','P10','O2','I2'}
4.39717281889592;0.552919143330458;0;0;0;0;1;2;[-0.5 0] ;RDK3;center;23;grün;attended;nonprimed;{'P7','P5','P9','PO3','PO7','O1','I1','POz','Oz','Iz','P8','P6','PO4','PO8','P10','O2','I2'}
7.96558995268464;3.58281187126539;0;0;0;0;1;3;[-0.5 0] ;RDK1;center;17;orange;attended;nonprimed;{'P7','P5','P9','PO3','PO7','O1','I1','POz','Oz','Iz','P8','P6','PO4','PO8','P10','O2','I2'}
5.73272169876962;1.22305046352326;0;0;0;0;1;3;[-0.5 0] ;RDK2;center;20;blau;not attended;not attended;{'P7','P5','P9','PO3','PO7','O1','I1','POz','Oz','Iz','P8','P6','PO4','PO8','P10','O2','I2'}
4.44275219192332;0.47658211002927;0;0;0;0;1;3;[-0.5 0] ;RDK3;center;23;grün;attended;primed;{'P7','P5','P9','PO3','PO7','O1','I1','POz','Oz','Iz','P8','P6','PO4','PO8','P10','O2','I2'}
7.23396574857548;3.91057547994329;-11.3536986117108;23.1102843083729;-0.926516567420096;0.734093919598679;1;1;[0.25 0.75] ;RDK1;center;17;orange;attended;primed;{'P7','P5','P9','PO3','PO7','O1','I1','POz','Oz','Iz','P8','P6','PO4','PO8','P10','O2','I2'}
5.37166313132549;1.22885735906087;-7.77100339269879;12.7772781211702;-0.452603996069723;0.139225316566849;1;1;[0.25 0.75] ;RDK2;center;20;blau;attended;nonprimed;{'P7','P5','P9','PO3','PO7','O1','I1','POz','Oz','Iz','P8','P6','PO4','PO8','P10','O2','I2'}
4.49082715155312;0.809366717799756;-4.90250709999266;11.5397869965282;-0.231513064371514;0.0837362144664942;1;1;[0.25 0.75] ;RDK3;center;23;grün;not attended;not attended;{'P7','P5','P9','PO3','PO7','O1','I1','POz','Oz','Iz','P8','P6','PO4','PO8','P10','O2','I2'}
6.36745869735787;3.06367778211697;-19.8813432515815;-12.0911124631532;-1.58007681531604;-0.421382566113278;1;2;[0.25 0.75] ;RDK1;center;17;orange;not attended;not attended;{'P7','P5','P9','PO3','PO7','O1','I1','POz','Oz','Iz','P8','P6','PO4','PO8','P10','O2','I2'}
5.27374345900246;1.82129908444115;-11.1677345571418;95.7442390680502;-0.662999719516185;0.89085071308041;1;2;[0.25 0.75] ;RDK2;center;20;blau;attended;primed;{'P7','P5','P9','PO3','PO7','O1','I1','POz','Oz','Iz','P8','P6','PO4','PO8','P10','O2','I2'}
4.31859727466808;0.697684870855841;-1.78695601615158;26.182079110772;-0.0785755442278422;0.144765727525383;1;2;[0.25 0.75] ;RDK3;center;23;grün;attended;nonprimed;{'P7','P5','P9','PO3','PO7','O1','I1','POz','Oz','Iz','P8','P6','PO4','PO8','P10','O2','I2'}
6.82421490509586;3.41194825771168;-14.3288200167033;-4.76898089246783;-1.14137504758878;-0.170863613553716;1;3;[0.25 0.75] ;RDK1;center;17;orange;attended;nonprimed;{'P7','P5','P9','PO3','PO7','O1','I1','POz','Oz','Iz','P8','P6','PO4','PO8','P10','O2','I2'}
5.24005929161521;1.5763161902514;-8.5938657594376;28.8839861693424;-0.492662407154412;0.353265726728137;1;3;[0.25 0.75] ;RDK2;center;20;blau;not attended;not attended;{'P7','P5','P9','PO3','PO7','O1','I1','POz','Oz','Iz','P8','P6','PO4','PO8','P10','O2','I2'}
4.37333799379444;0.688827748144914;-1.56241435781804;44.5349570722678;-0.0694141981288858;0.212245638115643;1;3;[0.25 0.75] ;RDK3;center;23;grün;attended;primed;{'P7','P5','P9','PO3','PO7','O1','I1','POz','Oz','Iz','P8','P6','PO4','PO8','P10','O2','I2'}
6.87011006730714;3.48127062746842;-15.8124507684937;9.59517822891893;-1.29037224868843;0.30478906712381;1;1;[0.75 1.25] ;RDK1;center;17;orange;attended;primed;{'P7','P5','P9','PO3','PO7','O1','I1','POz','Oz','Iz','P8','P6','PO4','PO8','P10','O2','I2'}
5.53585455859948;2.47913274182453;-4.95191175966412;127.520176090832;-0.288412568795735;1.38950069933051;1;1;[0.75 1.25] ;RDK2;center;20;blau;attended;nonprimed;{'P7','P5','P9','PO3','PO7','O1','I1','POz','Oz','Iz','P8','P6','PO4','PO8','P10','O2','I2'}
4.24364703381223;0.934469595686343;-10.1367788050966;28.7803629248985;-0.478693182112404;0.208839092353081;1;1;[0.75 1.25] ;RDK3;center;23;grün;not attended;not attended;{'P7','P5','P9','PO3','PO7','O1','I1','POz','Oz','Iz','P8','P6','PO4','PO8','P10','O2','I2'}
6.57063716137571;3.43925326981696;-17.3248467918446;-1.3143840805097;-1.3768983512982;-0.0458070784132945;1;2;[0.75 1.25] ;RDK1;center;17;orange;not attended;not attended;{'P7','P5','P9','PO3','PO7','O1','I1','POz','Oz','Iz','P8','P6','PO4','PO8','P10','O2','I2'}
5.42275176113008;2.42577314835328;-8.65780111978541;160.710128903303;-0.513991417388572;1.49532477699254;1;2;[0.75 1.25] ;RDK2;center;20;blau;attended;primed;{'P7','P5','P9','PO3','PO7','O1','I1','POz','Oz','Iz','P8','P6','PO4','PO8','P10','O2','I2'}
4.19213620677793;0.954631408954638;-4.66291912014216;72.6529856073536;-0.205036612117992;0.40171226562418;1;2;[0.75 1.25] ;RDK3;center;23;grün;attended;nonprimed;{'P7','P5','P9','PO3','PO7','O1','I1','POz','Oz','Iz','P8','P6','PO4','PO8','P10','O2','I2'}
6.82856621245993;3.90011056462025;-14.2741937129402;8.85613603939488;-1.13702374022471;0.317298693354853;1;3;[0.75 1.25] ;RDK1;center;17;orange;attended;nonprimed;{'P7','P5','P9','PO3','PO7','O1','I1','POz','Oz','Iz','P8','P6','PO4','PO8','P10','O2','I2'}
5.6004979416256;2.61132010369144;-2.3064743779973;113.508778384252;-0.132223757144013;1.38826964016818;1;3;[0.75 1.25] ;RDK2;center;20;blau;not attended;not attended;{'P7','P5','P9','PO3','PO7','O1','I1','POz','Oz','Iz','P8','P6','PO4','PO8','P10','O2','I2'}
4.23681386239928;0.858697700284725;-4.63537736582359;80.1783328022922;-0.205938329524045;0.382115590255455;1;3;[0.75 1.25] ;RDK3;center;23;grün;attended;primed;{'P7','P5','P9','PO3','PO7','O1','I1','POz','Oz','Iz','P8','P6','PO4','PO8','P10','O2','I2'}
6.91953661646778;3.78677811288186;-15.2067690545126;19.2129732517964;-1.24094569952779;0.610296552537254;1;1;[1 1.5] ;RDK1;center;17;orange;attended;primed;{'P7','P5','P9','PO3','PO7','O1','I1','POz','Oz','Iz','P8','P6','PO4','PO8','P10','O2','I2'}
5.64234409289123;2.60015975026523;-3.12353521095023;138.627320862721;-0.181923034503989;1.51052770777121;1;1;[1 1.5] ;RDK2;center;20;blau;attended;nonprimed;{'P7','P5','P9','PO3','PO7','O1','I1','POz','Oz','Iz','P8','P6','PO4','PO8','P10','O2','I2'}
4.52193094378683;1.07260567839868;-4.2438550162479;47.8170602629788;-0.20040927213781;0.346975175065422;1;1;[1 1.5] ;RDK3;center;23;grün;not attended;not attended;{'P7','P5','P9','PO3','PO7','O1','I1','POz','Oz','Iz','P8','P6','PO4','PO8','P10','O2','I2'}
6.57343974480262;3.31260870026248;-17.2895832384771;-4.94831167142764;-1.37409576787129;-0.172451647967774;1;2;[1 1.5] ;RDK1;center;17;orange;not attended;not attended;{'P7','P5','P9','PO3','PO7','O1','I1','POz','Oz','Iz','P8','P6','PO4','PO8','P10','O2','I2'}
5.22710146084091;2.22135106389879;-11.9533841424283;138.739851911412;-0.709641717677743;1.29090269253804;1;2;[1 1.5] ;RDK2;center;20;blau;attended;primed;{'P7','P5','P9','PO3','PO7','O1','I1','POz','Oz','Iz','P8','P6','PO4','PO8','P10','O2','I2'}
4.27837471832517;0.995793605686852;-2.70169277996622;80.097509319135;-0.118798100570748;0.442874462356395;1;2;[1 1.5] ;RDK3;center;23;grün;attended;nonprimed;{'P7','P5','P9','PO3','PO7','O1','I1','POz','Oz','Iz','P8','P6','PO4','PO8','P10','O2','I2'}
6.96015085893519;3.97840218306667;-12.6222803297901;11.0413364143944;-1.00543909374945;0.395590311801272;1;3;[1 1.5] ;RDK1;center;17;orange;attended;nonprimed;{'P7','P5','P9','PO3','PO7','O1','I1','POz','Oz','Iz','P8','P6','PO4','PO8','P10','O2','I2'}
5.42543194736291;2.55915315226732;-5.36027680312233;109.243463666669;-0.307289751406708;1.33610268874406;1;3;[1 1.5] ;RDK2;center;20;blau;not attended;not attended;{'P7','P5','P9','PO3','PO7','O1','I1','POz','Oz','Iz','P8','P6','PO4','PO8','P10','O2','I2'}
4.20005398530227;0.788338235600502;-5.46278964337174;65.414987052721;-0.242698206621058;0.311756125571232;1;3;[1 1.5] ;RDK3;center;23;grün;attended;primed;{'P7','P5','P9','PO3','PO7','O1','I1','POz','Oz','Iz','P8','P6','PO4','PO8','P10','O2','I2'}
6.79028990257919;3.2283099620051;-16.7905812470255;1.63162923114419;-1.37019241341638;0.0518284016604875;1;1;[1.25 1.75] ;RDK1;center;17;orange;attended;primed;{'P7','P5','P9','PO3','PO7','O1','I1','POz','Oz','Iz','P8','P6','PO4','PO8','P10','O2','I2'}
5.38604171567373;1.63291012364275;-7.52412968251804;49.8588569316698;-0.438225411721485;0.543278081148728;1;1;[1.25 1.75] ;RDK2;center;20;blau;attended;nonprimed;{'P7','P5','P9','PO3','PO7','O1','I1','POz','Oz','Iz','P8','P6','PO4','PO8','P10','O2','I2'}
4.31601383243751;0.425775972039047;-8.60434371324881;-41.3233084768076;-0.406326383487132;-0.299854531294215;1;1;[1.25 1.75] ;RDK3;center;23;grün;not attended;not attended;{'P7','P5','P9','PO3','PO7','O1','I1','POz','Oz','Iz','P8','P6','PO4','PO8','P10','O2','I2'}
6.53977132598739;3.13785421902238;-17.7132166876331;-9.9627006282455;-1.40776418668652;-0.34720612920787;1;2;[1.25 1.75] ;RDK1;center;17;orange;not attended;not attended;{'P7','P5','P9','PO3','PO7','O1','I1','POz','Oz','Iz','P8','P6','PO4','PO8','P10','O2','I2'}
5.08448480373055;1.42784808528909;-14.3556550984367;53.458067017831;-0.852258374788104;0.497399713928343;1;2;[1.25 1.75] ;RDK2;center;20;blau;attended;primed;{'P7','P5','P9','PO3','PO7','O1','I1','POz','Oz','Iz','P8','P6','PO4','PO8','P10','O2','I2'}
4.26750317418198;0.658967777075271;-2.9489321901726;19.1797724900678;-0.129669644713942;0.106048633744814;1;2;[1.25 1.75] ;RDK3;center;23;grün;attended;nonprimed;{'P7','P5','P9','PO3','PO7','O1','I1','POz','Oz','Iz','P8','P6','PO4','PO8','P10','O2','I2'}
6.63179441382982;3.37146889462191;-16.744466471128;-5.89880195325037;-1.33379553885482;-0.211342976643489;1;3;[1.25 1.75] ;RDK1;center;17;orange;attended;nonprimed;{'P7','P5','P9','PO3','PO7','O1','I1','POz','Oz','Iz','P8','P6','PO4','PO8','P10','O2','I2'}
5.26502643127787;1.82432811022884;-8.15834593177843;49.162129007618;-0.46769526749175;0.601277646705576;1;3;[1.25 1.75] ;RDK2;center;20;blau;not attended;not attended;{'P7','P5','P9','PO3','PO7','O1','I1','POz','Oz','Iz','P8','P6','PO4','PO8','P10','O2','I2'}
4.16098797483142;0.528769844864828;-6.34210968606652;10.950418351279;-0.281764217091902;0.0521877348355578;1;3;[1.25 1.75] ;RDK3;center;23;grün;attended;primed;{'P7','P5','P9','PO3','PO7','O1','I1','POz','Oz','Iz','P8','P6','PO4','PO8','P10','O2','I2'}
8.72651908192699;1.82852958678795;0;0;0;0;2;1;[-0.5 0] ;RDK1;center;17;grün;attended;primed;{'P7','P5','P9','PO3','PO7','O1','I1','POz','Oz','Iz','P8','P6','PO4','PO8','P10','O2','I2'}
7.64880547803991;1.36859282487118;0;0;0;0;2;1;[-0.5 0] ;RDK2;center;23;orange;attended;nonprimed;{'P7','P5','P9','PO3','PO7','O1','I1','POz','Oz','Iz','P8','P6','PO4','PO8','P10','O2','I2'}
8.35922545221596;2.14657509482015;0;0;0;0;2;1;[-0.5 0] ;RDK3;center;20;blau;not attended;not attended;{'P7','P5','P9','PO3','PO7','O1','I1','POz','Oz','Iz','P8','P6','PO4','PO8','P10','O2','I2'}
8.1402682524461;0.932937466686937;0;0;0;0;2;2;[-0.5 0] ;RDK1;center;17;grün;not attended;not attended;{'P7','P5','P9','PO3','PO7','O1','I1','POz','Oz','Iz','P8','P6','PO4','PO8','P10','O2','I2'}
7.07443429765658;0.99165696033795;0;0;0;0;2;2;[-0.5 0] ;RDK2;center;23;orange;attended;primed;{'P7','P5','P9','PO3','PO7','O1','I1','POz','Oz','Iz','P8','P6','PO4','PO8','P10','O2','I2'}
8.03126494161683;1.79554372102157;0;0;0;0;2;2;[-0.5 0] ;RDK3;center;20;blau;attended;nonprimed;{'P7','P5','P9','PO3','PO7','O1','I1','POz','Oz','Iz','P8','P6','PO4','PO8','P10','O2','I2'}
8.75796710312097;1.43327387965103;0;0;0;0;2;3;[-0.5 0] ;RDK1;center;17;grün;attended;nonprimed;{'P7','P5','P9','PO3','PO7','O1','I1','POz','Oz','Iz','P8','P6','PO4','PO8','P10','O2','I2'}
6.93904495670785;1.55360692813655;0;0;0;0;2;3;[-0.5 0] ;RDK2;center;23;orange;not attended;not attended;{'P7','P5','P9','PO3','PO7','O1','I1','POz','Oz','Iz','P8','P6','PO4','PO8','P10','O2','I2'}
7.93980839888974;2.42352183992507;0;0;0;0;2;3;[-0.5 0] ;RDK3;center;20;blau;attended;primed;{'P7','P5','P9','PO3','PO7','O1','I1','POz','Oz','Iz','P8','P6','PO4','PO8','P10','O2','I2'}
8.15736962659327;2.25566284473126;-6.52206739010588;23.3593845584761;-0.569149455333728;0.427133257943311;2;1;[0.25 0.75] ;RDK1;center;17;grün;attended;primed;{'P7','P5','P9','PO3','PO7','O1','I1','POz','Oz','Iz','P8','P6','PO4','PO8','P10','O2','I2'}
8.54268815182992;2.2235288358382;11.6865656520668;62.4682517276445;0.893882673790013;0.854936010967013;2;1;[0.25 0.75] ;RDK2;center;23;orange;attended;nonprimed;{'P7','P5','P9','PO3','PO7','O1','I1','POz','Oz','Iz','P8','P6','PO4','PO8','P10','O2','I2'}
8.53262044293848;2.68038294856264;2.07429494172275;24.8678862915446;0.173394990722517;0.53380785374249;2;1;[0.25 0.75] ;RDK3;center;20;blau;not attended;not attended;{'P7','P5','P9','PO3','PO7','O1','I1','POz','Oz','Iz','P8','P6','PO4','PO8','P10','O2','I2'}
7.59393251211934;1.59834775611826;-6.7115201045443;71.3242112351148;-0.546335740326757;0.66541028943132;2;2;[0.25 0.75] ;RDK1;center;17;grün;not attended;not attended;{'P7','P5','P9','PO3','PO7','O1','I1','POz','Oz','Iz','P8','P6','PO4','PO8','P10','O2','I2'}
7.7693660205306;2.30484185162173;9.82314194513352;132.423301989053;0.694931722874016;1.31318489128378;2;2;[0.25 0.75] ;RDK2;center;23;orange;attended;primed;{'P7','P5','P9','PO3','PO7','O1','I1','POz','Oz','Iz','P8','P6','PO4','PO8','P10','O2','I2'}
8.12580598209778;2.3254994569321;1.17716251634346;29.5150560638543;0.0945410404809461;0.529955735910532;2;2;[0.25 0.75] ;RDK3;center;20;blau;attended;nonprimed;{'P7','P5','P9','PO3','PO7','O1','I1','POz','Oz','Iz','P8','P6','PO4','PO8','P10','O2','I2'}
7.08966122277722;1.37588067035869;-19.0490082995315;-4.00434348990664;-1.66830588034375;-0.0573932092923384;2;3;[0.25 0.75] ;RDK1;center;17;grün;attended;nonprimed;{'P7','P5','P9','PO3','PO7','O1','I1','POz','Oz','Iz','P8','P6','PO4','PO8','P10','O2','I2'}
7.31739965499257;1.32243881330771;5.45254715375449;-14.8794467018835;0.378354698284719;-0.231168114828848;2;3;[0.25 0.75] ;RDK2;center;23;orange;not attended;not attended;{'P7','P5','P9','PO3','PO7','O1','I1','POz','Oz','Iz','P8','P6','PO4','PO8','P10','O2','I2'}
8.27602077717155;2.9334321317697;4.23451500830709;21.0400535057856;0.336212378281813;0.509910291844633;2;3;[0.25 0.75] ;RDK3;center;20;blau;attended;primed;{'P7','P5','P9','PO3','PO7','O1','I1','POz','Oz','Iz','P8','P6','PO4','PO8','P10','O2','I2'}
7.74182151129882;1.88677940757027;-11.2839674259983;3.18560996787818;-0.98469757062817;0.0582498207823186;2;1;[0.75 1.25] ;RDK1;center;17;grün;attended;primed;{'P7','P5','P9','PO3','PO7','O1','I1','POz','Oz','Iz','P8','P6','PO4','PO8','P10','O2','I2'}
8.44641366371742;1.68141595021362;10.4278790716731;22.8572822871464;0.797608185677507;0.312823125342438;2;1;[0.75 1.25] ;RDK2;center;23;orange;attended;nonprimed;{'P7','P5','P9','PO3','PO7','O1','I1','POz','Oz','Iz','P8','P6','PO4','PO8','P10','O2','I2'}
8.28876962489132;2.33499307438259;-0.842851143654233;8.77760950535165;-0.0704558273246381;0.188417979562444;2;1;[0.75 1.25] ;RDK3;center;20;blau;not attended;not attended;{'P7','P5','P9','PO3','PO7','O1','I1','POz','Oz','Iz','P8','P6','PO4','PO8','P10','O2','I2'}
7.28178504581365;1.51640343463798;-10.5461291938934;62.540737057443;-0.858483206632451;0.583465967951047;2;2;[0.75 1.25] ;RDK1;center;17;grün;not attended;not attended;{'P7','P5','P9','PO3','PO7','O1','I1','POz','Oz','Iz','P8','P6','PO4','PO8','P10','O2','I2'}
7.77605751736671;1.74721353477482;9.91772896869709;76.191324687459;0.70162321971013;0.755556574436874;2;2;[0.75 1.25] ;RDK2;center;23;orange;attended;primed;{'P7','P5','P9','PO3','PO7','O1','I1','POz','Oz','Iz','P8','P6','PO4','PO8','P10','O2','I2'}
8.00551113499775;2.25489966618529;-0.320669369100623;25.5831111092284;-0.0257538066190826;0.459355945163722;2;2;[0.75 1.25] ;RDK3;center;20;blau;attended;nonprimed;{'P7','P5','P9','PO3','PO7','O1','I1','POz','Oz','Iz','P8','P6','PO4','PO8','P10','O2','I2'}
7.27242726330304;1.19724974211525;-16.9621536861967;-16.4674833530945;-1.48553983981793;-0.236024137535786;2;3;[0.75 1.25] ;RDK1;center;17;grün;attended;nonprimed;{'P7','P5','P9','PO3','PO7','O1','I1','POz','Oz','Iz','P8','P6','PO4','PO8','P10','O2','I2'}
7.79392944525809;1.54568328684811;12.3199156927762;-0.510015831220967;0.854884488550247;-0.00792364128844225;2;3;[0.75 1.25] ;RDK2;center;23;orange;not attended;not attended;{'P7','P5','P9','PO3','PO7','O1','I1','POz','Oz','Iz','P8','P6','PO4','PO8','P10','O2','I2'}
8.68403975672312;3.47469478279217;9.37341709577588;43.3737763592676;0.74423135783338;1.05117294286711;2;3;[0.75 1.25] ;RDK3;center;20;blau;attended;primed;{'P7','P5','P9','PO3','PO7','O1','I1','POz','Oz','Iz','P8','P6','PO4','PO8','P10','O2','I2'}
7.78163909912109;2.56461703291846;-10.8276848298285;40.2557033503375;-0.944879982805899;0.736087446130509;2;1;[1 1.5] ;RDK1;center;17;grün;attended;primed;{'P7','P5','P9','PO3','PO7','O1','I1','POz','Oz','Iz','P8','P6','PO4','PO8','P10','O2','I2'}
8.50361275133504;1.79731497701207;11.1756963325754;31.325763539732;0.854807273295131;0.428722152140885;2;1;[1 1.5] ;RDK2;center;23;orange;attended;nonprimed;{'P7','P5','P9','PO3','PO7','O1','I1','POz','Oz','Iz','P8','P6','PO4','PO8','P10','O2','I2'}
8.85059124743777;3.23755013517934;5.87812588655023;50.8239866842675;0.491365795221803;1.09097504035919;2;1;[1 1.5] ;RDK3;center;20;blau;not attended;not attended;{'P7','P5','P9','PO3','PO7','O1','I1','POz','Oz','Iz','P8','P6','PO4','PO8','P10','O2','I2'}
7.62778150981368;2.57047999849147;-6.29569845537243;175.525433405499;-0.512486742632422;1.63754253180453;2;2;[1 1.5] ;RDK1;center;17;grün;not attended;not attended;{'P7','P5','P9','PO3','PO7','O1','I1','POz','Oz','Iz','P8','P6','PO4','PO8','P10','O2','I2'}
7.93253619206977;2.05119671487161;12.1296185434563;106.845390786404;0.858101894413184;1.05953975453366;2;2;[1 1.5] ;RDK2;center;23;orange;attended;primed;{'P7','P5','P9','PO3','PO7','O1','I1','POz','Oz','Iz','P8','P6','PO4','PO8','P10','O2','I2'}
8.34982141218574;2.82729911035542;3.96645451102218;57.4620031389063;0.318556470568904;1.03175538933385;2;2;[1 1.5] ;RDK3;center;20;blau;attended;nonprimed;{'P7','P5','P9','PO3','PO7','O1','I1','POz','Oz','Iz','P8','P6','PO4','PO8','P10','O2','I2'}
7.63080226889563;1.83692901544441;-12.870165198767;28.1631544064464;-1.12716483422534;0.403655135793384;2;3;[1 1.5] ;RDK1;center;17;grün;attended;nonprimed;{'P7','P5','P9','PO3','PO7','O1','I1','POz','Oz','Iz','P8','P6','PO4','PO8','P10','O2','I2'}
7.9171628736263;2.24533926907977;14.0958579029369;44.5242827137045;0.978117916918449;0.69173234094322;2;3;[1 1.5] ;RDK2;center;23;orange;not attended;not attended;{'P7','P5','P9','PO3','PO7','O1','I1','POz','Oz','Iz','P8','P6','PO4','PO8','P10','O2','I2'}
8.7507976557874;3.6795579599579;10.2142169704129;51.8268950310622;0.810989256897663;1.25603612003283;2;3;[1 1.5] ;RDK3;center;20;blau;attended;primed;{'P7','P5','P9','PO3','PO7','O1','I1','POz','Oz','Iz','P8','P6','PO4','PO8','P10','O2','I2'}
7.6436932615565;1.7461881967961;-12.4084507259381;-4.5031478072221;-1.0828258203705;-0.0823413899918486;2;1;[1.25 1.75] ;RDK1;center;17;grün;attended;primed;{'P7','P5','P9','PO3','PO7','O1','I1','POz','Oz','Iz','P8','P6','PO4','PO8','P10','O2','I2'}
8.42839117395392;1.87277280731439;10.192254178149;36.8392975091519;0.779585695914014;0.504179982443201;2;1;[1.25 1.75] ;RDK2;center;23;orange;attended;nonprimed;{'P7','P5','P9','PO3','PO7','O1','I1','POz','Oz','Iz','P8','P6','PO4','PO8','P10','O2','I2'}
8.73408538723423;2.44046972874063;4.48438598960026;13.6913278566249;0.374859935018272;0.293894633920484;2;1;[1.25 1.75] ;RDK3;center;20;blau;not attended;not attended;{'P7','P5','P9','PO3','PO7','O1','I1','POz','Oz','Iz','P8','P6','PO4','PO8','P10','O2','I2'}
7.32388479569379;1.86402394477598;-10.0289502929709;99.8015956412958;-0.816383456752312;0.931086478089046;2;2;[1.25 1.75] ;RDK1;center;17;grün;not attended;not attended;{'P7','P5','P9','PO3','PO7','O1','I1','POz','Oz','Iz','P8','P6','PO4','PO8','P10','O2','I2'}
7.38497744210705;1.46915849463433;4.38965338265049;48.1518865287496;0.310543144450468;0.477501534296377;2;2;[1.25 1.75] ;RDK2;center;23;orange;attended;primed;{'P7','P5','P9','PO3','PO7','O1','I1','POz','Oz','Iz','P8','P6','PO4','PO8','P10','O2','I2'}
8.62016206844899;2.3359449063491;7.33255758729341;30.0967990364537;0.58889712683216;0.540401185327525;2;2;[1.25 1.75] ;RDK3;center;20;blau;attended;nonprimed;{'P7','P5','P9','PO3','PO7','O1','I1','POz','Oz','Iz','P8','P6','PO4','PO8','P10','O2','I2'}
7.88595017912161;2.12928070579719;-9.95684173886204;48.5606300392231;-0.872016923999356;0.696006826146156;2;3;[1.25 1.75] ;RDK1;center;17;grün;attended;nonprimed;{'P7','P5','P9','PO3','PO7','O1','I1','POz','Oz','Iz','P8','P6','PO4','PO8','P10','O2','I2'}
7.85673451315763;1.44720937008232;13.2250124069692;-6.84842196100723;0.917689556449787;-0.106397558054234;2;3;[1.25 1.75] ;RDK2;center;23;orange;not attended;not attended;{'P7','P5','P9','PO3','PO7','O1','I1','POz','Oz','Iz','P8','P6','PO4','PO8','P10','O2','I2'}
8.14865354391245;3.20993154782515;2.63035497244379;32.4490456386562;0.208845145022707;0.786409707900086;2;3;[1.25 1.75] ;RDK3;center;20;blau;attended;primed;{'P7','P5','P9','PO3','PO7','O1','I1','POz','Oz','Iz','P8','P6','PO4','PO8','P10','O2','I2'}
7.23107487044183;3.47821124936391;0;0;0;0;3;1;[-0.5 0] ;RDK1;center;23;orange;attended;primed;{'P7','P5','P9','PO3','PO7','O1','I1','POz','Oz','Iz','P8','P6','PO4','PO8','P10','O2','I2'}
13.2441214220556;7.71012865175489;0;0;0;0;3;1;[-0.5 0] ;RDK2;center;17;blau;attended;nonprimed;{'P7','P5','P9','PO3','PO7','O1','I1','POz','Oz','Iz','P8','P6','PO4','PO8','P10','O2','I2'}
7.83445667033821;2.21722967268655;0;0;0;0;3;1;[-0.5 0] ;RDK3;center;20;grün;not attended;not attended;{'P7','P5','P9','PO3','PO7','O1','I1','POz','Oz','Iz','P8','P6','PO4','PO8','P10','O2','I2'}
7.4004599152647;3.66330719641431;0;0;0;0;3;2;[-0.5 0] ;RDK1;center;23;orange;not attended;not attended;{'P7','P5','P9','PO3','PO7','O1','I1','POz','Oz','Iz','P8','P6','PO4','PO8','P10','O2','I2'}
12.7623147921325;7.09770495346768;0;0;0;0;3;2;[-0.5 0] ;RDK2;center;17;blau;attended;primed;{'P7','P5','P9','PO3','PO7','O1','I1','POz','Oz','Iz','P8','P6','PO4','PO8','P10','O2','I2'}
7.46540742114658;1.58650018699568;0;0;0;0;3;2;[-0.5 0] ;RDK3;center;20;grün;attended;nonprimed;{'P7','P5','P9','PO3','PO7','O1','I1','POz','Oz','Iz','P8','P6','PO4','PO8','P10','O2','I2'}
7.13047411646778;3.36368442984188;0;0;0;0;3;3;[-0.5 0] ;RDK1;center;23;orange;attended;nonprimed;{'P7','P5','P9','PO3','PO7','O1','I1','POz','Oz','Iz','P8','P6','PO4','PO8','P10','O2','I2'}
13.2915896916282;7.77677166542856;0;0;0;0;3;3;[-0.5 0] ;RDK2;center;17;blau;not attended;not attended;{'P7','P5','P9','PO3','PO7','O1','I1','POz','Oz','Iz','P8','P6','PO4','PO8','P10','O2','I2'}
7.35072953021364;1.66855692445423;0;0;0;0;3;3;[-0.5 0] ;RDK3;center;20;grün;attended;primed;{'P7','P5','P9','PO3','PO7','O1','I1','POz','Oz','Iz','P8','P6','PO4','PO8','P10','O2','I2'}
7.86380958988656;4.89531271018054;8.75021667983451;40.7422482195638;0.632734719444723;1.41710146081663;3;1;[0.25 0.75] ;RDK1;center;23;orange;attended;primed;{'P7','P5','P9','PO3','PO7','O1','I1','POz','Oz','Iz','P8','P6','PO4','PO8','P10','O2','I2'}
10.0178167420814;5.68974989585208;-24.3602771158634;-26.2042158718449;-3.22630467997417;-2.02037875590281;3;1;[0.25 0.75] ;RDK2;center;17;blau;attended;nonprimed;{'P7','P5','P9','PO3','PO7','O1','I1','POz','Oz','Iz','P8','P6','PO4','PO8','P10','O2','I2'}
6.52107945178968;1.67086111319281;-16.7641136305095;-24.6419469405585;-1.31337721854853;-0.546368559493738;3;1;[0.25 0.75] ;RDK3;center;20;grün;not attended;not attended;{'P7','P5','P9','PO3','PO7','O1','I1','POz','Oz','Iz','P8','P6','PO4','PO8','P10','O2','I2'}
6.57406280483056;3.57062198107059;-11.1668344926719;-2.53009672337713;-0.826397110434139;-0.092685215343717;3;2;[0.25 0.75] ;RDK1;center;23;orange;not attended;not attended;{'P7','P5','P9','PO3','PO7','O1','I1','POz','Oz','Iz','P8','P6','PO4','PO8','P10','O2','I2'}
11.2837106911845;7.54179723176482;-11.585704670594;6.25684332060272;-1.47860410094801;0.444092278297131;3;2;[0.25 0.75] ;RDK2;center;17;blau;attended;primed;{'P7','P5','P9','PO3','PO7','O1','I1','POz','Oz','Iz','P8','P6','PO4','PO8','P10','O2','I2'}
6.3469820087312;1.5657285746541;-14.9814383773258;-1.30927260594416;-1.11842541241538;-0.0207716123415873;3;2;[0.25 0.75] ;RDK3;center;20;grün;attended;nonprimed;{'P7','P5','P9','PO3','PO7','O1','I1','POz','Oz','Iz','P8','P6','PO4','PO8','P10','O2','I2'}
6.91920085837938;4.09100247413864;-2.96296227484323;21.6226598977047;-0.211273258088402;0.727318044296757;3;3;[0.25 0.75] ;RDK1;center;23;orange;attended;nonprimed;{'P7','P5','P9','PO3','PO7','O1','I1','POz','Oz','Iz','P8','P6','PO4','PO8','P10','O2','I2'}
10.1277825368476;6.19132708201851;-23.8030756905877;-20.3869246985623;-3.1638071547806;-1.58544458341005;3;3;[0.25 0.75] ;RDK2;center;17;blau;not attended;not attended;{'P7','P5','P9','PO3','PO7','O1','I1','POz','Oz','Iz','P8','P6','PO4','PO8','P10','O2','I2'}
6.95151288045478;2.8937940648778;-5.43097998801306;73.4309463744749;-0.39921664975887;1.22523714042357;3;3;[0.25 0.75] ;RDK3;center;20;grün;attended;primed;{'P7','P5','P9','PO3','PO7','O1','I1','POz','Oz','Iz','P8','P6','PO4','PO8','P10','O2','I2'}
6.99715639347404;3.83645952422155;-3.23490602930926;10.2997848369089;-0.23391847696779;0.358248274857642;3;1;[0.75 1.25] ;RDK1;center;23;orange;attended;primed;{'P7','P5','P9','PO3','PO7','O1','I1','POz','Oz','Iz','P8','P6','PO4','PO8','P10','O2','I2'}
11.2185045842132;7.33057462467867;-15.294459883682;-4.92279758509386;-2.02561683784243;-0.37955402707622;3;1;[0.75 1.25] ;RDK2;center;17;blau;attended;nonprimed;{'P7','P5','P9','PO3','PO7','O1','I1','POz','Oz','Iz','P8','P6','PO4','PO8','P10','O2','I2'}
6.65824310596173;2.4141499222134;-15.0133393274062;8.88136452225334;-1.17621356437649;0.196920249526857;3;1;[0.75 1.25] ;RDK3;center;20;grün;not attended;not attended;{'P7','P5','P9','PO3','PO7','O1','I1','POz','Oz','Iz','P8','P6','PO4','PO8','P10','O2','I2'}
6.77347720909982;3.31723084209731;-8.47221271845043;-9.44710164235585;-0.626982706164882;-0.346076354316996;3;2;[0.75 1.25] ;RDK1;center;23;orange;not attended;not attended;{'P7','P5','P9','PO3','PO7','O1','I1','POz','Oz','Iz','P8','P6','PO4','PO8','P10','O2','I2'}
11.2386827555177;7.31951488520765;-11.9385241739532;3.125093719648;-1.52363203661474;0.221809931739963;3;2;[0.75 1.25] ;RDK2;center;17;blau;attended;primed;{'P7','P5','P9','PO3','PO7','O1','I1','POz','Oz','Iz','P8','P6','PO4','PO8','P10','O2','I2'}
7.30957195014436;3.15121798669051;-2.08743424452366;98.6270164050783;-0.155835471002225;1.56471779969483;3;2;[0.75 1.25] ;RDK3;center;20;grün;attended;nonprimed;{'P7','P5','P9','PO3','PO7','O1','I1','POz','Oz','Iz','P8','P6','PO4','PO8','P10','O2','I2'}
7.51170499723961;4.34974238532701;5.3465011518852;29.314817607057;0.381230880771827;0.986057955485124;3;3;[0.75 1.25] ;RDK1;center;23;orange;attended;nonprimed;{'P7','P5','P9','PO3','PO7','O1','I1','POz','Oz','Iz','P8','P6','PO4','PO8','P10','O2','I2'}
10.0679271598747;6.15072248909808;-24.2534008838982;-20.9090512912838;-3.22366253175347;-1.62604917633048;3;3;[0.75 1.25] ;RDK2;center;17;blau;not attended;not attended;{'P7','P5','P9','PO3','PO7','O1','I1','POz','Oz','Iz','P8','P6','PO4','PO8','P10','O2','I2'}
6.99994173093079;3.00451390876759;-4.77214945592829;80.066611137666;-0.35078779928285;1.33595698431337;3;3;[0.75 1.25] ;RDK3;center;20;grün;attended;primed;{'P7','P5','P9','PO3','PO7','O1','I1','POz','Oz','Iz','P8','P6','PO4','PO8','P10','O2','I2'}
7.32777968574973;4.17226529943997;1.33735049132446;19.9543386044476;0.0967048153078931;0.694054050076062;3;1;[1 1.5] ;RDK1;center;23;orange;attended;primed;{'P7','P5','P9','PO3','PO7','O1','I1','POz','Oz','Iz','P8','P6','PO4','PO8','P10','O2','I2'}
11.7576175102821;7.98734304160554;-11.2238771029239;3.59545738303024;-1.48650391177354;0.277214389850651;3;1;[1 1.5] ;RDK2;center;17;blau;attended;nonprimed;{'P7','P5','P9','PO3','PO7','O1','I1','POz','Oz','Iz','P8','P6','PO4','PO8','P10','O2','I2'}
7.92025055604822;4.30857046076615;1.09508405394383;94.3222442781758;0.0857938857100127;2.0913407880796;3;1;[1 1.5] ;RDK3;center;20;grün;not attended;not attended;{'P7','P5','P9','PO3','PO7','O1','I1','POz','Oz','Iz','P8','P6','PO4','PO8','P10','O2','I2'}
7.16798827443188;4.04065255795466;-3.14131342503878;10.3006748085366;-0.232471640832824;0.377345361540355;3;2;[1 1.5] ;RDK1;center;23;orange;not attended;not attended;{'P7','P5','P9','PO3','PO7','O1','I1','POz','Oz','Iz','P8','P6','PO4','PO8','P10','O2','I2'}
11.2212977323057;7.00637780810913;-12.0747457254128;-1.28671374701109;-1.54101705982674;-0.091327145358556;3;2;[1 1.5] ;RDK2;center;17;blau;attended;primed;{'P7','P5','P9','PO3','PO7','O1','I1','POz','Oz','Iz','P8','P6','PO4','PO8','P10','O2','I2'}
8.45196099734414;4.80305841956203;13.2149998056776;202.745531260067;0.986553576197561;3.21655823256635;3;2;[1 1.5] ;RDK3;center;20;grün;attended;nonprimed;{'P7','P5','P9','PO3','PO7','O1','I1','POz','Oz','Iz','P8','P6','PO4','PO8','P10','O2','I2'}
8.07606344093564;5.05177850138008;13.2612405433747;50.1858633515615;0.945589324467862;1.6880940715382;3;3;[1 1.5] ;RDK1;center;23;orange;attended;nonprimed;{'P7','P5','P9','PO3','PO7','O1','I1','POz','Oz','Iz','P8','P6','PO4','PO8','P10','O2','I2'}
10.6955177298498;6.65597221673344;-19.5316890004021;-14.4121429420077;-2.59607196177832;-1.12079944869512;3;3;[1 1.5] ;RDK2;center;17;blau;not attended;not attended;{'P7','P5','P9','PO3','PO7','O1','I1','POz','Oz','Iz','P8','P6','PO4','PO8','P10','O2','I2'}
7.94294623336102;4.1934539451858;8.05657044941168;151.322198465446;0.592216703147371;2.52489702073158;3;3;[1 1.5] ;RDK3;center;20;grün;attended;primed;{'P7','P5','P9','PO3','PO7','O1','I1','POz','Oz','Iz','P8','P6','PO4','PO8','P10','O2','I2'}
7.22261326992674;3.86624530348843;-0.117017188546698;11.1561382074042;-0.0084616005150977;0.388034054124518;3;1;[1.25 1.75] ;RDK1;center;23;orange;attended;primed;{'P7','P5','P9','PO3','PO7','O1','I1','POz','Oz','Iz','P8','P6','PO4','PO8','P10','O2','I2'}
11.9759010448715;7.76483668838691;-9.57572296998247;0.709560619582761;-1.26822037718415;0.0547080366320198;3;1;[1.25 1.75] ;RDK2;center;17;blau;attended;nonprimed;{'P7','P5','P9','PO3','PO7','O1','I1','POz','Oz','Iz','P8','P6','PO4','PO8','P10','O2','I2'}
6.76965215734767;1.54040571487597;-13.5913000453748;-30.5256584894288;-1.06480451299055;-0.676823957810575;3;1;[1.25 1.75] ;RDK3;center;20;grün;not attended;not attended;{'P7','P5','P9','PO3','PO7','O1','I1','POz','Oz','Iz','P8','P6','PO4','PO8','P10','O2','I2'}
7.12149084099817;3.97831728970168;-3.76961807050813;8.59906298864892;-0.278969074266529;0.315010093287375;3;2;[1.25 1.75] ;RDK1;center;23;orange;not attended;not attended;{'P7','P5','P9','PO3','PO7','O1','I1','POz','Oz','Iz','P8','P6','PO4','PO8','P10','O2','I2'}
10.7262189701132;6.24533222757314;-15.9539695986378;-12.0091315641137;-2.03609582201928;-0.852372725894548;3;2;[1.25 1.75] ;RDK2;center;17;blau;attended;primed;{'P7','P5','P9','PO3','PO7','O1','I1','POz','Oz','Iz','P8','P6','PO4','PO8','P10','O2','I2'}
7.01282066888939;2.65471017279776;-6.06245214394051;67.3312234412603;-0.452586752257195;1.06820998580208;3;2;[1.25 1.75] ;RDK3;center;20;grün;attended;nonprimed;{'P7','P5','P9','PO3','PO7','O1','I1','POz','Oz','Iz','P8','P6','PO4','PO8','P10','O2','I2'}
7.85703328723821;4.51878138243882;10.1894931375243;34.3402294920763;0.726559170770429;1.15509695259694;3;3;[1.25 1.75] ;RDK1;center;23;orange;attended;nonprimed;{'P7','P5','P9','PO3','PO7','O1','I1','POz','Oz','Iz','P8','P6','PO4','PO8','P10','O2','I2'}
10.9141203245966;6.21420737602053;-17.8870204557177;-20.0927114313305;-2.3774693670316;-1.56256428940803;3;3;[1.25 1.75] ;RDK2;center;17;blau;not attended;not attended;{'P7','P5','P9','PO3','PO7','O1','I1','POz','Oz','Iz','P8','P6','PO4','PO8','P10','O2','I2'}
6.89580532652221;1.55530581775024;-6.18883067077312;-6.78736847656704;-0.454924203691439;-0.113251106703983;3;3;[1.25 1.75] ;RDK3;center;20;grün;attended;primed;{'P7','P5','P9','PO3','PO7','O1','I1','POz','Oz','Iz','P8','P6','PO4','PO8','P10','O2','I2'}
7.11812508268054;2.20957395859164;0;0;0;0;4;1;[-0.5 0] ;RDK1;center;17;grün;attended;primed;{'P7','P5','P9','PO3','PO7','O1','I1','POz','Oz','Iz','P8','P6','PO4','PO8','P10','O2','I2'}
7.49493053488063;3.87903886278291;0;0;0;0;4;1;[-0.5 0] ;RDK2;center;20;orange;attended;nonprimed;{'P7','P5','P9','PO3','PO7','O1','I1','POz','Oz','Iz','P8','P6','PO4','PO8','P10','O2','I2'}
5.45811632208155;1.25717395771615;0;0;0;0;4;1;[-0.5 0] ;RDK3;center;23;blau;not attended;not attended;{'P7','P5','P9','PO3','PO7','O1','I1','POz','Oz','Iz','P8','P6','PO4','PO8','P10','O2','I2'}
7.04476165987248;2.55369067165107;0;0;0;0;4;2;[-0.5 0] ;RDK1;center;17;grün;not attended;not attended;{'P7','P5','P9','PO3','PO7','O1','I1','POz','Oz','Iz','P8','P6','PO4','PO8','P10','O2','I2'}
7.65172354452211;4.12739210781469;0;0;0;0;4;2;[-0.5 0] ;RDK2;center;20;orange;attended;primed;{'P7','P5','P9','PO3','PO7','O1','I1','POz','Oz','Iz','P8','P6','PO4','PO8','P10','O2','I2'}
5.52125792373899;1.29021056889813;0;0;0;0;4;2;[-0.5 0] ;RDK3;center;23;blau;attended;nonprimed;{'P7','P5','P9','PO3','PO7','O1','I1','POz','Oz','Iz','P8','P6','PO4','PO8','P10','O2','I2'}
6.90776119189025;2.32974017987963;0;0;0;0;4;3;[-0.5 0] ;RDK1;center;17;grün;attended;nonprimed;{'P7','P5','P9','PO3','PO7','O1','I1','POz','Oz','Iz','P8','P6','PO4','PO8','P10','O2','I2'}
7.43951037350823;4.08650125745195;0;0;0;0;4;3;[-0.5 0] ;RDK2;center;20;orange;not attended;not attended;{'P7','P5','P9','PO3','PO7','O1','I1','POz','Oz','Iz','P8','P6','PO4','PO8','P10','O2','I2'}
5.49877283368175;1.39825385276279;0;0;0;0;4;3;[-0.5 0] ;RDK3;center;23;blau;attended;primed;{'P7','P5','P9','PO3','PO7','O1','I1','POz','Oz','Iz','P8','P6','PO4','PO8','P10','O2','I2'}
7.95715268165278;4.45718196968282;11.7871994271878;101.721329686732;0.839027598972234;2.24760801109119;4;1;[0.25 0.75] ;RDK1;center;17;grün;attended;primed;{'P7','P5','P9','PO3','PO7','O1','I1','POz','Oz','Iz','P8','P6','PO4','PO8','P10','O2','I2'}
7.58545503141653;4.20624088553282;1.2078096803515;8.4351313385701;0.0905244965359095;0.327202022749914;4;1;[0.25 0.75] ;RDK2;center;20;orange;attended;nonprimed;{'P7','P5','P9','PO3','PO7','O1','I1','POz','Oz','Iz','P8','P6','PO4','PO8','P10','O2','I2'}
5.66366012171922;1.49209698185122;3.76583765366294;18.6865964485811;0.205543799637669;0.234923024135073;4;1;[0.25 0.75] ;RDK3;center;23;blau;not attended;not attended;{'P7','P5','P9','PO3','PO7','O1','I1','POz','Oz','Iz','P8','P6','PO4','PO8','P10','O2','I2'}
7.34020136276521;3.35795648780344;4.19375015304753;31.4942535946365;0.295439702892735;0.804265816152366;4;2;[0.25 0.75] ;RDK1;center;17;grün;not attended;not attended;{'P7','P5','P9','PO3','PO7','O1','I1','POz','Oz','Iz','P8','P6','PO4','PO8','P10','O2','I2'}
7.64832142143767;4.48532401861379;-0.0444621798558198;8.67210823322073;-0.00340212308443544;0.3579319107991;4;2;[0.25 0.75] ;RDK2;center;20;orange;attended;primed;{'P7','P5','P9','PO3','PO7','O1','I1','POz','Oz','Iz','P8','P6','PO4','PO8','P10','O2','I2'}
5.57401840395517;1.87549004943123;0.955588037090949;45.3630976711758;0.0527604802161861;0.585279480533093;4;2;[0.25 0.75] ;RDK3;center;23;blau;attended;nonprimed;{'P7','P5','P9','PO3','PO7','O1','I1','POz','Oz','Iz','P8','P6','PO4','PO8','P10','O2','I2'}
7.21294359491961;3.70630486275815;4.41796400529373;59.0866181030385;0.30518240302936;1.37656468287852;4;3;[0.25 0.75] ;RDK1;center;17;grün;attended;nonprimed;{'P7','P5','P9','PO3','PO7','O1','I1','POz','Oz','Iz','P8','P6','PO4','PO8','P10','O2','I2'}
7.22784850931815;4.06693494144608;-2.84510476581629;-0.478803621317636;-0.21166186419008;-0.0195663160058706;4;3;[0.25 0.75] ;RDK2;center;20;orange;not attended;not attended;{'P7','P5','P9','PO3','PO7','O1','I1','POz','Oz','Iz','P8','P6','PO4','PO8','P10','O2','I2'}
5.58344278076655;2.18599636778573;1.53979714466776;56.3375894489009;0.084669947084798;0.787742515022938;4;3;[0.25 0.75] ;RDK3;center;23;blau;attended;primed;{'P7','P5','P9','PO3','PO7','O1','I1','POz','Oz','Iz','P8','P6','PO4','PO8','P10','O2','I2'}
6.53683120632603;2.50726068845836;-8.16639030085163;13.4725850071326;-0.581293876354511;0.297686729866725;4;1;[0.75 1.25] ;RDK1;center;17;grün;attended;primed;{'P7','P5','P9','PO3','PO7','O1','I1','POz','Oz','Iz','P8','P6','PO4','PO8','P10','O2','I2'}
7.60955031856692;4.46911163176347;1.52929747851389;15.2118292663155;0.114619783686297;0.590072768980562;4;1;[0.75 1.25] ;RDK2;center;20;orange;attended;nonprimed;{'P7','P5','P9','PO3','PO7','O1','I1','POz','Oz','Iz','P8','P6','PO4','PO8','P10','O2','I2'}
6.0238854485939;2.28070785152427;10.3656480207915;81.41545468119;0.565769126512346;1.02353389380812;4;1;[0.75 1.25] ;RDK3;center;23;blau;not attended;not attended;{'P7','P5','P9','PO3','PO7','O1','I1','POz','Oz','Iz','P8','P6','PO4','PO8','P10','O2','I2'}
6.05015444431909;2.08984012139868;-14.1183941142927;-18.1639285995625;-0.994607215553387;-0.463850550252388;4;2;[0.75 1.25] ;RDK1;center;17;grün;not attended;not attended;{'P7','P5','P9','PO3','PO7','O1','I1','POz','Oz','Iz','P8','P6','PO4','PO8','P10','O2','I2'}
7.07484200853028;3.87094584390588;-7.53923652148693;-6.21327601570136;-0.576881535991824;-0.256446263908801;4;2;[0.75 1.25] ;RDK2;center;20;orange;attended;primed;{'P7','P5','P9','PO3','PO7','O1','I1','POz','Oz','Iz','P8','P6','PO4','PO8','P10','O2','I2'}
6.04245480261237;2.88446329722847;9.43982125219087;123.565313039705;0.521196878873385;1.59425272833033;4;2;[0.75 1.25] ;RDK3;center;23;blau;attended;nonprimed;{'P7','P5','P9','PO3','PO7','O1','I1','POz','Oz','Iz','P8','P6','PO4','PO8','P10','O2','I2'}
6.79088379355038;3.433349628524;-1.69197219031089;47.3704947090447;-0.116877398339871;1.10360944864437;4;3;[0.75 1.25] ;RDK1;center;17;grün;attended;nonprimed;{'P7','P5','P9','PO3','PO7','O1','I1','POz','Oz','Iz','P8','P6','PO4','PO8','P10','O2','I2'}
6.71167833664838;3.35422805180916;-9.78333250870416;-17.9193192295597;-0.727832036859849;-0.732273205642787;4;3;[0.75 1.25] ;RDK2;center;20;orange;not attended;not attended;{'P7','P5','P9','PO3','PO7','O1','I1','POz','Oz','Iz','P8','P6','PO4','PO8','P10','O2','I2'}
5.6715182082146;2.09355666768227;3.14152593238124;49.726508069021;0.172745374532846;0.695302814919484;4;3;[0.75 1.25] ;RDK3;center;23;blau;attended;primed;{'P7','P5','P9','PO3','PO7','O1','I1','POz','Oz','Iz','P8','P6','PO4','PO8','P10','O2','I2'}
7.35512994317447;4.05227365901028;3.32959673707618;83.3961539623304;0.237004860493932;1.84269970041864;4;1;[1 1.5] ;RDK1;center;17;grün;attended;primed;{'P7','P5','P9','PO3','PO7','O1','I1','POz','Oz','Iz','P8','P6','PO4','PO8','P10','O2','I2'}
8.25464342945841;5.32499826089289;10.1363567152779;37.2762287066293;0.759712894577786;1.44595939810999;4;1;[1 1.5] ;RDK2;center;20;orange;attended;nonprimed;{'P7','P5','P9','PO3','PO7','O1','I1','POz','Oz','Iz','P8','P6','PO4','PO8','P10','O2','I2'}
5.96883648121519;2.19965275690566;9.35707722218098;74.9680498394724;0.510720159133635;0.942478799189512;4;1;[1 1.5] ;RDK3;center;23;blau;not attended;not attended;{'P7','P5','P9','PO3','PO7','O1','I1','POz','Oz','Iz','P8','P6','PO4','PO8','P10','O2','I2'}
6.72425816177782;3.17215294630279;-4.54952933213152;24.2183707493382;-0.320503498094654;0.618462274651721;4;2;[1 1.5] ;RDK1;center;17;grün;not attended;not attended;{'P7','P5','P9','PO3','PO7','O1','I1','POz','Oz','Iz','P8','P6','PO4','PO8','P10','O2','I2'}
7.71791446262895;4.91139738079649;0.865045864787217;18.9951730415289;0.0661909181068383;0.784005272981807;4;2;[1 1.5] ;RDK2;center;20;orange;attended;primed;{'P7','P5','P9','PO3','PO7','O1','I1','POz','Oz','Iz','P8','P6','PO4','PO8','P10','O2','I2'}
6.27210311328664;2.84265904270146;13.5991688835861;120.325202042729;0.750845189547647;1.55244847380333;4;2;[1 1.5] ;RDK3;center;23;blau;attended;nonprimed;{'P7','P5','P9','PO3','PO7','O1','I1','POz','Oz','Iz','P8','P6','PO4','PO8','P10','O2','I2'}
7.33689734083495;4.2817119703843;6.21237673138597;83.7849562523114;0.4291361489447;1.95197179050467;4;3;[1 1.5] ;RDK1;center;17;grün;attended;nonprimed;{'P7','P5','P9','PO3','PO7','O1','I1','POz','Oz','Iz','P8','P6','PO4','PO8','P10','O2','I2'}
7.4706796369941;4.543107526065;0.418969285893622;11.1735257093192;0.0311692634858698;0.456606268613047;4;3;[1 1.5] ;RDK2;center;20;orange;not attended;not attended;{'P7','P5','P9','PO3','PO7','O1','I1','POz','Oz','Iz','P8','P6','PO4','PO8','P10','O2','I2'}
5.7532955327185;1.99337099735284;4.62871820195436;42.5614521579302;0.254522699036749;0.59511714459005;4;3;[1 1.5] ;RDK3;center;23;blau;attended;primed;{'P7','P5','P9','PO3','PO7','O1','I1','POz','Oz','Iz','P8','P6','PO4','PO8','P10','O2','I2'}
7.20782584194684;3.84519524056448;1.26017396750377;74.0242830801358;0.0897007592662966;1.63562128197284;4;1;[1.25 1.75] ;RDK1;center;17;grün;attended;primed;{'P7','P5','P9','PO3','PO7','O1','I1','POz','Oz','Iz','P8','P6','PO4','PO8','P10','O2','I2'}
7.71289755316342;4.90535668118507;2.90819264125792;26.458044240007;0.217967018282791;1.02631781840216;4;1;[1.25 1.75] ;RDK2;center;20;orange;attended;nonprimed;{'P7','P5','P9','PO3','PO7','O1','I1','POz','Oz','Iz','P8','P6','PO4','PO8','P10','O2','I2'}
5.48803970285131;1.10824207010852;0.548236406188263;-11.8465616228793;0.0299233807697554;-0.148931887607634;4;1;[1.25 1.75] ;RDK3;center;23;blau;not attended;not attended;{'P7','P5','P9','PO3','PO7','O1','I1','POz','Oz','Iz','P8','P6','PO4','PO8','P10','O2','I2'}
6.58467384485098;3.1434826527246;-6.53092094857082;23.0956704201061;-0.460087815021497;0.589791981073526;4;2;[1.25 1.75] ;RDK1;center;17;grün;not attended;not attended;{'P7','P5','P9','PO3','PO7','O1','I1','POz','Oz','Iz','P8','P6','PO4','PO8','P10','O2','I2'}
7.37967770563531;4.386384997972;-3.55535373571558;6.27497662911505;-0.272045838886796;0.258992890157311;4;2;[1.25 1.75] ;RDK2;center;20;orange;attended;primed;{'P7','P5','P9','PO3','PO7','O1','I1','POz','Oz','Iz','P8','P6','PO4','PO8','P10','O2','I2'}
5.67329346540287;1.49080521974089;2.75363954670902;15.5474350992232;0.152035541663882;0.200594650842755;4;2;[1.25 1.75] ;RDK3;center;23;blau;attended;nonprimed;{'P7','P5','P9','PO3','PO7','O1','I1','POz','Oz','Iz','P8','P6','PO4','PO8','P10','O2','I2'}
7.22252087355739;4.11642737396702;4.55660919541729;76.690405630541;0.314759681667138;1.78668719408739;4;3;[1.25 1.75] ;RDK1;center;17;grün;attended;nonprimed;{'P7','P5','P9','PO3','PO7','O1','I1','POz','Oz','Iz','P8','P6','PO4','PO8','P10','O2','I2'}
7.36637081387895;4.36916216304399;-0.983123296523969;6.9169416032014;-0.0731395596292765;0.282660905592042;4;3;[1.25 1.75] ;RDK2;center;20;orange;not attended;not attended;{'P7','P5','P9','PO3','PO7','O1','I1','POz','Oz','Iz','P8','P6','PO4','PO8','P10','O2','I2'}
5.50642376248114;1.22112366995391;0.139138841170494;-12.6679559980394;0.00765092879938312;-0.17713018280888;4;3;[1.25 1.75] ;RDK3;center;23;blau;attended;primed;{'P7','P5','P9','PO3','PO7','O1','I1','POz','Oz','Iz','P8','P6','PO4','PO8','P10','O2','I2'}
4.93797778220198;0.482783124141071;0;0;0;0;5;1;[-0.5 0] ;RDK1;center;20;blau;attended;primed;{'P7','P5','P9','PO3','PO7','O1','I1','POz','Oz','Iz','P8','P6','PO4','PO8','P10','O2','I2'}
4.9706611395961;0.655715278303461;0;0;0;0;5;1;[-0.5 0] ;RDK2;center;17;grün;attended;nonprimed;{'P7','P5','P9','PO3','PO7','O1','I1','POz','Oz','Iz','P8','P6','PO4','PO8','P10','O2','I2'}
4.92697031034064;0.749063212542512;0;0;0;0;5;1;[-0.5 0] ;RDK3;center;23;orange;not attended;not attended;{'P7','P5','P9','PO3','PO7','O1','I1','POz','Oz','Iz','P8','P6','PO4','PO8','P10','O2','I2'}
5.16492253838621;0.510076424840214;0;0;0;0;5;2;[-0.5 0] ;RDK1;center;20;blau;not attended;not attended;{'P7','P5','P9','PO3','PO7','O1','I1','POz','Oz','Iz','P8','P6','PO4','PO8','P10','O2','I2'}
4.87410588286042;0.570668970769887;0;0;0;0;5;2;[-0.5 0] ;RDK2;center;17;grün;attended;primed;{'P7','P5','P9','PO3','PO7','O1','I1','POz','Oz','Iz','P8','P6','PO4','PO8','P10','O2','I2'}
4.69277859597185;0.283225096458763;0;0;0;0;5;2;[-0.5 0] ;RDK3;center;23;orange;attended;nonprimed;{'P7','P5','P9','PO3','PO7','O1','I1','POz','Oz','Iz','P8','P6','PO4','PO8','P10','O2','I2'}
4.77981556918287;0.387707800052352;0;0;0;0;5;3;[-0.5 0] ;RDK1;center;20;blau;attended;nonprimed;{'P7','P5','P9','PO3','PO7','O1','I1','POz','Oz','Iz','P8','P6','PO4','PO8','P10','O2','I2'}
4.5926441369553;0.648844473165085;0;0;0;0;5;3;[-0.5 0] ;RDK2;center;17;grün;not attended;not attended;{'P7','P5','P9','PO3','PO7','O1','I1','POz','Oz','Iz','P8','P6','PO4','PO8','P10','O2','I2'}
4.67390007670649;0.536462855689666;0;0;0;0;5;3;[-0.5 0] ;RDK3;center;23;orange;attended;primed;{'P7','P5','P9','PO3','PO7','O1','I1','POz','Oz','Iz','P8','P6','PO4','PO8','P10','O2','I2'}
5.13595415779908;0.812280678708629;4.0092601532284;68.249600719531;0.197976375597095;0.329497554567558;5;1;[0.25 0.75] ;RDK1;center;20;blau;attended;primed;{'P7','P5','P9','PO3','PO7','O1','I1','POz','Oz','Iz','P8','P6','PO4','PO8','P10','O2','I2'}
4.83562889573801;0.578841201320493;-2.71658517983521;-11.7236976972483;-0.135032243858095;-0.0768740769829684;5;1;[0.25 0.75] ;RDK2;center;17;grün;attended;nonprimed;{'P7','P5','P9','PO3','PO7','O1','I1','POz','Oz','Iz','P8','P6','PO4','PO8','P10','O2','I2'}
5.00050600621495;0.317248755585554;1.49251347668928;-57.6472652409761;0.0735356958743143;-0.431814456956958;5;1;[0.25 0.75] ;RDK3;center;23;orange;not attended;not attended;{'P7','P5','P9','PO3','PO7','O1','I1','POz','Oz','Iz','P8','P6','PO4','PO8','P10','O2','I2'}
5.36097622780778;0.402872850992022;3.79586892086923;-21.0171591211601;0.196053689421572;-0.107203573848192;5;2;[0.25 0.75] ;RDK1;center;20;blau;not attended;not attended;{'P7','P5','P9','PO3','PO7','O1','I1','POz','Oz','Iz','P8','P6','PO4','PO8','P10','O2','I2'}
4.71676838667684;0.617409425522138;-3.2280278673643;8.19046717910625;-0.157337496183577;0.046740454752251;5;2;[0.25 0.75] ;RDK2;center;17;grün;attended;primed;{'P7','P5','P9','PO3','PO7','O1','I1','POz','Oz','Iz','P8','P6','PO4','PO8','P10','O2','I2'}
5.06528562334328;0.479023012336832;7.93787773604291;69.131555898888;0.372507027371436;0.195797915878069;5;2;[0.25 0.75] ;RDK3;center;23;orange;attended;nonprimed;{'P7','P5','P9','PO3','PO7','O1','I1','POz','Oz','Iz','P8','P6','PO4','PO8','P10','O2','I2'}
5.04483684695145;0.43537449681651;5.54459212772276;12.2944900148311;0.26502127776858;0.0476666967641579;5;3;[0.25 0.75] ;RDK1;center;20;blau;attended;nonprimed;{'P7','P5','P9','PO3','PO7','O1','I1','POz','Oz','Iz','P8','P6','PO4','PO8','P10','O2','I2'}
4.80280983717733;0.576938533405373;4.57613727418824;-11.0821533870748;0.210165700222032;-0.0719059397597118;5;3;[0.25 0.75] ;RDK2;center;17;grün;not attended;not attended;{'P7','P5','P9','PO3','PO7','O1','I1','POz','Oz','Iz','P8','P6','PO4','PO8','P10','O2','I2'}
4.8263529393468;0.445210427854935;3.26179122656254;-17.0100179102649;0.152452862640311;-0.0912524278347309;5;3;[0.25 0.75] ;RDK3;center;23;orange;attended;primed;{'P7','P5','P9','PO3','PO7','O1','I1','POz','Oz','Iz','P8','P6','PO4','PO8','P10','O2','I2'}
5.37123428426717;0.475739880283764;8.77396620994886;-1.45888360738331;0.433256502065184;-0.00704324385730709;5;1;[0.75 1.25] ;RDK1;center;20;blau;attended;primed;{'P7','P5','P9','PO3','PO7','O1','I1','POz','Oz','Iz','P8','P6','PO4','PO8','P10','O2','I2'}
4.87175868862894;0.612995528055532;-1.98972426785051;-6.5149847291127;-0.0989024509671586;-0.0427197502479294;5;1;[0.75 1.25] ;RDK2;center;17;grün;attended;nonprimed;{'P7','P5','P9','PO3','PO7','O1','I1','POz','Oz','Iz','P8','P6','PO4','PO8','P10','O2','I2'}
5.06556115646708;0.354879358336667;2.81290199446838;-52.623576702944;0.138590846126436;-0.394183854205846;5;1;[0.75 1.25] ;RDK3;center;23;orange;not attended;not attended;{'P7','P5','P9','PO3','PO7','O1','I1','POz','Oz','Iz','P8','P6','PO4','PO8','P10','O2','I2'}
5.07253252111409;0.517586353272874;-1.7887977328889;1.47231435662067;-0.0923900172721206;0.00750992843265996;5;2;[0.75 1.25] ;RDK1;center;20;blau;not attended;not attended;{'P7','P5','P9','PO3','PO7','O1','I1','POz','Oz','Iz','P8','P6','PO4','PO8','P10','O2','I2'}
4.65552800489227;0.559354479192878;-4.48447126962844;-1.98267159361125;-0.218577877968145;-0.0113144915770083;5;2;[0.75 1.25] ;RDK2;center;17;grün;attended;primed;{'P7','P5','P9','PO3','PO7','O1','I1','POz','Oz','Iz','P8','P6','PO4','PO8','P10','O2','I2'}
4.95704039513256;0.426629140425254;5.63124370255921;50.6325342490864;0.264261799160711;0.143404043966491;5;2;[0.75 1.25] ;RDK3;center;23;orange;attended;nonprimed;{'P7','P5','P9','PO3','PO7','O1','I1','POz','Oz','Iz','P8','P6','PO4','PO8','P10','O2','I2'}
5.16138108823094;0.46936914675376;7.98285024861971;21.0626009304897;0.381565519048078;0.0816613467014079;5;3;[0.75 1.25] ;RDK1;center;20;blau;attended;nonprimed;{'P7','P5','P9','PO3','PO7','O1','I1','POz','Oz','Iz','P8','P6','PO4','PO8','P10','O2','I2'}
4.78270353666797;0.446356349839614;4.1383437088744;-31.2074975899428;0.190059399712679;-0.202488123325471;5;3;[0.75 1.25] ;RDK2;center;17;grün;not attended;not attended;{'P7','P5','P9','PO3','PO7','O1','I1','POz','Oz','Iz','P8','P6','PO4','PO8','P10','O2','I2'}
5.17533316655396;0.61126079882297;10.7283656393617;13.9428000168149;0.501433089847478;0.0747979431333046;5;3;[0.75 1.25] ;RDK3;center;23;orange;attended;primed;{'P7','P5','P9','PO3','PO7','O1','I1','POz','Oz','Iz','P8','P6','PO4','PO8','P10','O2','I2'}
5.04979303196005;0.5429953340087;2.26439353698769;12.4718961489705;0.111815249758069;0.0602122098676295;5;1;[1 1.5] ;RDK1;center;20;blau;attended;primed;{'P7','P5','P9','PO3','PO7','O1','I1','POz','Oz','Iz','P8','P6','PO4','PO8','P10','O2','I2'}
4.6170222770035;0.611574257188793;-7.11452365512362;-6.73173594930946;-0.353638862592602;-0.0441410211146687;5;1;[1 1.5] ;RDK2;center;17;grün;attended;nonprimed;{'P7','P5','P9','PO3','PO7','O1','I1','POz','Oz','Iz','P8','P6','PO4','PO8','P10','O2','I2'}
5.01987009134767;0.565745521994198;1.88553563661744;-24.472926647417;0.0928997810070333;-0.183317690548314;5;1;[1 1.5] ;RDK3;center;23;orange;not attended;not attended;{'P7','P5','P9','PO3','PO7','O1','I1','POz','Oz','Iz','P8','P6','PO4','PO8','P10','O2','I2'}
5.12518666772281;0.575286975905839;-0.769341076619756;12.7844667759449;-0.0397358706633968;0.0652105510656246;5;2;[1 1.5] ;RDK1;center;20;blau;not attended;not attended;{'P7','P5','P9','PO3','PO7','O1','I1','POz','Oz','Iz','P8','P6','PO4','PO8','P10','O2','I2'}
4.60240096959593;0.493018139676271;-5.57445652175765;-13.6069832198616;-0.271704913264486;-0.0776508310936155;5;2;[1 1.5] ;RDK2;center;17;grün;attended;primed;{'P7','P5','P9','PO3','PO7','O1','I1','POz','Oz','Iz','P8','P6','PO4','PO8','P10','O2','I2'}
5.1402822835413;0.537255062034767;9.53600683300047;89.6918983353545;0.447503687569458;0.254029965576004;5;2;[1 1.5] ;RDK3;center;23;orange;attended;nonprimed;{'P7','P5','P9','PO3','PO7','O1','I1','POz','Oz','Iz','P8','P6','PO4','PO8','P10','O2','I2'}
5.20904909539546;0.607326785195197;8.98012737102274;56.6454905248722;0.429233526212597;0.219618985142845;5;3;[1 1.5] ;RDK1;center;20;blau;attended;nonprimed;{'P7','P5','P9','PO3','PO7','O1','I1','POz','Oz','Iz','P8','P6','PO4','PO8','P10','O2','I2'}
4.72749256764062;0.531179556210117;2.93618287557387;-18.1345332851484;0.134848430685328;-0.117664916954968;5;3;[1 1.5] ;RDK2;center;17;grün;not attended;not attended;{'P7','P5','P9','PO3','PO7','O1','I1','POz','Oz','Iz','P8','P6','PO4','PO8','P10','O2','I2'}
5.16395269907438;0.935415142936404;10.4848758921952;74.3671780842783;0.490052622367893;0.398952287246739;5;3;[1 1.5] ;RDK3;center;23;orange;attended;primed;{'P7','P5','P9','PO3','PO7','O1','I1','POz','Oz','Iz','P8','P6','PO4','PO8','P10','O2','I2'}
4.97377433388481;0.524795656324242;0.724923303864444;8.70215425568506;0.0357965516828305;0.0420125321831715;5;1;[1.25 1.75] ;RDK1;center;20;blau;attended;primed;{'P7','P5','P9','PO3','PO7','O1','I1','POz','Oz','Iz','P8','P6','PO4','PO8','P10','O2','I2'}
4.81321281005894;0.556424610957301;-3.16755307021304;-15.1423446473683;-0.157448329537162;-0.0992906673461603;5;1;[1.25 1.75] ;RDK2;center;17;grün;attended;nonprimed;{'P7','P5','P9','PO3','PO7','O1','I1','POz','Oz','Iz','P8','P6','PO4','PO8','P10','O2','I2'}
5.05625964613522;0.714667501223033;2.62411436746897;-4.59183026793307;0.129289335794579;-0.0343957113194789;5;1;[1.25 1.75] ;RDK3;center;23;orange;not attended;not attended;{'P7','P5','P9','PO3','PO7','O1','I1','POz','Oz','Iz','P8','P6','PO4','PO8','P10','O2','I2'}
5.16593117843386;0.538431825748396;0.0195286577902243;5.55904949284114;0.00100864004765189;0.0283554009081821;5;2;[1.25 1.75] ;RDK1;center;20;blau;not attended;not attended;{'P7','P5','P9','PO3','PO7','O1','I1','POz','Oz','Iz','P8','P6','PO4','PO8','P10','O2','I2'}
4.66410515966459;0.515651641657989;-4.3084973581368;-9.64084818518764;-0.210000723195831;-0.0550173291118976;5;2;[1.25 1.75] ;RDK2;center;17;grün;attended;primed;{'P7','P5','P9','PO3','PO7','O1','I1','POz','Oz','Iz','P8','P6','PO4','PO8','P10','O2','I2'}
5.01379252127393;0.587962604890582;6.84059387710367;107.595517573136;0.321013925302082;0.304737508431819;5;2;[1.25 1.75] ;RDK3;center;23;orange;attended;nonprimed;{'P7','P5','P9','PO3','PO7','O1','I1','POz','Oz','Iz','P8','P6','PO4','PO8','P10','O2','I2'}
5.07155386894537;0.447552245497973;6.1035472088806;15.4354504700551;0.291738299762502;0.0598444454456212;5;3;[1.25 1.75] ;RDK1;center;20;blau;attended;nonprimed;{'P7','P5','P9','PO3','PO7','O1','I1','POz','Oz','Iz','P8','P6','PO4','PO8','P10','O2','I2'}
4.68356882069445;0.538488089085906;1.97978944215425;-17.008141186879;0.0909246837391571;-0.110356384079179;5;3;[1.25 1.75] ;RDK2;center;17;grün;not attended;not attended;{'P7','P5','P9','PO3','PO7','O1','I1','POz','Oz','Iz','P8','P6','PO4','PO8','P10','O2','I2'}
4.89771952780124;0.762850691223037;4.7887085179722;42.2000951477491;0.223819451094752;0.226387835533371;5;3;[1.25 1.75] ;RDK3;center;23;orange;attended;primed;{'P7','P5','P9','PO3','PO7','O1','I1','POz','Oz','Iz','P8','P6','PO4','PO8','P10','O2','I2'}
9.02696856114659;1.03181007099907;0;0;0;0;6;1;[-0.5 0] ;RDK1;center;23;grün;attended;primed;{'P7','P5','P9','PO3','PO7','O1','I1','POz','Oz','Iz','P8','P6','PO4','PO8','P10','O2','I2'}
9.92427287598001;4.0600453011051;0;0;0;0;6;1;[-0.5 0] ;RDK2;center;17;orange;attended;nonprimed;{'P7','P5','P9','PO3','PO7','O1','I1','POz','Oz','Iz','P8','P6','PO4','PO8','P10','O2','I2'}
9.28207805685328;2.52948717833644;0;0;0;0;6;1;[-0.5 0] ;RDK3;center;20;blau;not attended;not attended;{'P7','P5','P9','PO3','PO7','O1','I1','POz','Oz','Iz','P8','P6','PO4','PO8','P10','O2','I2'}
8.87615481760707;1.07556759771718;0;0;0;0;6;2;[-0.5 0] ;RDK1;center;23;grün;not attended;not attended;{'P7','P5','P9','PO3','PO7','O1','I1','POz','Oz','Iz','P8','P6','PO4','PO8','P10','O2','I2'}
9.73130874935858;4.48034225869502;0;0;0;0;6;2;[-0.5 0] ;RDK2;center;17;orange;attended;primed;{'P7','P5','P9','PO3','PO7','O1','I1','POz','Oz','Iz','P8','P6','PO4','PO8','P10','O2','I2'}
9.85362702149611;2.45944496813942;0;0;0;0;6;2;[-0.5 0] ;RDK3;center;20;blau;attended;nonprimed;{'P7','P5','P9','PO3','PO7','O1','I1','POz','Oz','Iz','P8','P6','PO4','PO8','P10','O2','I2'}
8.32074302138247;0.774902593968141;0;0;0;0;6;3;[-0.5 0] ;RDK1;center;23;grün;attended;nonprimed;{'P7','P5','P9','PO3','PO7','O1','I1','POz','Oz','Iz','P8','P6','PO4','PO8','P10','O2','I2'}
10.0123381398922;4.29692653563228;0;0;0;0;6;3;[-0.5 0] ;RDK2;center;17;orange;not attended;not attended;{'P7','P5','P9','PO3','PO7','O1','I1','POz','Oz','Iz','P8','P6','PO4','PO8','P10','O2','I2'}
9.61682532815372;2.88470582426336;0;0;0;0;6;3;[-0.5 0] ;RDK3;center;20;blau;attended;primed;{'P7','P5','P9','PO3','PO7','O1','I1','POz','Oz','Iz','P8','P6','PO4','PO8','P10','O2','I2'}
8.47125153519989;1.91511187752987;-6.15618656675726;85.6070154147196;-0.555717025946707;0.883301806530801;6;1;[0.25 0.75] ;RDK1;center;23;grün;attended;primed;{'P7','P5','P9','PO3','PO7','O1','I1','POz','Oz','Iz','P8','P6','PO4','PO8','P10','O2','I2'}
8.77534250975734;3.65244524888863;-11.576972747328;-10.0392981355535;-1.14893036622267;-0.407600052216474;6;1;[0.25 0.75] ;RDK2;center;17;orange;attended;nonprimed;{'P7','P5','P9','PO3','PO7','O1','I1','POz','Oz','Iz','P8','P6','PO4','PO8','P10','O2','I2'}
8.63999255210566;2.3662424756391;-6.91747581538111;-6.45366792508116;-0.642085504747623;-0.16324470269734;6;1;[0.25 0.75] ;RDK3;center;20;blau;not attended;not attended;{'P7','P5','P9','PO3','PO7','O1','I1','POz','Oz','Iz','P8','P6','PO4','PO8','P10','O2','I2'}
9.04019278746385;1.27331682931784;1.84807468129542;18.38556981638;0.16403796985678;0.197749231600653;6;2;[0.25 0.75] ;RDK1;center;23;grün;not attended;not attended;{'P7','P5','P9','PO3','PO7','O1','I1','POz','Oz','Iz','P8','P6','PO4','PO8','P10','O2','I2'}
9.51767030776356;4.7957742977466;-2.19537214466758;7.04035586655045;-0.213638441595018;0.315432039051574;6;2;[0.25 0.75] ;RDK2;center;17;orange;attended;primed;{'P7','P5','P9','PO3','PO7','O1','I1','POz','Oz','Iz','P8','P6','PO4','PO8','P10','O2','I2'}
8.90063039210048;2.40944935873623;-9.67153137942641;-2.0328004916092;-0.952996629395637;-0.0499956094031959;6;2;[0.25 0.75] ;RDK3;center;20;blau;attended;nonprimed;{'P7','P5','P9','PO3','PO7','O1','I1','POz','Oz','Iz','P8','P6','PO4','PO8','P10','O2','I2'}
8.39565658137809;1.50374410891425;0.900322961580646;94.055887877964;0.0749135599956254;0.728841514946109;6;3;[0.25 0.75] ;RDK1;center;23;grün;attended;nonprimed;{'P7','P5','P9','PO3','PO7','O1','I1','POz','Oz','Iz','P8','P6','PO4','PO8','P10','O2','I2'}
8.94774185154773;3.89966188890362;-10.6328439318561;-9.24532089237121;-1.06459628834444;-0.397264646728653;6;3;[0.25 0.75] ;RDK2;center;17;orange;not attended;not attended;{'P7','P5','P9','PO3','PO7','O1','I1','POz','Oz','Iz','P8','P6','PO4','PO8','P10','O2','I2'}
9.469288146334;3.78968689236706;-1.53415682187557;31.3716934493587;-0.147537181819727;0.904981068103697;6;3;[0.25 0.75] ;RDK3;center;20;blau;attended;primed;{'P7','P5','P9','PO3','PO7','O1','I1','POz','Oz','Iz','P8','P6','PO4','PO8','P10','O2','I2'}
8.45673830584703;2.19773732651682;-6.31696290329314;112.998243406253;-0.570230255299565;1.16592725551776;6;1;[0.75 1.25] ;RDK1;center;23;grün;attended;primed;{'P7','P5','P9','PO3','PO7','O1','I1','POz','Oz','Iz','P8','P6','PO4','PO8','P10','O2','I2'}
9.33921408545378;4.26182169773999;-5.89523079259814;4.96980653343868;-0.585058790526238;0.201776396634892;6;1;[0.75 1.25] ;RDK2;center;17;orange;attended;nonprimed;{'P7','P5','P9','PO3','PO7','O1','I1','POz','Oz','Iz','P8','P6','PO4','PO8','P10','O2','I2'}
9.38355993253613;3.43698281413829;1.09330987157472;35.8766647869977;0.101481875682849;0.90749563580185;6;1;[0.75 1.25] ;RDK3;center;20;blau;not attended;not attended;{'P7','P5','P9','PO3','PO7','O1','I1','POz','Oz','Iz','P8','P6','PO4','PO8','P10','O2','I2'}
9.08183679106009;1.82580285313712;2.31724184266169;69.7524969153274;0.205681973453022;0.750235255419938;6;2;[0.75 1.25] ;RDK1;center;23;grün;not attended;not attended;{'P7','P5','P9','PO3','PO7','O1','I1','POz','Oz','Iz','P8','P6','PO4','PO8','P10','O2','I2'}
9.42853581743542;4.96179549564603;-3.11132797983736;10.7459030840032;-0.302772931923155;0.481453236951008;6;2;[0.75 1.25] ;RDK2;center;17;orange;attended;primed;{'P7','P5','P9','PO3','PO7','O1','I1','POz','Oz','Iz','P8','P6','PO4','PO8','P10','O2','I2'}
8.98439136565541;3.24158342823184;-8.82147917659589;31.8014214680357;-0.869235655840706;0.782138460092415;6;2;[0.75 1.25] ;RDK3;center;20;blau;attended;nonprimed;{'P7','P5','P9','PO3','PO7','O1','I1','POz','Oz','Iz','P8','P6','PO4','PO8','P10','O2','I2'}
8.52527206731598;1.67456278663415;2.45806228371575;116.099778174571;0.204529045933512;0.899660192666011;6;3;[0.75 1.25] ;RDK1;center;23;grün;attended;nonprimed;{'P7','P5','P9','PO3','PO7','O1','I1','POz','Oz','Iz','P8','P6','PO4','PO8','P10','O2','I2'}
9.10392306401179;4.28611088850919;-9.07295641825131;-0.251706586868472;-0.90841507588037;-0.0108156471230858;6;3;[0.75 1.25] ;RDK2;center;17;orange;not attended;not attended;{'P7','P5','P9','PO3','PO7','O1','I1','POz','Oz','Iz','P8','P6','PO4','PO8','P10','O2','I2'}
9.71651958664079;4.2265048056706;1.03666496047508;46.5142396885439;0.0996942584870624;1.34179898140724;6;3;[0.75 1.25] ;RDK3;center;20;blau;attended;primed;{'P7','P5','P9','PO3','PO7','O1','I1','POz','Oz','Iz','P8','P6','PO4','PO8','P10','O2','I2'}
8.66457284305969;2.1166209288582;-4.01458934560495;105.136680514152;-0.3623957180869;1.08481085785913;6;1;[1 1.5] ;RDK1;center;23;grün;attended;primed;{'P7','P5','P9','PO3','PO7','O1','I1','POz','Oz','Iz','P8','P6','PO4','PO8','P10','O2','I2'}
9.66888832938078;5.12094122252313;-2.57333257348606;26.1301498564379;-0.255384546599236;1.06089592141803;6;1;[1 1.5] ;RDK2;center;17;orange;attended;nonprimed;{'P7','P5','P9','PO3','PO7','O1','I1','POz','Oz','Iz','P8','P6','PO4','PO8','P10','O2','I2'}
9.35563324803141;3.86855518898813;0.792443143955457;52.9383197558783;0.0735551911781283;1.33906801065169;6;1;[1 1.5] ;RDK3;center;20;blau;not attended;not attended;{'P7','P5','P9','PO3','PO7','O1','I1','POz','Oz','Iz','P8','P6','PO4','PO8','P10','O2','I2'}
9.08951963450574;1.49907866936194;2.40379783006304;39.3755885305238;0.213364816898673;0.423511071644757;6;2;[1 1.5] ;RDK1;center;23;grün;not attended;not attended;{'P7','P5','P9','PO3','PO7','O1','I1','POz','Oz','Iz','P8','P6','PO4','PO8','P10','O2','I2'}
9.59697539126711;5.08395440438214;-1.38042437611818;13.4724561391641;-0.134333358091467;0.603612145687121;6;2;[1 1.5] ;RDK2;center;17;orange;attended;primed;{'P7','P5','P9','PO3','PO7','O1','I1','POz','Oz','Iz','P8','P6','PO4','PO8','P10','O2','I2'}
9.50928808661068;3.80602984622593;-3.4945399712638;54.7515758852372;-0.344338934885432;1.3465848780865;6;2;[1 1.5] ;RDK3;center;20;blau;attended;nonprimed;{'P7','P5','P9','PO3','PO7','O1','I1','POz','Oz','Iz','P8','P6','PO4','PO8','P10','O2','I2'}
8.60019490298103;1.95169176377053;3.3584967217523;151.862850758604;0.279451881598563;1.17678916980239;6;3;[1 1.5] ;RDK1;center;23;grün;attended;nonprimed;{'P7','P5','P9','PO3','PO7','O1','I1','POz','Oz','Iz','P8','P6','PO4','PO8','P10','O2','I2'}
9.53353612778953;4.84908562440139;-4.78211987462693;12.8500937633057;-0.478802012102635;0.552159088769111;6;3;[1 1.5] ;RDK2;center;17;orange;not attended;not attended;{'P7','P5','P9','PO3','PO7','O1','I1','POz','Oz','Iz','P8','P6','PO4','PO8','P10','O2','I2'}
9.90721715305725;4.11423523879159;3.01962253648711;42.6223500568625;0.29039182490353;1.22952941452823;6;3;[1 1.5] ;RDK3;center;20;blau;attended;primed;{'P7','P5','P9','PO3','PO7','O1','I1','POz','Oz','Iz','P8','P6','PO4','PO8','P10','O2','I2'}
8.79629388869618;1.23463922765999;-2.55539465865954;19.6576058290004;-0.230674672450416;0.202829156660926;6;1;[1.25 1.75] ;RDK1;center;23;grün;attended;primed;{'P7','P5','P9','PO3','PO7','O1','I1','POz','Oz','Iz','P8','P6','PO4','PO8','P10','O2','I2'}
9.36341307066145;4.17047826898583;-5.65139443793438;2.7199934899907;-0.560859805318564;0.110432967880732;6;1;[1.25 1.75] ;RDK2;center;17;orange;attended;nonprimed;{'P7','P5','P9','PO3','PO7','O1','I1','POz','Oz','Iz','P8','P6','PO4','PO8','P10','O2','I2'}
9.18097387503715;2.66703657751979;-1.0892408057427;5.43783737515555;-0.101104181816135;0.137549399183347;6;1;[1.25 1.75] ;RDK3;center;20;blau;not attended;not attended;{'P7','P5','P9','PO3','PO7','O1','I1','POz','Oz','Iz','P8','P6','PO4','PO8','P10','O2','I2'}
8.63449591856736;1.13458787702125;-2.72256291159254;5.48736122483942;-0.241658899039704;0.0590202793040695;6;2;[1.25 1.75] ;RDK1;center;23;grün;not attended;not attended;{'P7','P5','P9','PO3','PO7','O1','I1','POz','Oz','Iz','P8','P6','PO4','PO8','P10','O2','I2'}
9.50658725937028;4.48867221358675;-2.30926277005766;0.185922289208085;-0.224721489988301;0.00832995489172283;6;2;[1.25 1.75] ;RDK2;center;17;orange;attended;primed;{'P7','P5','P9','PO3','PO7','O1','I1','POz','Oz','Iz','P8','P6','PO4','PO8','P10','O2','I2'}
9.30925921185524;2.51858990845098;-5.52454247002971;2.40480844571593;-0.544367809640876;0.0591449403115525;6;2;[1.25 1.75] ;RDK3;center;20;blau;attended;nonprimed;{'P7','P5','P9','PO3','PO7','O1','I1','POz','Oz','Iz','P8','P6','PO4','PO8','P10','O2','I2'}
8.64762959329251;1.48251881143626;3.9285743000357;91.3167955529146;0.326886571910046;0.707616217468119;6;3;[1.25 1.75] ;RDK1;center;23;grün;attended;nonprimed;{'P7','P5','P9','PO3','PO7','O1','I1','POz','Oz','Iz','P8','P6','PO4','PO8','P10','O2','I2'}
8.75343412943016;3.67035885040577;-12.5735267114697;-14.5817639661906;-1.25890401046201;-0.626567685226509;6;3;[1.25 1.75] ;RDK2;center;17;orange;not attended;not attended;{'P7','P5','P9','PO3','PO7','O1','I1','POz','Oz','Iz','P8','P6','PO4','PO8','P10','O2','I2'}
9.24541604141304;3.07264228509023;-3.86207791102704;6.51492638334648;-0.371409286740679;0.187936460826866;6;3;[1.25 1.75] ;RDK3;center;20;blau;attended;primed;{'P7','P5','P9','PO3','PO7','O1','I1','POz','Oz','Iz','P8','P6','PO4','PO8','P10','O2','I2'}
6.33502990411957;1.22466113219434;0;0;0;0;7;1;[-0.5 0] ;RDK1;center;20;blau;attended;primed;{'P7','P5','P9','PO3','PO7','O1','I1','POz','Oz','Iz','P8','P6','PO4','PO8','P10','O2','I2'}
13.0457128334908;9.46317615120659;0;0;0;0;7;1;[-0.5 0] ;RDK2;center;17;orange;attended;nonprimed;{'P7','P5','P9','PO3','PO7','O1','I1','POz','Oz','Iz','P8','P6','PO4','PO8','P10','O2','I2'}
5.07916516631976;1.15156888541222;0;0;0;0;7;1;[-0.5 0] ;RDK3;center;23;grün;not attended;not attended;{'P7','P5','P9','PO3','PO7','O1','I1','POz','Oz','Iz','P8','P6','PO4','PO8','P10','O2','I2'}
6.84973987950459;1.2128935231115;0;0;0;0;7;2;[-0.5 0] ;RDK1;center;20;blau;not attended;not attended;{'P7','P5','P9','PO3','PO7','O1','I1','POz','Oz','Iz','P8','P6','PO4','PO8','P10','O2','I2'}
13.1838476301858;9.31176099086779;0;0;0;0;7;2;[-0.5 0] ;RDK2;center;17;orange;attended;primed;{'P7','P5','P9','PO3','PO7','O1','I1','POz','Oz','Iz','P8','P6','PO4','PO8','P10','O2','I2'}
4.94166870570291;1.04090974597909;0;0;0;0;7;2;[-0.5 0] ;RDK3;center;23;grün;attended;nonprimed;{'P7','P5','P9','PO3','PO7','O1','I1','POz','Oz','Iz','P8','P6','PO4','PO8','P10','O2','I2'}
6.86920929602368;1.58126565409462;0;0;0;0;7;3;[-0.5 0] ;RDK1;center;20;blau;attended;nonprimed;{'P7','P5','P9','PO3','PO7','O1','I1','POz','Oz','Iz','P8','P6','PO4','PO8','P10','O2','I2'}
13.445491669944;9.21755322288064;0;0;0;0;7;3;[-0.5 0] ;RDK2;center;17;orange;not attended;not attended;{'P7','P5','P9','PO3','PO7','O1','I1','POz','Oz','Iz','P8','P6','PO4','PO8','P10','O2','I2'}
5.32178302480085;0.978558288035889;0;0;0;0;7;3;[-0.5 0] ;RDK3;center;23;grün;attended;primed;{'P7','P5','P9','PO3','PO7','O1','I1','POz','Oz','Iz','P8','P6','PO4','PO8','P10','O2','I2'}
6.69939481295072;3.03469261270842;5.7515894059823;147.798556917609;0.364364908831152;1.81003148051409;7;1;[0.25 0.75] ;RDK1;center;20;blau;attended;primed;{'P7','P5','P9','PO3','PO7','O1','I1','POz','Oz','Iz','P8','P6','PO4','PO8','P10','O2','I2'}
11.3742044975315;8.5489241839534;-12.812702205649;-9.66115342930205;-1.67150833595932;-0.91425196725319;7;1;[0.25 0.75] ;RDK2;center;17;orange;attended;nonprimed;{'P7','P5','P9','PO3','PO7','O1','I1','POz','Oz','Iz','P8','P6','PO4','PO8','P10','O2','I2'}
4.79196749229776;0.690113890174422;-5.65442675356228;-40.0718533718122;-0.287197674022001;-0.461454995237796;7;1;[0.25 0.75] ;RDK3;center;23;grün;not attended;not attended;{'P7','P5','P9','PO3','PO7','O1','I1','POz','Oz','Iz','P8','P6','PO4','PO8','P10','O2','I2'}
6.7605055101317;2.72380166140077;-1.30274099371119;124.570550464583;-0.0892343693728899;1.51090813828927;7;2;[0.25 0.75] ;RDK1;center;20;blau;not attended;not attended;{'P7','P5','P9','PO3','PO7','O1','I1','POz','Oz','Iz','P8','P6','PO4','PO8','P10','O2','I2'}
12.3477671998658;9.59889534587774;-6.34170276972599;3.08356663461991;-0.836080430319946;0.28713435500995;7;2;[0.25 0.75] ;RDK2;center;17;orange;attended;primed;{'P7','P5','P9','PO3','PO7','O1','I1','POz','Oz','Iz','P8','P6','PO4','PO8','P10','O2','I2'}
5.150627699373;0.797603989281266;4.22851077468913;-23.3743374617912;0.208958993670088;-0.243305756697827;7;2;[0.25 0.75] ;RDK3;center;23;grün;attended;nonprimed;{'P7','P5','P9','PO3','PO7','O1','I1','POz','Oz','Iz','P8','P6','PO4','PO8','P10','O2','I2'}
6.85473911578839;2.90805805538574;-0.210652778387077;83.9069891801833;-0.0144701802352971;1.32679240129113;7;3;[0.25 0.75] ;RDK1;center;20;blau;attended;nonprimed;{'P7','P5','P9','PO3','PO7','O1','I1','POz','Oz','Iz','P8','P6','PO4','PO8','P10','O2','I2'}
10.3405709180357;7.29393856773549;-23.0926531221538;-20.8690376787864;-3.10492075190825;-1.92361465514515;7;3;[0.25 0.75] ;RDK2;center;17;orange;not attended;not attended;{'P7','P5','P9','PO3','PO7','O1','I1','POz','Oz','Iz','P8','P6','PO4','PO8','P10','O2','I2'}
5.14237806268407;1.29608804486877;-3.37114386814915;32.4487320494943;-0.179404962116776;0.317529756832885;7;3;[0.25 0.75] ;RDK3;center;23;grün;attended;primed;{'P7','P5','P9','PO3','PO7','O1','I1','POz','Oz','Iz','P8','P6','PO4','PO8','P10','O2','I2'}
7.30504543209507;4.31577054515683;15.3119328978182;252.405284343749;0.970015527975505;3.0911094129625;7;1;[0.75 1.25] ;RDK1;center;20;blau;attended;primed;{'P7','P5','P9','PO3','PO7','O1','I1','POz','Oz','Iz','P8','P6','PO4','PO8','P10','O2','I2'}
12.2828770892113;10.1197650454163;-5.84740561145265;6.93835646424052;-0.762835744279542;0.65658889420971;7;1;[0.75 1.25] ;RDK2;center;17;orange;attended;nonprimed;{'P7','P5','P9','PO3','PO7','O1','I1','POz','Oz','Iz','P8','P6','PO4','PO8','P10','O2','I2'}
5.18046863154588;1.63334002780699;1.99449047055738;41.8360680370685;0.101303465226118;0.481771142394767;7;1;[0.75 1.25] ;RDK3;center;23;grün;not attended;not attended;{'P7','P5','P9','PO3','PO7','O1','I1','POz','Oz','Iz','P8','P6','PO4','PO8','P10','O2','I2'}
7.36212920279524;3.86252863671445;7.48042016637449;218.455706384325;0.512389323290656;2.64963511360295;7;2;[0.75 1.25] ;RDK1;center;20;blau;not attended;not attended;{'P7','P5','P9','PO3','PO7','O1','I1','POz','Oz','Iz','P8','P6','PO4','PO8','P10','O2','I2'}
11.8063145611621;9.27849670664757;-10.4486422148092;-0.357228715952218;-1.37753306902372;-0.0332642842202162;7;2;[0.75 1.25] ;RDK2;center;17;orange;attended;primed;{'P7','P5','P9','PO3','PO7','O1','I1','POz','Oz','Iz','P8','P6','PO4','PO8','P10','O2','I2'}
5.38573432615979;1.85588847161418;8.98614712767802;78.2948501330928;0.444065620456885;0.814978725635088;7;2;[0.75 1.25] ;RDK3;center;23;grün;attended;nonprimed;{'P7','P5','P9','PO3','PO7','O1','I1','POz','Oz','Iz','P8','P6','PO4','PO8','P10','O2','I2'}
8.19497789840353;5.33032088473911;19.3001631664838;237.09205476869;1.32576860237985;3.74905523064449;7;3;[0.75 1.25] ;RDK1;center;20;blau;attended;nonprimed;{'P7','P5','P9','PO3','PO7','O1','I1','POz','Oz','Iz','P8','P6','PO4','PO8','P10','O2','I2'}
10.7189244080453;8.10176980873039;-20.2786727985087;-12.1049847738395;-2.72656726189868;-1.11578341415026;7;3;[0.75 1.25] ;RDK2;center;17;orange;not attended;not attended;{'P7','P5','P9','PO3','PO7','O1','I1','POz','Oz','Iz','P8','P6','PO4','PO8','P10','O2','I2'}
5.20214306391202;1.61750717400426;-2.24811797721312;65.2949235401023;-0.119639960888824;0.638948885968368;7;3;[0.75 1.25] ;RDK3;center;23;grün;attended;primed;{'P7','P5','P9','PO3','PO7','O1','I1','POz','Oz','Iz','P8','P6','PO4','PO8','P10','O2','I2'}
7.92652653784773;5.45040083470927;25.1221645014373;345.053794182501;1.59149663372817;4.22573970251493;7;1;[1 1.5] ;RDK1;center;20;blau;attended;primed;{'P7','P5','P9','PO3','PO7','O1','I1','POz','Oz','Iz','P8','P6','PO4','PO8','P10','O2','I2'}
12.7863203303307;10.386172705646;-1.98833522147021;9.75355990094022;-0.259392503160157;0.922996554439424;7;1;[1 1.5] ;RDK2;center;17;orange;attended;nonprimed;{'P7','P5','P9','PO3','PO7','O1','I1','POz','Oz','Iz','P8','P6','PO4','PO8','P10','O2','I2'}
4.95327507316796;1.57074321514813;-2.47855875974627;36.4002826965808;-0.1258900931518;0.419174329735912;7;1;[1 1.5] ;RDK3;center;23;grün;not attended;not attended;{'P7','P5','P9','PO3','PO7','O1','I1','POz','Oz','Iz','P8','P6','PO4','PO8','P10','O2','I2'}
8.1309152339918;5.07002487010006;18.7040001083936;318.01071351207;1.28117535448722;3.85713134698856;7;2;[1 1.5] ;RDK1;center;20;blau;not attended;not attended;{'P7','P5','P9','PO3','PO7','O1','I1','POz','Oz','Iz','P8','P6','PO4','PO8','P10','O2','I2'}
12.1395922030798;9.38574417036583;-7.92071826372601;0.794513299585331;-1.04425542710593;0.0739831794980432;7;2;[1 1.5] ;RDK2;center;17;orange;attended;primed;{'P7','P5','P9','PO3','PO7','O1','I1','POz','Oz','Iz','P8','P6','PO4','PO8','P10','O2','I2'}
5.45726388611945;1.81127044187682;10.4336249781682;74.0084045589479;0.515595180416539;0.770360695897724;7;2;[1 1.5] ;RDK3;center;23;grün;attended;nonprimed;{'P7','P5','P9','PO3','PO7','O1','I1','POz','Oz','Iz','P8','P6','PO4','PO8','P10','O2','I2'}
8.18292731936701;5.39391716734856;19.1247342558595;241.113914248453;1.31371802334332;3.81265151325394;7;3;[1 1.5] ;RDK1;center;20;blau;attended;nonprimed;{'P7','P5','P9','PO3','PO7','O1','I1','POz','Oz','Iz','P8','P6','PO4','PO8','P10','O2','I2'}
11.0620152529548;8.47416426369507;-17.7269561835152;-8.06492722320563;-2.38347641698915;-0.74338895918557;7;3;[1 1.5] ;RDK2;center;17;orange;not attended;not attended;{'P7','P5','P9','PO3','PO7','O1','I1','POz','Oz','Iz','P8','P6','PO4','PO8','P10','O2','I2'}
5.26821746545679;1.83120534215038;-1.00653407127697;87.1329857954482;-0.0535655593440545;0.852647054114493;7;3;[1 1.5] ;RDK3;center;23;grün;attended;primed;{'P7','P5','P9','PO3','PO7','O1','I1','POz','Oz','Iz','P8','P6','PO4','PO8','P10','O2','I2'}
6.71810921284948;2.94051807660323;6.04700079601512;140.108712467622;0.383079308729906;1.71585694440889;7;1;[1.25 1.75] ;RDK1;center;20;blau;attended;primed;{'P7','P5','P9','PO3','PO7','O1','I1','POz','Oz','Iz','P8','P6','PO4','PO8','P10','O2','I2'}
11.8807748885176;9.4525042259855;-8.92966110661732;-0.112773185773718;-1.16493794497322;-0.0106719252210947;7;1;[1.25 1.75] ;RDK2;center;17;orange;attended;nonprimed;{'P7','P5','P9','PO3','PO7','O1','I1','POz','Oz','Iz','P8','P6','PO4','PO8','P10','O2','I2'}
5.00508913627038;0.958363042158239;-1.4584292422816;-16.7776192724085;-0.0740760300493886;-0.19320584325398;7;1;[1.25 1.75] ;RDK3;center;23;grün;not attended;not attended;{'P7','P5','P9','PO3','PO7','O1','I1','POz','Oz','Iz','P8','P6','PO4','PO8','P10','O2','I2'}
7.06682521077842;2.77305064320025;3.16924927212761;128.631004318202;0.217085331273834;1.56015712008875;7;2;[1.25 1.75] ;RDK1;center;20;blau;not attended;not attended;{'P7','P5','P9','PO3','PO7','O1','I1','POz','Oz','Iz','P8','P6','PO4','PO8','P10','O2','I2'}
11.7178315447466;8.99214330194223;-11.1197893555941;-3.43240864149126;-1.46601608543914;-0.319617688925558;7;2;[1.25 1.75] ;RDK2;center;17;orange;attended;primed;{'P7','P5','P9','PO3','PO7','O1','I1','POz','Oz','Iz','P8','P6','PO4','PO8','P10','O2','I2'}
5.16797716369456;0.930237411323311;4.57959591120478;-10.6322700006697;0.226308457991657;-0.110672334655782;7;2;[1.25 1.75] ;RDK3;center;23;grün;attended;nonprimed;{'P7','P5','P9','PO3','PO7','O1','I1','POz','Oz','Iz','P8','P6','PO4','PO8','P10','O2','I2'}
6.83971882945272;2.59310068911557;-0.429313845307233;63.988933953055;-0.0294904665709614;1.01183503502095;7;3;[1.25 1.75] ;RDK1;center;20;blau;attended;nonprimed;{'P7','P5','P9','PO3','PO7','O1','I1','POz','Oz','Iz','P8','P6','PO4','PO8','P10','O2','I2'}
10.5892857901111;8.08322723310997;-21.2428518788761;-12.3061506925173;-2.85620587983282;-1.13432598977067;7;3;[1.25 1.75] ;RDK2;center;17;orange;not attended;not attended;{'P7','P5','P9','PO3','PO7','O1','I1','POz','Oz','Iz','P8','P6','PO4','PO8','P10','O2','I2'}
5.11582347925972;1.20820918069031;-3.87012293776935;23.468289570708;-0.205959545541133;0.229650892654425;7;3;[1.25 1.75] ;RDK3;center;23;grün;attended;primed;{'P7','P5','P9','PO3','PO7','O1','I1','POz','Oz','Iz','P8','P6','PO4','PO8','P10','O2','I2'}
6.9475287679094;1.71226122988835;0;0;0;0;8;1;[-0.5 0] ;RDK1;center;20;grün;attended;primed;{'P7','P5','P9','PO3','PO7','O1','I1','POz','Oz','Iz','P8','P6','PO4','PO8','P10','O2','I2'}
6.13125617040228;1.62434772135715;0;0;0;0;8;1;[-0.5 0] ;RDK2;center;23;blau;attended;nonprimed;{'P7','P5','P9','PO3','PO7','O1','I1','POz','Oz','Iz','P8','P6','PO4','PO8','P10','O2','I2'}
11.2811719842626;6.75095641154509;0;0;0;0;8;1;[-0.5 0] ;RDK3;center;17;orange;not attended;not attended;{'P7','P5','P9','PO3','PO7','O1','I1','POz','Oz','Iz','P8','P6','PO4','PO8','P10','O2','I2'}
7.06358870985281;1.426843706097;0;0;0;0;8;2;[-0.5 0] ;RDK1;center;20;grün;not attended;not attended;{'P7','P5','P9','PO3','PO7','O1','I1','POz','Oz','Iz','P8','P6','PO4','PO8','P10','O2','I2'}
6.28178605342882;1.5801369568746;0;0;0;0;8;2;[-0.5 0] ;RDK2;center;23;blau;attended;primed;{'P7','P5','P9','PO3','PO7','O1','I1','POz','Oz','Iz','P8','P6','PO4','PO8','P10','O2','I2'}
11.5383940951317;6.5402635322437;0;0;0;0;8;2;[-0.5 0] ;RDK3;center;17;orange;attended;nonprimed;{'P7','P5','P9','PO3','PO7','O1','I1','POz','Oz','Iz','P8','P6','PO4','PO8','P10','O2','I2'}
6.99362531290874;1.67861195535681;0;0;0;0;8;3;[-0.5 0] ;RDK1;center;20;grün;attended;nonprimed;{'P7','P5','P9','PO3','PO7','O1','I1','POz','Oz','Iz','P8','P6','PO4','PO8','P10','O2','I2'}
6.05793488619015;1.62343025504194;0;0;0;0;8;3;[-0.5 0] ;RDK2;center;23;blau;not attended;not attended;{'P7','P5','P9','PO3','PO7','O1','I1','POz','Oz','Iz','P8','P6','PO4','PO8','P10','O2','I2'}
11.5412815102625;6.90616243349481;0;0;0;0;8;3;[-0.5 0] ;RDK3;center;17;orange;attended;primed;{'P7','P5','P9','PO3','PO7','O1','I1','POz','Oz','Iz','P8','P6','PO4','PO8','P10','O2','I2'}
7.18012632180123;2.2571511393354;3.34791782318629;31.8228258594969;0.232597553891834;0.544889909447049;8;1;[0.25 0.75] ;RDK1;center;20;grün;attended;primed;{'P7','P5','P9','PO3','PO7','O1','I1','POz','Oz','Iz','P8','P6','PO4','PO8','P10','O2','I2'}
5.95214020181026;1.97136016250735;-2.92135842336325;21.3631869942399;-0.179115968592026;0.347012441150204;8;1;[0.25 0.75] ;RDK2;center;23;blau;attended;nonprimed;{'P7','P5','P9','PO3','PO7','O1','I1','POz','Oz','Iz','P8','P6','PO4','PO8','P10','O2','I2'}
10.1375376843759;5.3803585009877;-10.1375486649977;-20.3022775886018;-1.14363429988671;-1.3705979105574;8;1;[0.25 0.75] ;RDK3;center;17;orange;not attended;not attended;{'P7','P5','P9','PO3','PO7','O1','I1','POz','Oz','Iz','P8','P6','PO4','PO8','P10','O2','I2'}
7.04477861887729;1.32029914908212;-0.266296520765519;-7.46714980481775;-0.0188100909755242;-0.106544557014876;8;2;[0.25 0.75] ;RDK1;center;20;grün;not attended;not attended;{'P7','P5','P9','PO3','PO7','O1','I1','POz','Oz','Iz','P8','P6','PO4','PO8','P10','O2','I2'}
6.91226906582241;3.22928524785991;10.0366839467487;104.367427380928;0.630483012393589;1.64914829098531;8;2;[0.25 0.75] ;RDK2;center;23;blau;attended;primed;{'P7','P5','P9','PO3','PO7','O1','I1','POz','Oz','Iz','P8','P6','PO4','PO8','P10','O2','I2'}
10.0456670743847;4.9934136603213;-12.9370431313036;-23.6511856792373;-1.49272702074698;-1.5468498719224;8;2;[0.25 0.75] ;RDK3;center;17;orange;attended;nonprimed;{'P7','P5','P9','PO3','PO7','O1','I1','POz','Oz','Iz','P8','P6','PO4','PO8','P10','O2','I2'}
6.73744037679957;1.7591878306542;-3.66312069415999;4.80014901837533;-0.256184936109172;0.0805758752973911;8;3;[0.25 0.75] ;RDK1;center;20;grün;attended;nonprimed;{'P7','P5','P9','PO3','PO7','O1','I1','POz','Oz','Iz','P8','P6','PO4','PO8','P10','O2','I2'}
5.87647880580091;1.65136931883803;-2.99534550631918;1.72098947332782;-0.181456080389238;0.0279390637960908;8;3;[0.25 0.75] ;RDK2;center;23;blau;not attended;not attended;{'P7','P5','P9','PO3','PO7','O1','I1','POz','Oz','Iz','P8','P6','PO4','PO8','P10','O2','I2'}
12.5649363854352;8.70217696519998;8.86950789877639;26.0059700159168;1.02365487517275;1.79601453170517;8;3;[0.25 0.75] ;RDK3;center;17;orange;attended;primed;{'P7','P5','P9','PO3','PO7','O1','I1','POz','Oz','Iz','P8','P6','PO4','PO8','P10','O2','I2'}
7.3963784934169;3.24675903115337;6.46056663458145;89.6182062923359;0.448849725507503;1.53449780126503;8;1;[0.75 1.25] ;RDK1;center;20;grün;attended;primed;{'P7','P5','P9','PO3','PO7','O1','I1','POz','Oz','Iz','P8','P6','PO4','PO8','P10','O2','I2'}
5.90803455335522;1.41776903317525;-3.64071588012637;-12.7176395463716;-0.223221617047064;-0.206578688181903;8;1;[0.75 1.25] ;RDK2;center;23;blau;attended;nonprimed;{'P7','P5','P9','PO3','PO7','O1','I1','POz','Oz','Iz','P8','P6','PO4','PO8','P10','O2','I2'}
10.5750268206877;5.83788067938516;-6.25950180140851;-13.5251314998635;-0.706145163574909;-0.913075732159938;8;1;[0.75 1.25] ;RDK3;center;17;orange;not attended;not attended;{'P7','P5','P9','PO3','PO7','O1','I1','POz','Oz','Iz','P8','P6','PO4','PO8','P10','O2','I2'}
7.01624136920428;2.36454540153974;-0.670301493948633;65.718599131487;-0.0473473406485301;0.937701695442739;8;2;[0.75 1.25] ;RDK1;center;20;grün;not attended;not attended;{'P7','P5','P9','PO3','PO7','O1','I1','POz','Oz','Iz','P8','P6','PO4','PO8','P10','O2','I2'}
6.55006872798523;2.27651705205171;4.27080247997249;44.0708694361846;0.268282674556404;0.696380095177106;8;2;[0.75 1.25] ;RDK2;center;23;blau;attended;primed;{'P7','P5','P9','PO3','PO7','O1','I1','POz','Oz','Iz','P8','P6','PO4','PO8','P10','O2','I2'}
10.6162970141588;6.34369630727293;-7.99155474644423;-3.00549395298351;-0.922097080972939;-0.19656722497077;8;2;[0.75 1.25] ;RDK3;center;17;orange;attended;nonprimed;{'P7','P5','P9','PO3','PO7','O1','I1','POz','Oz','Iz','P8','P6','PO4','PO8','P10','O2','I2'}
7.29608659183278;3.21833388244405;4.3248138896683;91.7259002102091;0.302461278924036;1.53972192708723;8;3;[0.75 1.25] ;RDK1;center;20;grün;attended;nonprimed;{'P7','P5','P9','PO3','PO7','O1','I1','POz','Oz','Iz','P8','P6','PO4','PO8','P10','O2','I2'}
5.94896340262297;1.64326484346282;-1.79882229859545;1.22177028297186;-0.108971483567181;0.0198345884208766;8;3;[0.75 1.25] ;RDK2;center;23;blau;not attended;not attended;{'P7','P5','P9','PO3','PO7','O1','I1','POz','Oz','Iz','P8','P6','PO4','PO8','P10','O2','I2'}
11.7100069792562;7.67239652607775;1.4619301058006;11.0949329669212;0.168725468993726;0.766234092582944;8;3;[0.75 1.25] ;RDK3;center;17;orange;attended;primed;{'P7','P5','P9','PO3','PO7','O1','I1','POz','Oz','Iz','P8','P6','PO4','PO8','P10','O2','I2'}
7.17903274432566;3.45724149446142;3.33217729857529;101.910866993517;0.231503976416264;1.74498026457308;8;1;[1 1.5] ;RDK1;center;20;grün;attended;primed;{'P7','P5','P9','PO3','PO7','O1','I1','POz','Oz','Iz','P8','P6','PO4','PO8','P10','O2','I2'}
6.47165328021503;2.23979885869436;5.5518331048694;37.8891249235107;0.340397109812741;0.61545113733721;8;1;[1 1.5] ;RDK2;center;23;blau;attended;nonprimed;{'P7','P5','P9','PO3','PO7','O1','I1','POz','Oz','Iz','P8','P6','PO4','PO8','P10','O2','I2'}
10.8712935318235;6.02880344239835;-3.63329672671332;-10.6970468349012;-0.409878452439113;-0.722152969146746;8;1;[1 1.5] ;RDK3;center;17;orange;not attended;not attended;{'P7','P5','P9','PO3','PO7','O1','I1','POz','Oz','Iz','P8','P6','PO4','PO8','P10','O2','I2'}
7.34537561986241;3.14618770784922;3.98928818741306;120.499813287562;0.2817869100096;1.71934400175222;8;2;[1 1.5] ;RDK1;center;20;grün;not attended;not attended;{'P7','P5','P9','PO3','PO7','O1','I1','POz','Oz','Iz','P8','P6','PO4','PO8','P10','O2','I2'}
6.37045882945686;2.35129380199165;1.4115854197174;48.8031649258011;0.0886727760280417;0.771156845117047;8;2;[1 1.5] ;RDK2;center;23;blau;attended;primed;{'P7','P5','P9','PO3','PO7','O1','I1','POz','Oz','Iz','P8','P6','PO4','PO8','P10','O2','I2'}
11.1998621565184;6.39771940697372;-2.93396061724139;-2.17948595751889;-0.33853193861327;-0.14254412526998;8;2;[1 1.5] ;RDK3;center;17;orange;attended;nonprimed;{'P7','P5','P9','PO3','PO7','O1','I1','POz','Oz','Iz','P8','P6','PO4','PO8','P10','O2','I2'}
7.42955354328069;3.72872082410355;6.23322255436418;122.131196683331;0.43592823037195;2.05010886874674;8;3;[1 1.5] ;RDK1;center;20;grün;attended;nonprimed;{'P7','P5','P9','PO3','PO7','O1','I1','POz','Oz','Iz','P8','P6','PO4','PO8','P10','O2','I2'}
6.1974095305706;1.88296706118195;2.3023463771195;15.9869390960258;0.139474644380457;0.259536806140011;8;3;[1 1.5] ;RDK2;center;23;blau;not attended;not attended;{'P7','P5','P9','PO3','PO7','O1','I1','POz','Oz','Iz','P8','P6','PO4','PO8','P10','O2','I2'}
11.6600820403293;7.56592665430647;1.02935302254969;9.55326821755327;0.118800530066856;0.659764220811662;8;3;[1 1.5] ;RDK3;center;17;orange;attended;primed;{'P7','P5','P9','PO3','PO7','O1','I1','POz','Oz','Iz','P8','P6','PO4','PO8','P10','O2','I2'}
6.47684512203096;1.70448910569713;-6.77483550773518;-0.453909955767795;-0.470683645878442;-0.0077721241912152;8;1;[1.25 1.75] ;RDK1;center;20;grün;attended;primed;{'P7','P5','P9','PO3','PO7','O1','I1','POz','Oz','Iz','P8','P6','PO4','PO8','P10','O2','I2'}
6.53989249009352;2.32011863710654;6.66480584621256;42.8338653479974;0.40863631969124;0.695770915749386;8;1;[1.25 1.75] ;RDK2;center;23;blau;attended;nonprimed;{'P7','P5','P9','PO3','PO7','O1','I1','POz','Oz','Iz','P8','P6','PO4','PO8','P10','O2','I2'}
10.3018883644725;5.48956014451937;-8.68069045624134;-18.6847046570846;-0.979283619790055;-1.26139626702572;8;1;[1.25 1.75] ;RDK3;center;17;orange;not attended;not attended;{'P7','P5','P9','PO3','PO7','O1','I1','POz','Oz','Iz','P8','P6','PO4','PO8','P10','O2','I2'}
6.82197100868053;1.48341324176993;-3.42060829271192;3.96466238251667;-0.241617701172289;0.0565695356729343;8;2;[1.25 1.75] ;RDK1;center;20;grün;not attended;not attended;{'P7','P5','P9','PO3','PO7','O1','I1','POz','Oz','Iz','P8','P6','PO4','PO8','P10','O2','I2'}
6.16320362565744;2.11804952233086;-1.88771834575067;34.0421482527824;-0.118582427771383;0.537912565456257;8;2;[1.25 1.75] ;RDK2;center;23;blau;attended;primed;{'P7','P5','P9','PO3','PO7','O1','I1','POz','Oz','Iz','P8','P6','PO4','PO8','P10','O2','I2'}
11.2562320135298;6.40592715535229;-2.44541900090743;-2.05399027469053;-0.282162081601932;-0.134336376891417;8;2;[1.25 1.75] ;RDK3;center;17;orange;attended;nonprimed;{'P7','P5','P9','PO3','PO7','O1','I1','POz','Oz','Iz','P8','P6','PO4','PO8','P10','O2','I2'}
6.79830705202543;1.9266939825332;-2.79280419159429;14.7789979920436;-0.195318260883314;0.248082027176387;8;3;[1.25 1.75] ;RDK1;center;20;grün;attended;nonprimed;{'P7','P5','P9','PO3','PO7','O1','I1','POz','Oz','Iz','P8','P6','PO4','PO8','P10','O2','I2'}
6.09133103961858;1.68879745502817;0.551279504581115;4.02648649569119;0.0333961534284359;0.0653671999862291;8;3;[1.25 1.75] ;RDK2;center;23;blau;not attended;not attended;{'P7','P5','P9','PO3','PO7','O1','I1','POz','Oz','Iz','P8','P6','PO4','PO8','P10','O2','I2'}
11.3011675700882;6.90773359467001;-2.08047901752259;0.0227501335269054;-0.240113940174224;0.00157116117520495;8;3;[1.25 1.75] ;RDK3;center;17;orange;attended;primed;{'P7','P5','P9','PO3','PO7','O1','I1','POz','Oz','Iz','P8','P6','PO4','PO8','P10','O2','I2'}
5.54499497780433;1.51076427304367;0;0;0;0;9;1;[-0.5 0] ;RDK1;center;23;blau;attended;primed;{'P7','P5','P9','PO3','PO7','O1','I1','POz','Oz','Iz','P8','P6','PO4','PO8','P10','O2','I2'}
7.17570345865655;2.69715994893156;0;0;0;0;9;1;[-0.5 0] ;RDK2;center;17;orange;attended;nonprimed;{'P7','P5','P9','PO3','PO7','O1','I1','POz','Oz','Iz','P8','P6','PO4','PO8','P10','O2','I2'}
6.11922715584077;0.903339393588617;0;0;0;0;9;1;[-0.5 0] ;RDK3;center;20;grün;not attended;not attended;{'P7','P5','P9','PO3','PO7','O1','I1','POz','Oz','Iz','P8','P6','PO4','PO8','P10','O2','I2'}
5.21426355245426;1.47378961748667;0;0;0;0;9;2;[-0.5 0] ;RDK1;center;23;blau;not attended;not attended;{'P7','P5','P9','PO3','PO7','O1','I1','POz','Oz','Iz','P8','P6','PO4','PO8','P10','O2','I2'}
7.0690297746011;2.68224607657523;0;0;0;0;9;2;[-0.5 0] ;RDK2;center;17;orange;attended;primed;{'P7','P5','P9','PO3','PO7','O1','I1','POz','Oz','Iz','P8','P6','PO4','PO8','P10','O2','I2'}
6.36308540909538;0.946333056189356;0;0;0;0;9;2;[-0.5 0] ;RDK3;center;20;grün;attended;nonprimed;{'P7','P5','P9','PO3','PO7','O1','I1','POz','Oz','Iz','P8','P6','PO4','PO8','P10','O2','I2'}
5.4129223230198;1.24376153190751;0;0;0;0;9;3;[-0.5 0] ;RDK1;center;23;blau;attended;nonprimed;{'P7','P5','P9','PO3','PO7','O1','I1','POz','Oz','Iz','P8','P6','PO4','PO8','P10','O2','I2'}
7.21778923569761;2.32395894845686;0;0;0;0;9;3;[-0.5 0] ;RDK2;center;17;orange;not attended;not attended;{'P7','P5','P9','PO3','PO7','O1','I1','POz','Oz','Iz','P8','P6','PO4','PO8','P10','O2','I2'}
6.31914387892814;1.18291946584822;0;0;0;0;9;3;[-0.5 0] ;RDK3;center;20;grün;attended;primed;{'P7','P5','P9','PO3','PO7','O1','I1','POz','Oz','Iz','P8','P6','PO4','PO8','P10','O2','I2'}
5.77140697203071;2.21854777816194;4.08317762473487;46.8493674193347;0.226411994226378;0.707783505118271;9;1;[0.25 0.75] ;RDK1;center;23;blau;attended;primed;{'P7','P5','P9','PO3','PO7','O1','I1','POz','Oz','Iz','P8','P6','PO4','PO8','P10','O2','I2'}
6.4887709380275;2.10337784791964;-9.57303384381584;-22.0150866932138;-0.686932520629055;-0.593782101011923;9;1;[0.25 0.75] ;RDK2;center;17;orange;attended;nonprimed;{'P7','P5','P9','PO3','PO7','O1','I1','POz','Oz','Iz','P8','P6','PO4','PO8','P10','O2','I2'}
6.5850045756517;1.08965792402423;7.6117033728081;20.6255292039728;0.465777419810921;0.186318530435611;9;1;[0.25 0.75] ;RDK3;center;20;grün;not attended;not attended;{'P7','P5','P9','PO3','PO7','O1','I1','POz','Oz','Iz','P8','P6','PO4','PO8','P10','O2','I2'}
5.44685769188997;1.1332252940576;4.46072848247636;-23.1080691157162;0.232594139435712;-0.340564323429069;9;2;[0.25 0.75] ;RDK1;center;23;blau;not attended;not attended;{'P7','P5','P9','PO3','PO7','O1','I1','POz','Oz','Iz','P8','P6','PO4','PO8','P10','O2','I2'}
7.12470676888168;3.362413846934;0.787618613244834;25.3581420548568;0.0556769942805779;0.680167770358772;9;2;[0.25 0.75] ;RDK2;center;17;orange;attended;primed;{'P7','P5','P9','PO3','PO7','O1','I1','POz','Oz','Iz','P8','P6','PO4','PO8','P10','O2','I2'}
6.81206929737626;1.09412151312127;7.05607200618588;15.6169602198003;0.448983888280877;0.147788456931912;9;2;[0.25 0.75] ;RDK3;center;20;grün;attended;nonprimed;{'P7','P5','P9','PO3','PO7','O1','I1','POz','Oz','Iz','P8','P6','PO4','PO8','P10','O2','I2'}
5.49354355259718;1.51216472813447;1.48942151330209;21.579956393676;0.080621229577388;0.268403196226957;9;3;[0.25 0.75] ;RDK1;center;23;blau;attended;nonprimed;{'P7','P5','P9','PO3','PO7','O1','I1','POz','Oz','Iz','P8','P6','PO4','PO8','P10','O2','I2'}
6.74213279750013;1.97507383765408;-6.59005718600083;-15.0125332908503;-0.475656438197485;-0.34888511080278;9;3;[0.25 0.75] ;RDK2;center;17;orange;not attended;not attended;{'P7','P5','P9','PO3','PO7','O1','I1','POz','Oz','Iz','P8','P6','PO4','PO8','P10','O2','I2'}
6.82272011985606;1.53354492900699;7.96905800178336;29.6406875769307;0.503576240927925;0.350625463158769;9;3;[0.25 0.75] ;RDK3;center;20;grün;attended;primed;{'P7','P5','P9','PO3','PO7','O1','I1','POz','Oz','Iz','P8','P6','PO4','PO8','P10','O2','I2'}
5.98763672474822;1.72819027857543;7.98272584043289;14.3917889383048;0.442641746943893;0.21742600553176;9;1;[0.75 1.25] ;RDK1;center;23;blau;attended;primed;{'P7','P5','P9','PO3','PO7','O1','I1','POz','Oz','Iz','P8','P6','PO4','PO8','P10','O2','I2'}
6.72859255760504;2.19108942757904;-6.23089991981394;-18.7630889874733;-0.447110901051517;-0.506070521352517;9;1;[0.75 1.25] ;RDK2;center;17;orange;attended;nonprimed;{'P7','P5','P9','PO3','PO7','O1','I1','POz','Oz','Iz','P8','P6','PO4','PO8','P10','O2','I2'}
7.19970839919008;1.42560537961813;17.6571520525757;57.8150349399414;1.08048124334931;0.522265986029514;9;1;[0.75 1.25] ;RDK3;center;20;grün;not attended;not attended;{'P7','P5','P9','PO3','PO7','O1','I1','POz','Oz','Iz','P8','P6','PO4','PO8','P10','O2','I2'}
5.73541996381941;1.11748047388787;9.99482297207335;-24.1763912142654;0.521156411365146;-0.356309143598802;9;2;[0.75 1.25] ;RDK1;center;23;blau;not attended;not attended;{'P7','P5','P9','PO3','PO7','O1','I1','POz','Oz','Iz','P8','P6','PO4','PO8','P10','O2','I2'}
7.142349302499;2.82706519934387;1.03719364942181;5.39917362666233;0.0733195278978993;0.144819122768635;9;2;[0.75 1.25] ;RDK2;center;17;orange;attended;primed;{'P7','P5','P9','PO3','PO7','O1','I1','POz','Oz','Iz','P8','P6','PO4','PO8','P10','O2','I2'}
7.10640403911539;1.54850866884937;11.681732716608;63.6325243762301;0.743318630020004;0.602175612660015;9;2;[0.75 1.25] ;RDK3;center;20;grün;attended;nonprimed;{'P7','P5','P9','PO3','PO7','O1','I1','POz','Oz','Iz','P8','P6','PO4','PO8','P10','O2','I2'}
5.77244152094983;1.20520728138777;6.64186878132527;-3.09981049668021;0.359519197930038;-0.0385542505197396;9;3;[0.75 1.25] ;RDK1;center;23;blau;attended;nonprimed;{'P7','P5','P9','PO3','PO7','O1','I1','POz','Oz','Iz','P8','P6','PO4','PO8','P10','O2','I2'}
6.90673630485707;2.80394671567425;-4.30953191736522;20.6538832166594;-0.31105293084054;0.479987767217386;9;3;[0.75 1.25] ;RDK2;center;17;orange;not attended;not attended;{'P7','P5','P9','PO3','PO7','O1','I1','POz','Oz','Iz','P8','P6','PO4','PO8','P10','O2','I2'}
7.6781426533315;2.14647827294078;21.506058422488;81.4559938280858;1.35899877440336;0.963558807092554;9;3;[0.75 1.25] ;RDK3;center;20;grün;attended;primed;{'P7','P5','P9','PO3','PO7','O1','I1','POz','Oz','Iz','P8','P6','PO4','PO8','P10','O2','I2'}
6.04757185543285;1.90494807084761;9.06361285520088;26.0916811998601;0.502576877628516;0.394183797803939;9;1;[1 1.5] ;RDK1;center;23;blau;attended;primed;{'P7','P5','P9','PO3','PO7','O1','I1','POz','Oz','Iz','P8','P6','PO4','PO8','P10','O2','I2'}
7.05745934145483;2.47491366021773;-1.64784007425889;-8.2400114535983;-0.118244117201724;-0.222246288713826;9;1;[1 1.5] ;RDK2;center;17;orange;attended;nonprimed;{'P7','P5','P9','PO3','PO7','O1','I1','POz','Oz','Iz','P8','P6','PO4','PO8','P10','O2','I2'}
7.04950800740341;1.78891793904801;15.20258731815;98.0338676409682;0.930280851562638;0.88557854545939;9;1;[1 1.5] ;RDK3;center;20;grün;not attended;not attended;{'P7','P5','P9','PO3','PO7','O1','I1','POz','Oz','Iz','P8','P6','PO4','PO8','P10','O2','I2'}
6.0652001831866;1.33472607394352;16.3194020051367;-9.43577983540857;0.850936630732333;-0.139063543543152;9;2;[1 1.5] ;RDK1;center;23;blau;not attended;not attended;{'P7','P5','P9','PO3','PO7','O1','I1','POz','Oz','Iz','P8','P6','PO4','PO8','P10','O2','I2'}
7.27772246227005;2.77302191618881;2.95221118488962;3.38432183409059;0.208692687668951;0.0907758396135736;9;2;[1 1.5] ;RDK2;center;17;orange;attended;primed;{'P7','P5','P9','PO3','PO7','O1','I1','POz','Oz','Iz','P8','P6','PO4','PO8','P10','O2','I2'}
7.2907147990093;1.93043241902714;14.5782954380584;103.990804970979;0.927629389913913;0.984099362837783;9;2;[1 1.5] ;RDK3;center;20;grün;attended;nonprimed;{'P7','P5','P9','PO3','PO7','O1','I1','POz','Oz','Iz','P8','P6','PO4','PO8','P10','O2','I2'}
6.0345585982724;1.96678221009975;11.4843006818876;58.1317768433772;0.621636275252605;0.723020678192242;9;3;[1 1.5] ;RDK1;center;23;blau;attended;nonprimed;{'P7','P5','P9','PO3','PO7','O1','I1','POz','Oz','Iz','P8','P6','PO4','PO8','P10','O2','I2'}
6.98429274019612;3.02460769715622;-3.23501404483613;30.1489296600784;-0.233496495501488;0.700648748699356;9;3;[1 1.5] ;RDK2;center;17;orange;not attended;not attended;{'P7','P5','P9','PO3','PO7','O1','I1','POz','Oz','Iz','P8','P6','PO4','PO8','P10','O2','I2'}
7.37178217555603;2.2292337004955;16.6579257696288;88.4518570245191;1.05263829662789;1.04631423464728;9;3;[1 1.5] ;RDK3;center;20;grün;attended;primed;{'P7','P5','P9','PO3','PO7','O1','I1','POz','Oz','Iz','P8','P6','PO4','PO8','P10','O2','I2'}
5.95653025596929;1.55185956275301;7.42174302794265;2.72016557729078;0.411535278164963;0.0410952897093413;9;1;[1.25 1.75] ;RDK1;center;23;blau;attended;primed;{'P7','P5','P9','PO3','PO7','O1','I1','POz','Oz','Iz','P8','P6','PO4','PO8','P10','O2','I2'}
7.02647740484902;2.39391505367616;-2.07960173754823;-11.243118724773;-0.149226053807531;-0.303244895255403;9;1;[1.25 1.75] ;RDK2;center;17;orange;attended;nonprimed;{'P7','P5','P9','PO3','PO7','O1','I1','POz','Oz','Iz','P8','P6','PO4','PO8','P10','O2','I2'}
7.02300337644724;1.23583674009434;14.7694504157083;36.8075774028676;0.903776220606463;0.332497346505725;9;1;[1.25 1.75] ;RDK3;center;20;grün;not attended;not attended;{'P7','P5','P9','PO3','PO7','O1','I1','POz','Oz','Iz','P8','P6','PO4','PO8','P10','O2','I2'}
6.04627392626456;1.34396268184638;15.9564311515993;-8.80905484065551;0.832010373810298;-0.129826935640288;9;2;[1.25 1.75] ;RDK1;center;23;blau;not attended;not attended;{'P7','P5','P9','PO3','PO7','O1','I1','POz','Oz','Iz','P8','P6','PO4','PO8','P10','O2','I2'}
6.95301553890176;2.29345948083908;-1.64116207454913;-14.494814593319;-0.116014235699339;-0.388786595736154;9;2;[1.25 1.75] ;RDK2;center;17;orange;attended;primed;{'P7','P5','P9','PO3','PO7','O1','I1','POz','Oz','Iz','P8','P6','PO4','PO8','P10','O2','I2'}
7.11853178162381;0.975219537634655;11.8723280289243;3.05246459017485;0.755446372528422;0.0288864814452996;9;2;[1.25 1.75] ;RDK3;center;20;grün;attended;nonprimed;{'P7','P5','P9','PO3','PO7','O1','I1','POz','Oz','Iz','P8','P6','PO4','PO8','P10','O2','I2'}
6.12630670103013;1.635191959763;13.179283489373;31.4715013942564;0.713384378010331;0.391430427855496;9;3;[1.25 1.75] ;RDK1;center;23;blau;attended;nonprimed;{'P7','P5','P9','PO3','PO7','O1','I1','POz','Oz','Iz','P8','P6','PO4','PO8','P10','O2','I2'}
7.03908965814168;2.54319470608396;-2.47582149769804;9.43371903245855;-0.178699577555936;0.219235757627099;9;3;[1.25 1.75] ;RDK2;center;17;orange;not attended;not attended;{'P7','P5','P9','PO3','PO7','O1','I1','POz','Oz','Iz','P8','P6','PO4','PO8','P10','O2','I2'}
7.02434971753289;1.23800837764373;11.1598319664209;4.65702977979201;0.70520583860475;0.0550889117955082;9;3;[1.25 1.75] ;RDK3;center;20;grün;attended;primed;{'P7','P5','P9','PO3','PO7','O1','I1','POz','Oz','Iz','P8','P6','PO4','PO8','P10','O2','I2'}
6.66227344150457;0.772228886099423;0;0;0;0;10;1;[-0.5 0] ;RDK1;center;23;grün;attended;primed;{'P7','P5','P9','PO3','PO7','O1','I1','POz','Oz','Iz','P8','P6','PO4','PO8','P10','O2','I2'}
9.37732533200294;2.83035639912834;0;0;0;0;10;1;[-0.5 0] ;RDK2;center;20;orange;attended;nonprimed;{'P7','P5','P9','PO3','PO7','O1','I1','POz','Oz','Iz','P8','P6','PO4','PO8','P10','O2','I2'}
14.0403854447792;3.54314973640226;0;0;0;0;10;1;[-0.5 0] ;RDK3;center;17;blau;not attended;not attended;{'P7','P5','P9','PO3','PO7','O1','I1','POz','Oz','Iz','P8','P6','PO4','PO8','P10','O2','I2'}
6.62105818140021;1.20170880591168;0;0;0;0;10;2;[-0.5 0] ;RDK1;center;23;grün;not attended;not attended;{'P7','P5','P9','PO3','PO7','O1','I1','POz','Oz','Iz','P8','P6','PO4','PO8','P10','O2','I2'}
9.20310902919165;2.55042989171064;0;0;0;0;10;2;[-0.5 0] ;RDK2;center;20;orange;attended;primed;{'P7','P5','P9','PO3','PO7','O1','I1','POz','Oz','Iz','P8','P6','PO4','PO8','P10','O2','I2'}
13.5361635242652;3.12327389452792;0;0;0;0;10;2;[-0.5 0] ;RDK3;center;17;blau;attended;nonprimed;{'P7','P5','P9','PO3','PO7','O1','I1','POz','Oz','Iz','P8','P6','PO4','PO8','P10','O2','I2'}
7.01434883273025;1.15377157737766;0;0;0;0;10;3;[-0.5 0] ;RDK1;center;23;grün;attended;nonprimed;{'P7','P5','P9','PO3','PO7','O1','I1','POz','Oz','Iz','P8','P6','PO4','PO8','P10','O2','I2'}
9.39064401954547;3.26979828851795;0;0;0;0;10;3;[-0.5 0] ;RDK2;center;20;orange;not attended;not attended;{'P7','P5','P9','PO3','PO7','O1','I1','POz','Oz','Iz','P8','P6','PO4','PO8','P10','O2','I2'}
13.4318759365859;3.80242293290962;0;0;0;0;10;3;[-0.5 0] ;RDK3;center;17;blau;attended;primed;{'P7','P5','P9','PO3','PO7','O1','I1','POz','Oz','Iz','P8','P6','PO4','PO8','P10','O2','I2'}
6.77241974610549;1.29532256641539;1.65328405638128;67.7381654237446;0.110146304600919;0.523093680315967;10;1;[0.25 0.75] ;RDK1;center;23;grün;attended;primed;{'P7','P5','P9','PO3','PO7','O1','I1','POz','Oz','Iz','P8','P6','PO4','PO8','P10','O2','I2'}
9.41989468017854;3.89638706434906;0.453960448938684;37.6641848195874;0.0425693481756007;1.06603066522072;10;1;[0.25 0.75] ;RDK2;center;20;orange;attended;nonprimed;{'P7','P5','P9','PO3','PO7','O1','I1','POz','Oz','Iz','P8','P6','PO4','PO8','P10','O2','I2'}
12.8324389220363;4.43389014582828;-8.60337152063072;25.1397901780602;-1.20794652274292;0.89074040942602;10;1;[0.25 0.75] ;RDK3;center;17;blau;not attended;not attended;{'P7','P5','P9','PO3','PO7','O1','I1','POz','Oz','Iz','P8','P6','PO4','PO8','P10','O2','I2'}
6.6118256927076;1.75769297637012;-0.139441286266773;46.266131006391;-0.00923248869261606;0.555984170458436;10;2;[0.25 0.75] ;RDK1;center;23;grün;not attended;not attended;{'P7','P5','P9','PO3','PO7','O1','I1','POz','Oz','Iz','P8','P6','PO4','PO8','P10','O2','I2'}
8.57426221985623;3.2003269535384;-6.83298228175677;25.4818634278107;-0.628846809335423;0.649897061827766;10;2;[0.25 0.75] ;RDK2;center;20;orange;attended;primed;{'P7','P5','P9','PO3','PO7','O1','I1','POz','Oz','Iz','P8','P6','PO4','PO8','P10','O2','I2'}
12.432043597709;3.75651868570984;-8.15681581104525;20.2750323079697;-1.1041199265562;0.633244791181918;10;2;[0.25 0.75] ;RDK3;center;17;blau;attended;nonprimed;{'P7','P5','P9','PO3','PO7','O1','I1','POz','Oz','Iz','P8','P6','PO4','PO8','P10','O2','I2'}
6.50233367557439;1.06064475985134;-7.29953940651916;-8.07151253786152;-0.512015157155862;-0.0931268175263209;10;3;[0.25 0.75] ;RDK1;center;23;grün;attended;nonprimed;{'P7','P5','P9','PO3','PO7','O1','I1','POz','Oz','Iz','P8','P6','PO4','PO8','P10','O2','I2'}
8.92631471426778;3.40792839252706;-4.94459490010745;4.22442278761241;-0.46432930527769;0.138130104009113;10;3;[0.25 0.75] ;RDK2;center;20;orange;not attended;not attended;{'P7','P5','P9','PO3','PO7','O1','I1','POz','Oz','Iz','P8','P6','PO4','PO8','P10','O2','I2'}
12.2042420935307;4.62523078972398;-9.1397050482822;21.6390409833958;-1.22763384305514;0.822807856814354;10;3;[0.25 0.75] ;RDK3;center;17;blau;attended;primed;{'P7','P5','P9','PO3','PO7','O1','I1','POz','Oz','Iz','P8','P6','PO4','PO8','P10','O2','I2'}
6.58417707546804;1.46528798651911;-1.17221796316566;89.7478860083017;-0.0780963660365313;0.693059100419688;10;1;[0.75 1.25] ;RDK1;center;23;grün;attended;primed;{'P7','P5','P9','PO3','PO7','O1','I1','POz','Oz','Iz','P8','P6','PO4','PO8','P10','O2','I2'}
8.95696001570689;3.27930430184662;-4.48278481777135;15.8618859044233;-0.420365316296055;0.448947902718281;10;1;[0.75 1.25] ;RDK2;center;20;orange;attended;nonprimed;{'P7','P5','P9','PO3','PO7','O1','I1','POz','Oz','Iz','P8','P6','PO4','PO8','P10','O2','I2'}
11.6470875589017;3.25966944872524;-17.0458132740753;-8.00079897173273;-2.39329788587752;-0.283480287677023;10;1;[0.75 1.25] ;RDK3;center;17;blau;not attended;not attended;{'P7','P5','P9','PO3','PO7','O1','I1','POz','Oz','Iz','P8','P6','PO4','PO8','P10','O2','I2'}
6.35414666395921;1.03780612983315;-4.03125165386414;-13.6391341456621;-0.266911517441003;-0.163902676078529;10;2;[0.75 1.25] ;RDK1;center;23;grün;not attended;not attended;{'P7','P5','P9','PO3','PO7','O1','I1','POz','Oz','Iz','P8','P6','PO4','PO8','P10','O2','I2'}
8.73180246568913;2.8302389034049;-5.12116679273895;10.971052864605;-0.471306563502523;0.279809011694263;10;2;[0.75 1.25] ;RDK2;center;20;orange;attended;primed;{'P7','P5','P9','PO3','PO7','O1','I1','POz','Oz','Iz','P8','P6','PO4','PO8','P10','O2','I2'}
12.1424941390888;4.26976391524751;-10.2958964900071;36.7079564404607;-1.39366938517644;1.14649002071959;10;2;[0.75 1.25] ;RDK3;center;17;blau;attended;nonprimed;{'P7','P5','P9','PO3','PO7','O1','I1','POz','Oz','Iz','P8','P6','PO4','PO8','P10','O2','I2'}
6.29643962394058;1.19868319909767;-10.2348660710995;3.8925921387386;-0.717909208789671;0.0449116217200034;10;3;[0.75 1.25] ;RDK1;center;23;grün;attended;nonprimed;{'P7','P5','P9','PO3','PO7','O1','I1','POz','Oz','Iz','P8','P6','PO4','PO8','P10','O2','I2'}
8.43271955861225;2.92118776383983;-10.2008388236144;-10.6615299757873;-0.957924460933219;-0.348610524678122;10;3;[0.75 1.25] ;RDK2;center;20;orange;not attended;not attended;{'P7','P5','P9','PO3','PO7','O1','I1','POz','Oz','Iz','P8','P6','PO4','PO8','P10','O2','I2'}
11.08073301229;3.74886255458469;-17.5042036972049;-1.40858550639833;-2.35114292429583;-0.0535603783249314;10;3;[0.75 1.25] ;RDK3;center;17;blau;attended;primed;{'P7','P5','P9','PO3','PO7','O1','I1','POz','Oz','Iz','P8','P6','PO4','PO8','P10','O2','I2'}
6.4033430431763;1.76580756336316;-3.88651712664914;128.663754380177;-0.258930398328272;0.993578677263734;10;1;[1 1.5] ;RDK1;center;23;grün;attended;primed;{'P7','P5','P9','PO3','PO7','O1','I1','POz','Oz','Iz','P8','P6','PO4','PO8','P10','O2','I2'}
9.67090555337759;4.00799761152915;3.13074582549375;41.607523800306;0.293580221374651;1.17764121240081;10;1;[1 1.5] ;RDK2;center;20;orange;attended;nonprimed;{'P7','P5','P9','PO3','PO7','O1','I1','POz','Oz','Iz','P8','P6','PO4','PO8','P10','O2','I2'}
12.1342890446003;4.07410455235529;-13.5758124851743;14.9853902728977;-1.90609640017894;0.530954815953026;10;1;[1 1.5] ;RDK3;center;17;blau;not attended;not attended;{'P7','P5','P9','PO3','PO7','O1','I1','POz','Oz','Iz','P8','P6','PO4','PO8','P10','O2','I2'}
6.48694314784054;1.50687578185651;-2.02558306973384;25.3944195501933;-0.13411503355967;0.30516697594483;10;2;[1 1.5] ;RDK1;center;23;grün;not attended;not attended;{'P7','P5','P9','PO3','PO7','O1','I1','POz','Oz','Iz','P8','P6','PO4','PO8','P10','O2','I2'}
9.3854162207556;4.03355686589064;1.98093047670826;58.1520385641823;0.182307191563947;1.48312697418;10;2;[1 1.5] ;RDK2;center;20;orange;attended;primed;{'P7','P5','P9','PO3','PO7','O1','I1','POz','Oz','Iz','P8','P6','PO4','PO8','P10','O2','I2'}
13.0993045940658;4.77600233695086;-3.2273467250619;52.9165388062373;-0.436858930199396;1.65272844242294;10;2;[1 1.5] ;RDK3;center;17;blau;attended;nonprimed;{'P7','P5','P9','PO3','PO7','O1','I1','POz','Oz','Iz','P8','P6','PO4','PO8','P10','O2','I2'}
6.39750163479628;1.70958165305233;-8.79407643736865;48.17332014175;-0.616847197933974;0.555810075674661;10;3;[1 1.5] ;RDK1;center;23;grün;attended;nonprimed;{'P7','P5','P9','PO3','PO7','O1','I1','POz','Oz','Iz','P8','P6','PO4','PO8','P10','O2','I2'}
9.28651672466848;3.98115494105611;-1.10884082774587;21.7553680615751;-0.104127294876996;0.711356652538162;10;3;[1 1.5] ;RDK2;center;20;orange;not attended;not attended;{'P7','P5','P9','PO3','PO7','O1','I1','POz','Oz','Iz','P8','P6','PO4','PO8','P10','O2','I2'}
11.6770456301141;4.36481268643254;-13.0646703018744;14.7902998547448;-1.75483030647174;0.562389753522916;10;3;[1 1.5] ;RDK3;center;17;blau;attended;primed;{'P7','P5','P9','PO3','PO7','O1','I1','POz','Oz','Iz','P8','P6','PO4','PO8','P10','O2','I2'}
6.40497484250306;1.52625160735117;-3.86202399617211;97.6423874870011;-0.257298599001508;0.754022721251751;10;1;[1.25 1.75] ;RDK1;center;23;grün;attended;primed;{'P7','P5','P9','PO3','PO7','O1','I1','POz','Oz','Iz','P8','P6','PO4','PO8','P10','O2','I2'}
9.24514423128706;3.79483249446386;-1.40958211468649;34.0761359817634;-0.132181100715879;0.964476095335516;10;1;[1.25 1.75] ;RDK2;center;20;orange;attended;nonprimed;{'P7','P5','P9','PO3','PO7','O1','I1','POz','Oz','Iz','P8','P6','PO4','PO8','P10','O2','I2'}
12.4127073999983;3.37181251809608;-11.5928302052856;-4.83573179382931;-1.62767804478089;-0.171337218306184;10;1;[1.25 1.75] ;RDK3;center;17;blau;not attended;not attended;{'P7','P5','P9','PO3','PO7','O1','I1','POz','Oz','Iz','P8','P6','PO4','PO8','P10','O2','I2'}
6.85346638131465;1.52217681941943;3.51013680210994;26.667692866295;0.23240819991444;0.320468013507748;10;2;[1.25 1.75] ;RDK1;center;23;grün;not attended;not attended;{'P7','P5','P9','PO3','PO7','O1','I1','POz','Oz','Iz','P8','P6','PO4','PO8','P10','O2','I2'}
9.46331005398504;3.87879001177274;2.82731655104869;52.0837731858272;0.260201024793393;1.32836012006211;10;2;[1.25 1.75] ;RDK2;center;20;orange;attended;primed;{'P7','P5','P9','PO3','PO7','O1','I1','POz','Oz','Iz','P8','P6','PO4','PO8','P10','O2','I2'}
11.9718569371495;3.66651643832884;-11.5564988876757;17.3933686940714;-1.56430658711567;0.543242543800924;10;2;[1.25 1.75] ;RDK3;center;17;blau;attended;nonprimed;{'P7','P5','P9','PO3','PO7','O1','I1','POz','Oz','Iz','P8','P6','PO4','PO8','P10','O2','I2'}
6.42352744572842;1.5861987219407;-8.42303970177458;37.4794416019394;-0.590821387001832;0.432427144563036;10;3;[1.25 1.75] ;RDK1;center;23;grün;attended;nonprimed;{'P7','P5','P9','PO3','PO7','O1','I1','POz','Oz','Iz','P8','P6','PO4','PO8','P10','O2','I2'}
9.03554506431338;3.1304762754505;-3.78141216399003;-4.26087485447282;-0.355098955232094;-0.139322013067444;10;3;[1.25 1.75] ;RDK2;center;20;orange;not attended;not attended;{'P7','P5','P9','PO3','PO7','O1','I1','POz','Oz','Iz','P8','P6','PO4','PO8','P10','O2','I2'}
12.6127423635975;5.0225312558774;-6.09843015864388;32.0876542271993;-0.819133572988381;1.22010832296777;10;3;[1.25 1.75] ;RDK3;center;17;blau;attended;primed;{'P7','P5','P9','PO3','PO7','O1','I1','POz','Oz','Iz','P8','P6','PO4','PO8','P10','O2','I2'}
8.0422201458685;3.48429631081102;0;0;0;0;11;1;[-0.5 0] ;RDK1;center;17;blau;attended;primed;{'P7','P5','P9','PO3','PO7','O1','I1','POz','Oz','Iz','P8','P6','PO4','PO8','P10','O2','I2'}
7.95365252430083;1.08003106903774;0;0;0;0;11;1;[-0.5 0] ;RDK2;center;20;grün;attended;nonprimed;{'P7','P5','P9','PO3','PO7','O1','I1','POz','Oz','Iz','P8','P6','PO4','PO8','P10','O2','I2'}
6.61793081469126;2.05883707544383;0;0;0;0;11;1;[-0.5 0] ;RDK3;center;23;orange;not attended;not attended;{'P7','P5','P9','PO3','PO7','O1','I1','POz','Oz','Iz','P8','P6','PO4','PO8','P10','O2','I2'}
8.00317840878241;3.78922352909502;0;0;0;0;11;2;[-0.5 0] ;RDK1;center;17;blau;not attended;not attended;{'P7','P5','P9','PO3','PO7','O1','I1','POz','Oz','Iz','P8','P6','PO4','PO8','P10','O2','I2'}
7.94165060638842;0.79890463801261;0;0;0;0;11;2;[-0.5 0] ;RDK2;center;20;grün;attended;primed;{'P7','P5','P9','PO3','PO7','O1','I1','POz','Oz','Iz','P8','P6','PO4','PO8','P10','O2','I2'}
6.78423749807194;2.07395992768566;0;0;0;0;11;2;[-0.5 0] ;RDK3;center;23;orange;attended;nonprimed;{'P7','P5','P9','PO3','PO7','O1','I1','POz','Oz','Iz','P8','P6','PO4','PO8','P10','O2','I2'}
8.45557131702544;3.83845181837341;0;0;0;0;11;3;[-0.5 0] ;RDK1;center;17;blau;attended;nonprimed;{'P7','P5','P9','PO3','PO7','O1','I1','POz','Oz','Iz','P8','P6','PO4','PO8','P10','O2','I2'}
8.15724004987139;0.892838349203449;0;0;0;0;11;3;[-0.5 0] ;RDK2;center;20;grün;not attended;not attended;{'P7','P5','P9','PO3','PO7','O1','I1','POz','Oz','Iz','P8','P6','PO4','PO8','P10','O2','I2'}
6.58325919846064;2.3693682114463;0;0;0;0;11;3;[-0.5 0] ;RDK3;center;23;orange;attended;primed;{'P7','P5','P9','PO3','PO7','O1','I1','POz','Oz','Iz','P8','P6','PO4','PO8','P10','O2','I2'}
8.37438058853149;5.0046209126576;4.13020828376147;43.6336197105092;0.332160442662994;1.52032460184658;11;1;[0.25 0.75] ;RDK1;center;17;blau;attended;primed;{'P7','P5','P9','PO3','PO7','O1','I1','POz','Oz','Iz','P8','P6','PO4','PO8','P10','O2','I2'}
7.82606617034291;1.84022148941302;-1.60412280481337;70.3859770490292;-0.127586353957923;0.760190420375286;11;1;[0.25 0.75] ;RDK2;center;20;grün;attended;nonprimed;{'P7','P5','P9','PO3','PO7','O1','I1','POz','Oz','Iz','P8','P6','PO4','PO8','P10','O2','I2'}
6.20792121369375;1.93671040385287;-6.19543498531782;-5.93182787737729;-0.410009600997511;-0.122126671590956;11;1;[0.25 0.75] ;RDK3;center;23;orange;not attended;not attended;{'P7','P5','P9','PO3','PO7','O1','I1','POz','Oz','Iz','P8','P6','PO4','PO8','P10','O2','I2'}
7.81294110134177;4.02866566909384;-2.37702194957795;6.31902916680149;-0.190237307440642;0.23944213999882;11;2;[0.25 0.75] ;RDK1;center;17;blau;not attended;not attended;{'P7','P5','P9','PO3','PO7','O1','I1','POz','Oz','Iz','P8','P6','PO4','PO8','P10','O2','I2'}
7.72659542765553;1.5856336949233;-2.70794057043883;98.475965650643;-0.215055178732893;0.786729056910692;11;2;[0.25 0.75] ;RDK2;center;20;grün;attended;primed;{'P7','P5','P9','PO3','PO7','O1','I1','POz','Oz','Iz','P8','P6','PO4','PO8','P10','O2','I2'}
6.15877292167008;2.11607098397356;-9.21937913552728;2.03046624603282;-0.625464576401862;0.0421110562879039;11;2;[0.25 0.75] ;RDK3;center;23;orange;attended;nonprimed;{'P7','P5','P9','PO3','PO7','O1','I1','POz','Oz','Iz','P8','P6','PO4','PO8','P10','O2','I2'}
8.285957842391;4.17247374591784;-2.00593748518114;8.7019961002397;-0.169613474634438;0.334021927544434;11;3;[0.25 0.75] ;RDK1;center;17;blau;attended;nonprimed;{'P7','P5','P9','PO3','PO7','O1','I1','POz','Oz','Iz','P8','P6','PO4','PO8','P10','O2','I2'}
7.676081690853;1.4251017718833;-5.89854357695375;59.6147581647573;-0.481158359018387;0.532263422679847;11;3;[0.25 0.75] ;RDK2;center;20;grün;not attended;not attended;{'P7','P5','P9','PO3','PO7','O1','I1','POz','Oz','Iz','P8','P6','PO4','PO8','P10','O2','I2'}
6.50011783919183;2.50046481535985;-1.26292094481485;5.53297724179058;-0.0831413592688097;0.131096603913544;11;3;[0.25 0.75] ;RDK3;center;23;orange;attended;primed;{'P7','P5','P9','PO3','PO7','O1','I1','POz','Oz','Iz','P8','P6','PO4','PO8','P10','O2','I2'}
8.35499304667857;4.78195598505741;3.88913627253475;37.2430918179957;0.312772900810069;1.29765967424639;11;1;[0.75 1.25] ;RDK1;center;17;blau;attended;primed;{'P7','P5','P9','PO3','PO7','O1','I1','POz','Oz','Iz','P8','P6','PO4','PO8','P10','O2','I2'}
7.94779762423416;2.55911383167651;-0.0736127213098792;136.94816797785;-0.00585490006666944;1.47908276263877;11;1;[0.75 1.25] ;RDK2;center;20;grün;attended;nonprimed;{'P7','P5','P9','PO3','PO7','O1','I1','POz','Oz','Iz','P8','P6','PO4','PO8','P10','O2','I2'}
6.29360888122973;2.20309233375534;-4.9006546387817;7.00663787494773;-0.324321933461531;0.144255258311513;11;1;[0.75 1.25] ;RDK3;center;23;orange;not attended;not attended;{'P7','P5','P9','PO3','PO7','O1','I1','POz','Oz','Iz','P8','P6','PO4','PO8','P10','O2','I2'}
7.7686904609473;3.84451090102821;-2.92993528143498;1.45906863262812;-0.234487947835103;0.0552873719331903;11;2;[0.75 1.25] ;RDK1;center;17;blau;not attended;not attended;{'P7','P5','P9','PO3','PO7','O1','I1','POz','Oz','Iz','P8','P6','PO4','PO8','P10','O2','I2'}
7.95172745717597;2.41135552984018;0.126886100723711;201.832711328197;0.0100768507875468;1.61245089182757;11;2;[0.75 1.25] ;RDK2;center;20;grün;attended;primed;{'P7','P5','P9','PO3','PO7','O1','I1','POz','Oz','Iz','P8','P6','PO4','PO8','P10','O2','I2'}
6.40435233590829;2.53215838769847;-5.59952628827641;22.0929273461959;-0.379885162163644;0.45819846001281;11;2;[0.75 1.25] ;RDK3;center;23;orange;attended;nonprimed;{'P7','P5','P9','PO3','PO7','O1','I1','POz','Oz','Iz','P8','P6','PO4','PO8','P10','O2','I2'}
8.14408376529745;3.97847150272913;-3.68381437574538;3.64781664538538;-0.311487551727986;0.140019684355723;11;3;[0.75 1.25] ;RDK1;center;17;blau;attended;nonprimed;{'P7','P5','P9','PO3','PO7','O1','I1','POz','Oz','Iz','P8','P6','PO4','PO8','P10','O2','I2'}
8.33745341063625;2.06967219130486;2.20924429908991;131.8081647312;0.180213360764862;1.17683384210141;11;3;[0.75 1.25] ;RDK2;center;20;grün;not attended;not attended;{'P7','P5','P9','PO3','PO7','O1','I1','POz','Oz','Iz','P8','P6','PO4','PO8','P10','O2','I2'}
6.40622323562657;2.42847692177576;-2.68918414871883;2.49470344220479;-0.177035962834077;0.0591087103294572;11;3;[0.75 1.25] ;RDK3;center;23;orange;attended;primed;{'P7','P5','P9','PO3','PO7','O1','I1','POz','Oz','Iz','P8','P6','PO4','PO8','P10','O2','I2'}
8.7682660564578;4.82884414918822;9.02792882338945;38.5887914930012;0.726045910589296;1.3445478383772;11;1;[1 1.5] ;RDK1;center;17;blau;attended;primed;{'P7','P5','P9','PO3','PO7','O1','I1','POz','Oz','Iz','P8','P6','PO4','PO8','P10','O2','I2'}
8.9026013413166;3.19036276854271;11.9309815725095;195.395462223619;0.948948817015772;2.11033169950498;11;1;[1 1.5] ;RDK2;center;20;grün;attended;nonprimed;{'P7','P5','P9','PO3','PO7','O1','I1','POz','Oz','Iz','P8','P6','PO4','PO8','P10','O2','I2'}
6.37811079715711;2.31579474990184;-3.6237915482852;12.4807192139098;-0.239820017534144;0.256957674458016;11;1;[1 1.5] ;RDK3;center;23;orange;not attended;not attended;{'P7','P5','P9','PO3','PO7','O1','I1','POz','Oz','Iz','P8','P6','PO4','PO8','P10','O2','I2'}
8.19937594443964;4.24380020588232;2.45149521397567;11.9965653463537;0.196197535657236;0.454576676787295;11;2;[1 1.5] ;RDK1;center;17;blau;not attended;not attended;{'P7','P5','P9','PO3','PO7','O1','I1','POz','Oz','Iz','P8','P6','PO4','PO8','P10','O2','I2'}
8.41484533068281;3.37168931745296;5.95839262827487;322.039021558383;0.473194724294395;2.57278467944035;11;2;[1 1.5] ;RDK2;center;20;grün;attended;primed;{'P7','P5','P9','PO3','PO7','O1','I1','POz','Oz','Iz','P8','P6','PO4','PO8','P10','O2','I2'}
6.75920371016766;2.73712277351731;-0.368999285644056;31.9756827014337;-0.0250337879042819;0.663162845831651;11;2;[1 1.5] ;RDK3;center;23;orange;attended;nonprimed;{'P7','P5','P9','PO3','PO7','O1','I1','POz','Oz','Iz','P8','P6','PO4','PO8','P10','O2','I2'}
8.4510243295005;4.54259829256869;-0.0537750478880605;18.3445437773835;-0.00454698752493954;0.704146474195282;11;3;[1 1.5] ;RDK1;center;17;blau;attended;nonprimed;{'P7','P5','P9','PO3','PO7','O1','I1','POz','Oz','Iz','P8','P6','PO4','PO8','P10','O2','I2'}
8.62882067606999;2.85486077102601;5.78112968743691;219.751136762101;0.471580626198609;1.96202242182256;11;3;[1 1.5] ;RDK2;center;20;grün;not attended;not attended;{'P7','P5','P9','PO3','PO7','O1','I1','POz','Oz','Iz','P8','P6','PO4','PO8','P10','O2','I2'}
6.4803756750547;2.44644403201423;-1.56280529604551;3.25301150726895;-0.102883523405946;0.0770758205679209;11;3;[1 1.5] ;RDK3;center;23;orange;attended;primed;{'P7','P5','P9','PO3','PO7','O1','I1','POz','Oz','Iz','P8','P6','PO4','PO8','P10','O2','I2'}
8.40914076593667;4.23915971458228;4.56242944626009;21.6647304487015;0.366920620068166;0.754863403771258;11;1;[1.25 1.75] ;RDK1;center;17;blau;attended;primed;{'P7','P5','P9','PO3','PO7','O1','I1','POz','Oz','Iz','P8','P6','PO4','PO8','P10','O2','I2'}
8.21183069798741;1.68261737278684;3.24603284965959;55.7934230805027;0.258178173686584;0.602586303749101;11;1;[1.25 1.75] ;RDK2;center;20;grün;attended;nonprimed;{'P7','P5','P9','PO3','PO7','O1','I1','POz','Oz','Iz','P8','P6','PO4','PO8','P10','O2','I2'}
6.39965903057772;1.83925082578379;-3.29818776027391;-10.6655476666461;-0.218271784113543;-0.219586249660043;11;1;[1.25 1.75] ;RDK3;center;23;orange;not attended;not attended;{'P7','P5','P9','PO3','PO7','O1','I1','POz','Oz','Iz','P8','P6','PO4','PO8','P10','O2','I2'}
7.66187109666712;3.59443772702196;-4.26464705248539;-5.14052023000051;-0.341307312115286;-0.194785802073069;11;2;[1.25 1.75] ;RDK1;center;17;blau;not attended;not attended;{'P7','P5','P9','PO3','PO7','O1','I1','POz','Oz','Iz','P8','P6','PO4','PO8','P10','O2','I2'}
7.84760340953844;1.52357244113991;-1.18422732894248;90.7076725615234;-0.0940471968499779;0.724667803127302;11;2;[1.25 1.75] ;RDK2;center;20;grün;attended;primed;{'P7','P5','P9','PO3','PO7','O1','I1','POz','Oz','Iz','P8','P6','PO4','PO8','P10','O2','I2'}
6.25368524137126;2.21582926317577;-7.82036679658491;6.840505141699;-0.53055225670068;0.141869335490115;11;2;[1.25 1.75] ;RDK3;center;23;orange;attended;nonprimed;{'P7','P5','P9','PO3','PO7','O1','I1','POz','Oz','Iz','P8','P6','PO4','PO8','P10','O2','I2'}
8.6655634366549;4.68053893158339;2.48347641757376;21.9381967797325;0.209992119629458;0.842087113209979;11;3;[1.25 1.75] ;RDK1;center;17;blau;attended;nonprimed;{'P7','P5','P9','PO3','PO7','O1','I1','POz','Oz','Iz','P8','P6','PO4','PO8','P10','O2','I2'}
8.91839586232043;1.71779127654986;9.33104589046692;92.396672710396;0.761155812449045;0.824952927346413;11;3;[1.25 1.75] ;RDK2;center;20;grün;not attended;not attended;{'P7','P5','P9','PO3','PO7','O1','I1','POz','Oz','Iz','P8','P6','PO4','PO8','P10','O2','I2'}
6.47244284811063;2.39041937274091;-1.68330529012021;0.888471500246868;-0.110816350350013;0.0210511612946092;11;3;[1.25 1.75] ;RDK3;center;23;orange;attended;primed;{'P7','P5','P9','PO3','PO7','O1','I1','POz','Oz','Iz','P8','P6','PO4','PO8','P10','O2','I2'}
6.40711242149318;1.12268295243585;0;0;0;0;12;1;[-0.5 0] ;RDK1;center;17;grün;attended;primed;{'P7','P5','P9','PO3','PO7','O1','I1','POz','Oz','Iz','P8','P6','PO4','PO8','P10','O2','I2'}
5.79031895620251;1.56896077372909;0;0;0;0;12;1;[-0.5 0] ;RDK2;center;20;orange;attended;nonprimed;{'P7','P5','P9','PO3','PO7','O1','I1','POz','Oz','Iz','P8','P6','PO4','PO8','P10','O2','I2'}
4.67589942470395;1.13737722860472;0;0;0;0;12;1;[-0.5 0] ;RDK3;center;23;blau;not attended;not attended;{'P7','P5','P9','PO3','PO7','O1','I1','POz','Oz','Iz','P8','P6','PO4','PO8','P10','O2','I2'}
6.46082395665786;0.949940639855635;0;0;0;0;12;2;[-0.5 0] ;RDK1;center;17;grün;not attended;not attended;{'P7','P5','P9','PO3','PO7','O1','I1','POz','Oz','Iz','P8','P6','PO4','PO8','P10','O2','I2'}
5.5837109293873;1.63392480756093;0;0;0;0;12;2;[-0.5 0] ;RDK2;center;20;orange;attended;primed;{'P7','P5','P9','PO3','PO7','O1','I1','POz','Oz','Iz','P8','P6','PO4','PO8','P10','O2','I2'}
4.81868929884552;0.975455388763911;0;0;0;0;12;2;[-0.5 0] ;RDK3;center;23;blau;attended;nonprimed;{'P7','P5','P9','PO3','PO7','O1','I1','POz','Oz','Iz','P8','P6','PO4','PO8','P10','O2','I2'}
6.65377141339747;1.15563219199084;0;0;0;0;12;3;[-0.5 0] ;RDK1;center;17;grün;attended;nonprimed;{'P7','P5','P9','PO3','PO7','O1','I1','POz','Oz','Iz','P8','P6','PO4','PO8','P10','O2','I2'}
5.70320466524875;1.25534401328316;0;0;0;0;12;3;[-0.5 0] ;RDK2;center;20;orange;not attended;not attended;{'P7','P5','P9','PO3','PO7','O1','I1','POz','Oz','Iz','P8','P6','PO4','PO8','P10','O2','I2'}
4.60399856394772;0.995461068676608;0;0;0;0;12;3;[-0.5 0] ;RDK3;center;23;blau;attended;primed;{'P7','P5','P9','PO3','PO7','O1','I1','POz','Oz','Iz','P8','P6','PO4','PO8','P10','O2','I2'}
6.17777451131139;1.76540677441596;-3.57942697263222;57.2489161419629;-0.229337910181796;0.642723821980112;12;1;[0.25 0.75] ;RDK1;center;17;grün;attended;primed;{'P7','P5','P9','PO3','PO7','O1','I1','POz','Oz','Iz','P8','P6','PO4','PO8','P10','O2','I2'}
5.47963551590346;1.41367674015496;-5.36556695147605;-9.89725404065092;-0.310683440299055;-0.15528403357413;12;1;[0.25 0.75] ;RDK2;center;20;orange;attended;nonprimed;{'P7','P5','P9','PO3','PO7','O1','I1','POz','Oz','Iz','P8','P6','PO4','PO8','P10','O2','I2'}
4.49503028878259;1.00393869083931;-3.86811433466214;-11.7321267218536;-0.180869135921358;-0.133438537765412;12;1;[0.25 0.75] ;RDK3;center;23;blau;not attended;not attended;{'P7','P5','P9','PO3','PO7','O1','I1','POz','Oz','Iz','P8','P6','PO4','PO8','P10','O2','I2'}
5.87014463907993;1.35198130003467;-9.14247658720431;42.3227140003335;-0.590679317577932;0.402040660179039;12;2;[0.25 0.75] ;RDK1;center;17;grün;not attended;not attended;{'P7','P5','P9','PO3','PO7','O1','I1','POz','Oz','Iz','P8','P6','PO4','PO8','P10','O2','I2'}
5.5695724131295;1.7386936662272;-0.253210032478202;6.41209792405697;-0.0141385162577903;0.104768858666266;12;2;[0.25 0.75] ;RDK2;center;20;orange;attended;primed;{'P7','P5','P9','PO3','PO7','O1','I1','POz','Oz','Iz','P8','P6','PO4','PO8','P10','O2','I2'}
4.71796596427848;1.24559307253469;-2.09026414280687;27.6934944316717;-0.10072333456704;0.270137683770775;12;2;[0.25 0.75] ;RDK3;center;23;blau;attended;nonprimed;{'P7','P5','P9','PO3','PO7','O1','I1','POz','Oz','Iz','P8','P6','PO4','PO8','P10','O2','I2'}
5.87704017906707;1.14639581274663;-11.6735485196627;-0.799249043789352;-0.776731234330398;-0.00923637924420873;12;3;[0.25 0.75] ;RDK1;center;17;grün;attended;nonprimed;{'P7','P5','P9','PO3','PO7','O1','I1','POz','Oz','Iz','P8','P6','PO4','PO8','P10','O2','I2'}
5.34505379901213;1.47456259172561;-6.2798178788662;17.4628290032728;-0.358150866236622;0.219218578442459;12;3;[0.25 0.75] ;RDK2;center;20;orange;not attended;not attended;{'P7','P5','P9','PO3','PO7','O1','I1','POz','Oz','Iz','P8','P6','PO4','PO8','P10','O2','I2'}
4.80760869936706;1.50896098218622;4.42246305230709;51.5841281660844;0.203610135419336;0.513499913509615;12;3;[0.25 0.75] ;RDK3;center;23;blau;attended;primed;{'P7','P5','P9','PO3','PO7','O1','I1','POz','Oz','Iz','P8','P6','PO4','PO8','P10','O2','I2'}
6.03095466087307;1.24716152527214;-5.87094054036363;11.0875980227732;-0.376157760620117;0.124478572836289;12;1;[0.75 1.25] ;RDK1;center;17;grün;attended;primed;{'P7','P5','P9','PO3','PO7','O1','I1','POz','Oz','Iz','P8','P6','PO4','PO8','P10','O2','I2'}
5.91294216138745;2.23942977136077;2.11772798894929;42.733318057284;0.122623205184937;0.670468997631677;12;1;[0.75 1.25] ;RDK2;center;20;orange;attended;nonprimed;{'P7','P5','P9','PO3','PO7','O1','I1','POz','Oz','Iz','P8','P6','PO4','PO8','P10','O2','I2'}
4.79367201036997;1.31346082458129;2.51871511700605;15.4815475066774;0.117772585666017;0.176083595976571;12;1;[0.75 1.25] ;RDK3;center;23;blau;not attended;not attended;{'P7','P5','P9','PO3','PO7','O1','I1','POz','Oz','Iz','P8','P6','PO4','PO8','P10','O2','I2'}
6.02882931782649;1.21297570725911;-6.68637068165583;27.6896320009482;-0.431994638831367;0.263035067403478;12;2;[0.75 1.25] ;RDK1;center;17;grün;not attended;not attended;{'P7','P5','P9','PO3','PO7','O1','I1','POz','Oz','Iz','P8','P6','PO4','PO8','P10','O2','I2'}
5.65626217876624;2.25283344056272;1.29933748892885;37.878648401555;0.0725512493789466;0.618908633001789;12;2;[0.75 1.25] ;RDK2;center;20;orange;attended;primed;{'P7','P5','P9','PO3','PO7','O1','I1','POz','Oz','Iz','P8','P6','PO4','PO8','P10','O2','I2'}
5.04180228548352;1.35977216058187;4.63015921552463;39.3987030308957;0.223112986637996;0.384316771817963;12;2;[0.75 1.25] ;RDK3;center;23;blau;attended;nonprimed;{'P7','P5','P9','PO3','PO7','O1','I1','POz','Oz','Iz','P8','P6','PO4','PO8','P10','O2','I2'}
6.04752434001249;1.1767448385107;-9.11133003704161;1.8269347865342;-0.606247073384972;0.0211126465198681;12;3;[0.75 1.25] ;RDK1;center;17;grün;attended;nonprimed;{'P7','P5','P9','PO3','PO7','O1','I1','POz','Oz','Iz','P8','P6','PO4','PO8','P10','O2','I2'}
5.62672133251553;2.04191820424606;-1.34105888219754;62.6580588778805;-0.0764833327332228;0.786574190962908;12;3;[0.75 1.25] ;RDK2;center;20;orange;not attended;not attended;{'P7','P5','P9','PO3','PO7','O1','I1','POz','Oz','Iz','P8','P6','PO4','PO8','P10','O2','I2'}
5.08470090589912;1.61021361442713;10.4409750627554;61.7555588153525;0.480702341951397;0.614752545750519;12;3;[0.75 1.25] ;RDK3;center;23;blau;attended;primed;{'P7','P5','P9','PO3','PO7','O1','I1','POz','Oz','Iz','P8','P6','PO4','PO8','P10','O2','I2'}
6.0050385030686;1.41584345442138;-6.27543098940782;26.1124925206594;-0.402073918424581;0.293160501985528;12;1;[1 1.5] ;RDK1;center;17;grün;attended;primed;{'P7','P5','P9','PO3','PO7','O1','I1','POz','Oz','Iz','P8','P6','PO4','PO8','P10','O2','I2'}
5.85111646414882;2.47099311373352;1.04998547413666;57.4923449399242;0.0607975079463081;0.902032340004433;12;1;[1 1.5] ;RDK2;center;20;orange;attended;nonprimed;{'P7','P5','P9','PO3','PO7','O1','I1','POz','Oz','Iz','P8','P6','PO4','PO8','P10','O2','I2'}
4.91110267466549;1.48121934913402;5.03011781474392;30.2311416020794;0.235203249961542;0.3438421205293;12;1;[1 1.5] ;RDK3;center;23;blau;not attended;not attended;{'P7','P5','P9','PO3','PO7','O1','I1','POz','Oz','Iz','P8','P6','PO4','PO8','P10','O2','I2'}
6.13651533903579;1.36502865145649;-5.01961699928174;43.6962052348802;-0.324308617622065;0.415088011600853;12;2;[1 1.5] ;RDK1;center;17;grün;not attended;not attended;{'P7','P5','P9','PO3','PO7','O1','I1','POz','Oz','Iz','P8','P6','PO4','PO8','P10','O2','I2'}
5.63284202938166;2.24850633585345;0.879900492981966;37.6138195251439;0.0491310999943666;0.614581528292522;12;2;[1 1.5] ;RDK2;center;20;orange;attended;primed;{'P7','P5','P9','PO3','PO7','O1','I1','POz','Oz','Iz','P8','P6','PO4','PO8','P10','O2','I2'}
5.04785279666676;1.51726081576283;4.75572263760899;55.5438447764881;0.229163497821238;0.541805426998915;12;2;[1 1.5] ;RDK3;center;23;blau;attended;nonprimed;{'P7','P5','P9','PO3','PO7','O1','I1','POz','Oz','Iz','P8','P6','PO4','PO8','P10','O2','I2'}
6.11277192102838;1.31838886358889;-8.13071953869313;14.0837779291757;-0.540999492369086;0.162756671598055;12;3;[1 1.5] ;RDK1;center;17;grün;attended;nonprimed;{'P7','P5','P9','PO3','PO7','O1','I1','POz','Oz','Iz','P8','P6','PO4','PO8','P10','O2','I2'}
5.72660971982447;2.22234248224966;0.410384265504815;77.0305556671651;0.0234050545757176;0.966998468966506;12;3;[1 1.5] ;RDK2;center;20;orange;not attended;not attended;{'P7','P5','P9','PO3','PO7','O1','I1','POz','Oz','Iz','P8','P6','PO4','PO8','P10','O2','I2'}
5.15300243256858;1.82849284642422;11.9245013002375;83.6830092064846;0.54900386862086;0.833031777747616;12;3;[1 1.5] ;RDK3;center;23;blau;attended;primed;{'P7','P5','P9','PO3','PO7','O1','I1','POz','Oz','Iz','P8','P6','PO4','PO8','P10','O2','I2'}
6.00920828003689;1.10548630417472;-6.21035054920359;-1.53174573674744;-0.397904141456293;-0.0171966482611263;12;1;[1.25 1.75] ;RDK1;center;17;grün;attended;primed;{'P7','P5','P9','PO3','PO7','O1','I1','POz','Oz','Iz','P8','P6','PO4','PO8','P10','O2','I2'}
5.93416795040148;1.9690926282654;2.48430173341105;25.5029865141419;0.143848994198968;0.400131854536307;12;1;[1.25 1.75] ;RDK2;center;20;orange;attended;nonprimed;{'P7','P5','P9','PO3','PO7','O1','I1','POz','Oz','Iz','P8','P6','PO4','PO8','P10','O2','I2'}
4.91897500909831;0.982156720636117;5.19847760433276;-13.6472319002748;0.24307558439436;-0.155220507968605;12;1;[1.25 1.75] ;RDK3;center;23;blau;not attended;not attended;{'P7','P5','P9','PO3','PO7','O1','I1','POz','Oz','Iz','P8','P6','PO4','PO8','P10','O2','I2'}
5.90512400407058;1.16017229996655;-8.60106940407556;22.1310312761087;-0.555699952587283;0.210231660110918;12;2;[1.25 1.75] ;RDK1;center;17;grün;not attended;not attended;{'P7','P5','P9','PO3','PO7','O1','I1','POz','Oz','Iz','P8','P6','PO4','PO8','P10','O2','I2'}
5.64887992289271;1.7089918129045;1.16712692203371;4.59427539114388;0.0651689935054174;0.0750670053435667;12;2;[1.25 1.75] ;RDK2;center;20;orange;attended;primed;{'P7','P5','P9','PO3','PO7','O1','I1','POz','Oz','Iz','P8','P6','PO4','PO8','P10','O2','I2'}
4.88341621252207;1.16265591817204;1.34324729531845;19.1910908037886;0.0647269136765418;0.187200529408131;12;2;[1.25 1.75] ;RDK3;center;23;blau;attended;nonprimed;{'P7','P5','P9','PO3','PO7','O1','I1','POz','Oz','Iz','P8','P6','PO4','PO8','P10','O2','I2'}
6.29483028558584;1.44459394726279;-5.3945515334189;25.0046474366683;-0.358941127811621;0.288961755271951;12;3;[1.25 1.75] ;RDK1;center;17;grün;attended;nonprimed;{'P7','P5','P9','PO3','PO7','O1','I1','POz','Oz','Iz','P8','P6','PO4','PO8','P10','O2','I2'}
5.68215562531312;1.74917640971922;-0.369073900922612;39.3384117190729;-0.021049039935634;0.493832396436061;12;3;[1.25 1.75] ;RDK2;center;20;orange;not attended;not attended;{'P7','P5','P9','PO3','PO7','O1','I1','POz','Oz','Iz','P8','P6','PO4','PO8','P10','O2','I2'}
5.1070535441869;1.46823141909293;10.9264799554549;47.492600694554;0.503054980239178;0.472770350416321;12;3;[1.25 1.75] ;RDK3;center;23;blau;attended;primed;{'P7','P5','P9','PO3','PO7','O1','I1','POz','Oz','Iz','P8','P6','PO4','PO8','P10','O2','I2'}
8.45622916458958;0.94487579753496;0;0;0;0;13;1;[-0.5 0] ;RDK1;center;23;orange;attended;primed;{'P7','P5','P9','PO3','PO7','O1','I1','POz','Oz','Iz','P8','P6','PO4','PO8','P10','O2','I2'}
9.97022270832666;1.24199470095505;0;0;0;0;13;1;[-0.5 0] ;RDK2;center;17;grün;attended;nonprimed;{'P7','P5','P9','PO3','PO7','O1','I1','POz','Oz','Iz','P8','P6','PO4','PO8','P10','O2','I2'}
9.21649859070238;2.01698261930932;0;0;0;0;13;1;[-0.5 0] ;RDK3;center;20;blau;not attended;not attended;{'P7','P5','P9','PO3','PO7','O1','I1','POz','Oz','Iz','P8','P6','PO4','PO8','P10','O2','I2'}
8.39432704071114;0.546826781157185;0;0;0;0;13;2;[-0.5 0] ;RDK1;center;23;orange;not attended;not attended;{'P7','P5','P9','PO3','PO7','O1','I1','POz','Oz','Iz','P8','P6','PO4','PO8','P10','O2','I2'}
10.3523463577167;1.68577837161888;0;0;0;0;13;2;[-0.5 0] ;RDK2;center;17;grün;attended;primed;{'P7','P5','P9','PO3','PO7','O1','I1','POz','Oz','Iz','P8','P6','PO4','PO8','P10','O2','I2'}
9.18192059098326;1.82046910459639;0;0;0;0;13;2;[-0.5 0] ;RDK3;center;20;blau;attended;nonprimed;{'P7','P5','P9','PO3','PO7','O1','I1','POz','Oz','Iz','P8','P6','PO4','PO8','P10','O2','I2'}
8.26192097858067;1.06275266638169;0;0;0;0;13;3;[-0.5 0] ;RDK1;center;23;orange;attended;nonprimed;{'P7','P5','P9','PO3','PO7','O1','I1','POz','Oz','Iz','P8','P6','PO4','PO8','P10','O2','I2'}
10.5274816918697;1.83735182692562;0;0;0;0;13;3;[-0.5 0] ;RDK2;center;17;grün;not attended;not attended;{'P7','P5','P9','PO3','PO7','O1','I1','POz','Oz','Iz','P8','P6','PO4','PO8','P10','O2','I2'}
9.75794326773596;2.18939483044374;0;0;0;0;13;3;[-0.5 0] ;RDK3;center;20;blau;attended;primed;{'P7','P5','P9','PO3','PO7','O1','I1','POz','Oz','Iz','P8','P6','PO4','PO8','P10','O2','I2'}
8.24301594954271;1.82460437883619;-2.52137460914266;93.105208493678;-0.213213215046878;0.879728581301227;13;1;[0.25 0.75] ;RDK1;center;23;orange;attended;primed;{'P7','P5','P9','PO3','PO7','O1','I1','POz','Oz','Iz','P8','P6','PO4','PO8','P10','O2','I2'}
8.40002296197468;2.02319421184279;-15.7488934027584;62.8987797038926;-1.57019974635198;0.781199510887737;13;1;[0.25 0.75] ;RDK2;center;17;grün;attended;nonprimed;{'P7','P5','P9','PO3','PO7','O1','I1','POz','Oz','Iz','P8','P6','PO4','PO8','P10','O2','I2'}
9.09207804925841;2.36996601515226;-1.34997624335873;17.5005670581246;-0.124420541443975;0.352983395842945;13;1;[0.25 0.75] ;RDK3;center;20;blau;not attended;not attended;{'P7','P5','P9','PO3','PO7','O1','I1','POz','Oz','Iz','P8','P6','PO4','PO8','P10','O2','I2'}
8.58923005410449;1.37142080452917;2.32184203031527;150.796203073118;0.19490301339335;0.824594023371983;13;2;[0.25 0.75] ;RDK1;center;23;orange;not attended;not attended;{'P7','P5','P9','PO3','PO7','O1','I1','POz','Oz','Iz','P8','P6','PO4','PO8','P10','O2','I2'}
9.10976119926073;3.11912387063331;-12.0029326253148;85.0257378517649;-1.24258515845596;1.43334549901442;13;2;[0.25 0.75] ;RDK2;center;17;grün;attended;primed;{'P7','P5','P9','PO3','PO7','O1','I1','POz','Oz','Iz','P8','P6','PO4','PO8','P10','O2','I2'}
8.98520847898803;2.56110386233524;-2.14238524550522;40.6837312354746;-0.196712111995231;0.740634757738847;13;2;[0.25 0.75] ;RDK3;center;20;blau;attended;nonprimed;{'P7','P5','P9','PO3','PO7','O1','I1','POz','Oz','Iz','P8','P6','PO4','PO8','P10','O2','I2'}
8.38546509332786;1.61149508091389;1.49534369872926;51.6340661275859;0.123544114747197;0.548742414532204;13;3;[0.25 0.75] ;RDK1;center;23;orange;attended;nonprimed;{'P7','P5','P9','PO3','PO7','O1','I1','POz','Oz','Iz','P8','P6','PO4','PO8','P10','O2','I2'}
8.93460839474363;2.32312846642274;-15.1306204441677;26.4389559135199;-1.59287329712605;0.485776639497119;13;3;[0.25 0.75] ;RDK2;center;17;grün;not attended;not attended;{'P7','P5','P9','PO3','PO7','O1','I1','POz','Oz','Iz','P8','P6','PO4','PO8','P10','O2','I2'}
9.72318306659681;3.33583657288443;-0.356224669332528;52.3634077553904;-0.0347602011391484;1.14644174244069;13;3;[0.25 0.75] ;RDK3;center;20;blau;attended;primed;{'P7','P5','P9','PO3','PO7','O1','I1','POz','Oz','Iz','P8','P6','PO4','PO8','P10','O2','I2'}
8.36952909840718;1.7577657637553;-1.02528047070275;86.0314094551947;-0.0867000661824076;0.812889966220338;13;1;[0.75 1.25] ;RDK1;center;23;orange;attended;primed;{'P7','P5','P9','PO3','PO7','O1','I1','POz','Oz','Iz','P8','P6','PO4','PO8','P10','O2','I2'}
9.09972968036772;2.0582665360756;-8.73092862040022;65.7226503859373;-0.870493027958934;0.816271835120555;13;1;[0.75 1.25] ;RDK2;center;17;grün;attended;nonprimed;{'P7','P5','P9','PO3','PO7','O1','I1','POz','Oz','Iz','P8','P6','PO4','PO8','P10','O2','I2'}
8.83286824808941;2.24307749457489;-4.16243043751978;11.2095599189145;-0.383630342612978;0.22609487526557;13;1;[0.75 1.25] ;RDK3;center;20;blau;not attended;not attended;{'P7','P5','P9','PO3','PO7','O1','I1','POz','Oz','Iz','P8','P6','PO4','PO8','P10','O2','I2'}
8.09466718009155;1.28886357503964;-3.56979015907161;135.69869279485;-0.299659860619593;0.742036793882457;13;2;[0.75 1.25] ;RDK1;center;23;orange;not attended;not attended;{'P7','P5','P9','PO3','PO7','O1','I1','POz','Oz','Iz','P8','P6','PO4','PO8','P10','O2','I2'}
9.2874219039986;1.86631979918048;-10.2867931280554;10.7096775353822;-1.06492445371809;0.1805414275616;13;2;[0.75 1.25] ;RDK2;center;17;grün;attended;primed;{'P7','P5','P9','PO3','PO7','O1','I1','POz','Oz','Iz','P8','P6','PO4','PO8','P10','O2','I2'}
8.49250366029696;2.39482246400005;-7.50841748036145;31.5497449505462;-0.689416930686294;0.574353359403653;13;2;[0.75 1.25] ;RDK3;center;20;blau;attended;nonprimed;{'P7','P5','P9','PO3','PO7','O1','I1','POz','Oz','Iz','P8','P6','PO4','PO8','P10','O2','I2'}
8.63916055325469;1.42105666234482;4.56600318076188;33.7147115502461;0.377239574674027;0.358303995963135;13;3;[0.75 1.25] ;RDK1;center;23;orange;attended;nonprimed;{'P7','P5','P9','PO3','PO7','O1','I1','POz','Oz','Iz','P8','P6','PO4','PO8','P10','O2','I2'}
9.17073925156399;2.21859817537247;-12.8876257400997;20.7497738244709;-1.35674244030568;0.38124634844685;13;3;[0.75 1.25] ;RDK2;center;17;grün;not attended;not attended;{'P7','P5','P9','PO3','PO7','O1','I1','POz','Oz','Iz','P8','P6','PO4','PO8','P10','O2','I2'}
8.94699130123018;2.55013725781872;-8.31068540014112;16.476810046266;-0.810951966505785;0.360742427374982;13;3;[0.75 1.25] ;RDK3;center;20;blau;attended;primed;{'P7','P5','P9','PO3','PO7','O1','I1','POz','Oz','Iz','P8','P6','PO4','PO8','P10','O2','I2'}
8.75591258873228;2.29587894030826;3.54393688143664;142.98208783608;0.299683424142692;1.3510031427733;13;1;[1 1.5] ;RDK1;center;23;orange;attended;primed;{'P7','P5','P9','PO3','PO7','O1','I1','POz','Oz','Iz','P8','P6','PO4','PO8','P10','O2','I2'}
9.42565489246834;2.58512933734316;-5.46194234361002;108.143346775577;-0.544567815858315;1.34313463638811;13;1;[1 1.5] ;RDK2;center;17;grün;attended;nonprimed;{'P7','P5','P9','PO3','PO7','O1','I1','POz','Oz','Iz','P8','P6','PO4','PO8','P10','O2','I2'}
8.74978169488691;2.63030202868837;-5.06392846721963;30.4077686891062;-0.466716895815473;0.613319409379053;13;1;[1 1.5] ;RDK3;center;20;blau;not attended;not attended;{'P7','P5','P9','PO3','PO7','O1','I1','POz','Oz','Iz','P8','P6','PO4','PO8','P10','O2','I2'}
8.16331995019006;1.78785967044701;-2.75194294195029;226.951739024847;-0.231007090521075;1.24103288928982;13;2;[1 1.5] ;RDK1;center;23;orange;not attended;not attended;{'P7','P5','P9','PO3','PO7','O1','I1','POz','Oz','Iz','P8','P6','PO4','PO8','P10','O2','I2'}
9.01534292816576;2.15331540199427;-12.9149796901291;27.7341931920978;-1.33700342955093;0.467537030375381;13;2;[1 1.5] ;RDK2;center;17;grün;attended;primed;{'P7','P5','P9','PO3','PO7','O1','I1','POz','Oz','Iz','P8','P6','PO4','PO8','P10','O2','I2'}
8.82064293088956;2.91910078083228;-3.93466330397667;60.3488229194344;-0.361277660093696;1.09863167623589;13;2;[1 1.5] ;RDK3;center;20;blau;attended;nonprimed;{'P7','P5','P9','PO3','PO7','O1','I1','POz','Oz','Iz','P8','P6','PO4','PO8','P10','O2','I2'}
8.33722430224872;1.94797101832623;0.911450543563408;83.2948605961542;0.0753033236680523;0.885218351944539;13;3;[1 1.5] ;RDK1;center;23;orange;attended;nonprimed;{'P7','P5','P9','PO3','PO7','O1','I1','POz','Oz','Iz','P8','P6','PO4','PO8','P10','O2','I2'}
8.72304303182196;2.48672063561047;-17.1402688018092;35.3426490870511;-1.80443866004771;0.649368808684845;13;3;[1 1.5] ;RDK2;center;17;grün;not attended;not attended;{'P7','P5','P9','PO3','PO7','O1','I1','POz','Oz','Iz','P8','P6','PO4','PO8','P10','O2','I2'}
8.84117886383609;2.89073329004227;-9.39505773651191;32.0334390967931;-0.916764403899871;0.701338459598532;13;3;[1 1.5] ;RDK3;center;20;blau;attended;primed;{'P7','P5','P9','PO3','PO7','O1','I1','POz','Oz','Iz','P8','P6','PO4','PO8','P10','O2','I2'}
8.86044456084929;1.88425605302483;4.78009037352436;99.4183847168665;0.404215396259707;0.939380255489867;13;1;[1.25 1.75] ;RDK1;center;23;orange;attended;primed;{'P7','P5','P9','PO3','PO7','O1','I1','POz','Oz','Iz','P8','P6','PO4','PO8','P10','O2','I2'}
9.39565008689915;2.69850185567437;-5.76288652958228;117.271607809544;-0.57457262142751;1.45650715471932;13;1;[1.25 1.75] ;RDK2;center;17;grün;attended;nonprimed;{'P7','P5','P9','PO3','PO7','O1','I1','POz','Oz','Iz','P8','P6','PO4','PO8','P10','O2','I2'}
8.43200732140519;2.22905090046684;-8.51181456359779;10.5141352794673;-0.78449126929719;0.212068281157523;13;1;[1.25 1.75] ;RDK3;center;20;blau;not attended;not attended;{'P7','P5','P9','PO3','PO7','O1','I1','POz','Oz','Iz','P8','P6','PO4','PO8','P10','O2','I2'}
8.28416033999413;1.44413361090712;-1.31239467062363;164.0934315344;-0.110166700717011;0.897306829749931;13;2;[1.25 1.75] ;RDK1;center;23;orange;not attended;not attended;{'P7','P5','P9','PO3','PO7','O1','I1','POz','Oz','Iz','P8','P6','PO4','PO8','P10','O2','I2'}
9.34649109732511;2.06450662151721;-9.71620563720621;22.4660759845094;-1.00585526039158;0.378728249898324;13;2;[1.25 1.75] ;RDK2;center;17;grün;attended;primed;{'P7','P5','P9','PO3','PO7','O1','I1','POz','Oz','Iz','P8','P6','PO4','PO8','P10','O2','I2'}
8.78948011657232;2.65848747152009;-4.27405650617717;46.0331001942212;-0.392440474410941;0.838018366923699;13;2;[1.25 1.75] ;RDK3;center;20;blau;attended;nonprimed;{'P7','P5','P9','PO3','PO7','O1','I1','POz','Oz','Iz','P8','P6','PO4','PO8','P10','O2','I2'}
8.31908540164723;1.23012694150075;0.691902321684834;15.7491277522651;0.0571644230665651;0.167374275119056;13;3;[1.25 1.75] ;RDK1;center;23;orange;attended;nonprimed;{'P7','P5','P9','PO3','PO7','O1','I1','POz','Oz','Iz','P8','P6','PO4','PO8','P10','O2','I2'}
8.61871413839349;1.89391815483705;-18.131283523868;3.07868787471572;-1.90876755347619;0.0565663279114268;13;3;[1.25 1.75] ;RDK2;center;17;grün;not attended;not attended;{'P7','P5','P9','PO3','PO7','O1','I1','POz','Oz','Iz','P8','P6','PO4','PO8','P10','O2','I2'}
8.84410360388087;2.41015575212591;-9.36508482147714;10.083193703231;-0.913839663855091;0.220760921682168;13;3;[1.25 1.75] ;RDK3;center;20;blau;attended;primed;{'P7','P5','P9','PO3','PO7','O1','I1','POz','Oz','Iz','P8','P6','PO4','PO8','P10','O2','I2'}
6.14944563516125;1.81825695992595;0;0;0;0;14;1;[-0.5 0] ;RDK1;center;20;grün;attended;primed;{'P7','P5','P9','PO3','PO7','O1','I1','POz','Oz','Iz','P8','P6','PO4','PO8','P10','O2','I2'}
8.85003174915573;5.29589226342974;0;0;0;0;14;1;[-0.5 0] ;RDK2;center;17;blau;attended;nonprimed;{'P7','P5','P9','PO3','PO7','O1','I1','POz','Oz','Iz','P8','P6','PO4','PO8','P10','O2','I2'}
5.82157616593719;1.61161781045107;0;0;0;0;14;1;[-0.5 0] ;RDK3;center;23;orange;not attended;not attended;{'P7','P5','P9','PO3','PO7','O1','I1','POz','Oz','Iz','P8','P6','PO4','PO8','P10','O2','I2'}
6.07793758573575;1.43648949980196;0;0;0;0;14;2;[-0.5 0] ;RDK1;center;20;grün;not attended;not attended;{'P7','P5','P9','PO3','PO7','O1','I1','POz','Oz','Iz','P8','P6','PO4','PO8','P10','O2','I2'}
8.80972409571997;4.90575716236598;0;0;0;0;14;2;[-0.5 0] ;RDK2;center;17;blau;attended;primed;{'P7','P5','P9','PO3','PO7','O1','I1','POz','Oz','Iz','P8','P6','PO4','PO8','P10','O2','I2'}
5.741154371883;1.80552225927422;0;0;0;0;14;2;[-0.5 0] ;RDK3;center;23;orange;attended;nonprimed;{'P7','P5','P9','PO3','PO7','O1','I1','POz','Oz','Iz','P8','P6','PO4','PO8','P10','O2','I2'}
6.2281826049494;1.31223063204623;0;0;0;0;14;3;[-0.5 0] ;RDK1;center;20;grün;attended;nonprimed;{'P7','P5','P9','PO3','PO7','O1','I1','POz','Oz','Iz','P8','P6','PO4','PO8','P10','O2','I2'}
8.37978227537682;4.60608463103955;0;0;0;0;14;3;[-0.5 0] ;RDK2;center;17;blau;not attended;not attended;{'P7','P5','P9','PO3','PO7','O1','I1','POz','Oz','Iz','P8','P6','PO4','PO8','P10','O2','I2'}
5.95927081172822;1.79335877366735;0;0;0;0;14;3;[-0.5 0] ;RDK3;center;23;orange;attended;primed;{'P7','P5','P9','PO3','PO7','O1','I1','POz','Oz','Iz','P8','P6','PO4','PO8','P10','O2','I2'}
5.60771412978884;1.08673576660016;-8.80943645187946;-40.23200292634;-0.541731505372406;-0.731521193325789;14;1;[0.25 0.75] ;RDK1;center;20;grün;attended;primed;{'P7','P5','P9','PO3','PO7','O1','I1','POz','Oz','Iz','P8','P6','PO4','PO8','P10','O2','I2'}
7.06297362659851;3.95999022859793;-20.1926747068189;-25.2252494646982;-1.78705812255721;-1.3359020348318;14;1;[0.25 0.75] ;RDK2;center;17;blau;attended;nonprimed;{'P7','P5','P9','PO3','PO7','O1','I1','POz','Oz','Iz','P8','P6','PO4','PO8','P10','O2','I2'}
5.65685794364273;2.03775587556589;-2.82944373824817;26.4416328953047;-0.164718222294458;0.42613806511482;14;1;[0.25 0.75] ;RDK3;center;23;orange;not attended;not attended;{'P7','P5','P9','PO3','PO7','O1','I1','POz','Oz','Iz','P8','P6','PO4','PO8','P10','O2','I2'}
5.60327135707458;0.769621691283058;-7.80965947684557;-46.4234377355937;-0.474666228661171;-0.666867808518906;14;2;[0.25 0.75] ;RDK1;center;20;grün;not attended;not attended;{'P7','P5','P9','PO3','PO7','O1','I1','POz','Oz','Iz','P8','P6','PO4','PO8','P10','O2','I2'}
7.57185027825886;4.41600614381592;-14.0512211734588;-9.98318918651614;-1.23787381746111;-0.489751018550061;14;2;[0.25 0.75] ;RDK2;center;17;blau;attended;primed;{'P7','P5','P9','PO3','PO7','O1','I1','POz','Oz','Iz','P8','P6','PO4','PO8','P10','O2','I2'}
5.41992858308473;1.85834741889082;-5.59514285787984;2.92575510189692;-0.321225788798268;0.0528251596165998;14;2;[0.25 0.75] ;RDK3;center;23;orange;attended;nonprimed;{'P7','P5','P9','PO3','PO7','O1','I1','POz','Oz','Iz','P8','P6','PO4','PO8','P10','O2','I2'}
5.68019019748291;0.998892797469014;-8.79859249841221;-23.8782594252209;-0.547992407466491;-0.313337834577215;14;3;[0.25 0.75] ;RDK1;center;20;grün;attended;nonprimed;{'P7','P5','P9','PO3','PO7','O1','I1','POz','Oz','Iz','P8','P6','PO4','PO8','P10','O2','I2'}
6.77371883176571;3.21752512493757;-19.1659328468518;-30.1462004572112;-1.60606344361111;-1.38855950610198;14;3;[0.25 0.75] ;RDK2;center;17;blau;not attended;not attended;{'P7','P5','P9','PO3','PO7','O1','I1','POz','Oz','Iz','P8','P6','PO4','PO8','P10','O2','I2'}
6.11986127698044;2.81065481739346;2.69480059433049;56.7257404744386;0.160590465252216;1.01729604372611;14;3;[0.25 0.75] ;RDK3;center;23;orange;attended;primed;{'P7','P5','P9','PO3','PO7','O1','I1','POz','Oz','Iz','P8','P6','PO4','PO8','P10','O2','I2'}
5.63294860895942;1.6795583952606;-8.39908272785769;-7.62810580254831;-0.516497026201827;-0.13869856466535;14;1;[0.75 1.25] ;RDK1;center;20;grün;attended;primed;{'P7','P5','P9','PO3','PO7','O1','I1','POz','Oz','Iz','P8','P6','PO4','PO8','P10','O2','I2'}
7.609915139988;4.74618843076456;-14.0125667830066;-10.3798152477743;-1.24011660916773;-0.54970383266518;14;1;[0.75 1.25] ;RDK2;center;17;blau;attended;nonprimed;{'P7','P5','P9','PO3','PO7','O1','I1','POz','Oz','Iz','P8','P6','PO4','PO8','P10','O2','I2'}
5.39491054051602;1.71529130954548;-7.32903964939335;6.43288367887906;-0.42666562542117;0.103673499094415;14;1;[0.75 1.25] ;RDK3;center;23;orange;not attended;not attended;{'P7','P5','P9','PO3','PO7','O1','I1','POz','Oz','Iz','P8','P6','PO4','PO8','P10','O2','I2'}
5.76016255849087;1.49090374918545;-5.2283364671375;3.78800188870074;-0.317775027244878;0.0544142493834863;14;2;[0.75 1.25] ;RDK1;center;20;grün;not attended;not attended;{'P7','P5','P9','PO3','PO7','O1','I1','POz','Oz','Iz','P8','P6','PO4','PO8','P10','O2','I2'}
7.06038900522085;3.93710781465289;-19.8568657938902;-19.7451548385637;-1.74933509049912;-0.96864934771309;14;2;[0.75 1.25] ;RDK2;center;17;blau;attended;primed;{'P7','P5','P9','PO3','PO7','O1','I1','POz','Oz','Iz','P8','P6','PO4','PO8','P10','O2','I2'}
5.762929661781;2.19404418759756;0.379284173312744;21.5185343923435;0.021775289898005;0.38852192832334;14;2;[0.75 1.25] ;RDK3;center;23;orange;attended;nonprimed;{'P7','P5','P9','PO3','PO7','O1','I1','POz','Oz','Iz','P8','P6','PO4','PO8','P10','O2','I2'}
5.61292487140155;1.8348690963169;-9.87860781504572;39.828247528081;-0.615257733547849;0.522638464270674;14;3;[0.75 1.25] ;RDK1;center;20;grün;attended;nonprimed;{'P7','P5','P9','PO3','PO7','O1','I1','POz','Oz','Iz','P8','P6','PO4','PO8','P10','O2','I2'}
7.21207598863144;3.87031168743496;-13.9348046091432;-15.9739345353394;-1.16770628674537;-0.735772943604586;14;3;[0.75 1.25] ;RDK2;center;17;blau;not attended;not attended;{'P7','P5','P9','PO3','PO7','O1','I1','POz','Oz','Iz','P8','P6','PO4','PO8','P10','O2','I2'}
5.7031979431394;2.15763183929262;-4.29705037208337;20.3123363252267;-0.256072868588823;0.364273065625273;14;3;[0.75 1.25] ;RDK3;center;23;orange;attended;primed;{'P7','P5','P9','PO3','PO7','O1','I1','POz','Oz','Iz','P8','P6','PO4','PO8','P10','O2','I2'}
5.94966041124784;2.01649201401758;-3.24883307807583;10.9024773978978;-0.199785223913409;0.198235054091631;14;1;[1 1.5] ;RDK1;center;20;grün;attended;primed;{'P7','P5','P9','PO3','PO7','O1','I1','POz','Oz','Iz','P8','P6','PO4','PO8','P10','O2','I2'}
7.69739062322211;4.6306085974922;-13.0241467895703;-12.5622583097392;-1.15264112593362;-0.665283665937536;14;1;[1 1.5] ;RDK2;center;17;blau;attended;nonprimed;{'P7','P5','P9','PO3','PO7','O1','I1','POz','Oz','Iz','P8','P6','PO4','PO8','P10','O2','I2'}
5.80576818669004;1.92343950231151;-0.271541225203642;19.3483647201173;-0.0158079792471488;0.311821691860441;14;1;[1 1.5] ;RDK3;center;23;orange;not attended;not attended;{'P7','P5','P9','PO3','PO7','O1','I1','POz','Oz','Iz','P8','P6','PO4','PO8','P10','O2','I2'}
6.01527983894176;1.73548783287743;-1.03090474211265;20.814515742488;-0.062657746793997;0.298998333075467;14;2;[1 1.5] ;RDK1;center;20;grün;not attended;not attended;{'P7','P5','P9','PO3','PO7','O1','I1','POz','Oz','Iz','P8','P6','PO4','PO8','P10','O2','I2'}
7.30687010881588;4.14473119256723;-17.0590357947104;-15.512915633837;-1.50285398690409;-0.761025969798748;14;2;[1 1.5] ;RDK2;center;17;blau;attended;primed;{'P7','P5','P9','PO3','PO7','O1','I1','POz','Oz','Iz','P8','P6','PO4','PO8','P10','O2','I2'}
6.00425773939935;2.5983763002702;4.58276072151784;43.9127259120412;0.263103367516358;0.792854040995982;14;2;[1 1.5] ;RDK3;center;23;orange;attended;nonprimed;{'P7','P5','P9','PO3','PO7','O1','I1','POz','Oz','Iz','P8','P6','PO4','PO8','P10','O2','I2'}
5.85177310667426;2.19936363540624;-6.04364904099007;67.6049607207122;-0.376409498275135;0.887133003360006;14;3;[1 1.5] ;RDK1;center;20;grün;attended;nonprimed;{'P7','P5','P9','PO3','PO7','O1','I1','POz','Oz','Iz','P8','P6','PO4','PO8','P10','O2','I2'}
7.15357104038221;3.59947024184654;-14.6329724890074;-21.8540141969954;-1.2262112349946;-1.006614389193;14;3;[1 1.5] ;RDK2;center;17;blau;not attended;not attended;{'P7','P5','P9','PO3','PO7','O1','I1','POz','Oz','Iz','P8','P6','PO4','PO8','P10','O2','I2'}
6.00364513958202;2.73497870443094;0.744626805119553;52.5059427366011;0.0443743278537942;0.94161993076359;14;3;[1 1.5] ;RDK3;center;23;orange;attended;primed;{'P7','P5','P9','PO3','PO7','O1','I1','POz','Oz','Iz','P8','P6','PO4','PO8','P10','O2','I2'}
5.58738486367653;0.893793346318185;-9.14002342375342;-50.8433974945661;-0.56206077148472;-0.924463613607765;14;1;[1.25 1.75] ;RDK1;center;20;grün;attended;primed;{'P7','P5','P9','PO3','PO7','O1','I1','POz','Oz','Iz','P8','P6','PO4','PO8','P10','O2','I2'}
7.56270393742695;4.19282411342293;-14.5460247851832;-20.8287498147184;-1.28732781172878;-1.10306815000681;14;1;[1.25 1.75] ;RDK2;center;17;blau;attended;nonprimed;{'P7','P5','P9','PO3','PO7','O1','I1','POz','Oz','Iz','P8','P6','PO4','PO8','P10','O2','I2'}
5.67152494758502;1.8920322026872;-2.57750159192516;17.3995590280581;-0.150051218352167;0.280414392236131;14;1;[1.25 1.75] ;RDK3;center;23;orange;not attended;not attended;{'P7','P5','P9','PO3','PO7','O1','I1','POz','Oz','Iz','P8','P6','PO4','PO8','P10','O2','I2'}
5.48805033675146;0.568046438377098;-9.70538510248426;-60.4559282573657;-0.589887248984289;-0.868443061424866;14;2;[1.25 1.75] ;RDK1;center;20;grün;not attended;not attended;{'P7','P5','P9','PO3','PO7','O1','I1','POz','Oz','Iz','P8','P6','PO4','PO8','P10','O2','I2'}
7.52190857019899;4.03288625807784;-14.6181141603134;-17.7927866259725;-1.28781552552098;-0.872870904288141;14;2;[1.25 1.75] ;RDK2;center;17;blau;attended;primed;{'P7','P5','P9','PO3','PO7','O1','I1','POz','Oz','Iz','P8','P6','PO4','PO8','P10','O2','I2'}
5.66631190593426;2.28770442596927;-1.30361354356315;26.7059663329148;-0.074842465948735;0.482182166695055;14;2;[1.25 1.75] ;RDK3;center;23;orange;attended;nonprimed;{'P7','P5','P9','PO3','PO7','O1','I1','POz','Oz','Iz','P8','P6','PO4','PO8','P10','O2','I2'}
5.55493403452015;0.964670427784121;-10.8097114862085;-26.4862133053653;-0.673248570429253;-0.347560204262108;14;3;[1.25 1.75] ;RDK1;center;20;grün;attended;nonprimed;{'P7','P5','P9','PO3','PO7','O1','I1','POz','Oz','Iz','P8','P6','PO4','PO8','P10','O2','I2'}
7.19457738539752;3.66006113865257;-14.1436239156465;-20.5385607987292;-1.1852048899793;-0.946023492386978;14;3;[1.25 1.75] ;RDK2;center;17;blau;not attended;not attended;{'P7','P5','P9','PO3','PO7','O1','I1','POz','Oz','Iz','P8','P6','PO4','PO8','P10','O2','I2'}
5.7411684914412;2.37816306948662;-3.65988267990411;32.6094423718333;-0.218102320287023;0.58480429581927;14;3;[1.25 1.75] ;RDK3;center;23;orange;attended;primed;{'P7','P5','P9','PO3','PO7','O1','I1','POz','Oz','Iz','P8','P6','PO4','PO8','P10','O2','I2'}
6.49655066464282;0.933255788360246;0;0;0;0;16;1;[-0.5 0] ;RDK1;center;23;grün;attended;primed;{'P7','P5','P9','PO3','PO7','O1','I1','POz','Oz','Iz','P8','P6','PO4','PO8','P10','O2','I2'}
9.00985067030963;3.38235606219434;0;0;0;0;16;1;[-0.5 0] ;RDK2;center;17;blau;attended;nonprimed;{'P7','P5','P9','PO3','PO7','O1','I1','POz','Oz','Iz','P8','P6','PO4','PO8','P10','O2','I2'}
8.42180161238796;1.46781199347919;0;0;0;0;16;1;[-0.5 0] ;RDK3;center;20;orange;not attended;not attended;{'P7','P5','P9','PO3','PO7','O1','I1','POz','Oz','Iz','P8','P6','PO4','PO8','P10','O2','I2'}
6.76969815810881;1.27603897634405;0;0;0;0;16;2;[-0.5 0] ;RDK1;center;23;grün;not attended;not attended;{'P7','P5','P9','PO3','PO7','O1','I1','POz','Oz','Iz','P8','P6','PO4','PO8','P10','O2','I2'}
9.08353655154889;3.68789305837985;0;0;0;0;16;2;[-0.5 0] ;RDK2;center;17;blau;attended;primed;{'P7','P5','P9','PO3','PO7','O1','I1','POz','Oz','Iz','P8','P6','PO4','PO8','P10','O2','I2'}
8.21249340022851;1.94706745115341;0;0;0;0;16;2;[-0.5 0] ;RDK3;center;20;orange;attended;nonprimed;{'P7','P5','P9','PO3','PO7','O1','I1','POz','Oz','Iz','P8','P6','PO4','PO8','P10','O2','I2'}
6.6154190857486;1.50914167063269;0;0;0;0;16;3;[-0.5 0] ;RDK1;center;23;grün;attended;nonprimed;{'P7','P5','P9','PO3','PO7','O1','I1','POz','Oz','Iz','P8','P6','PO4','PO8','P10','O2','I2'}
9.21924105812522;3.5251472853967;0;0;0;0;16;3;[-0.5 0] ;RDK2;center;17;blau;not attended;not attended;{'P7','P5','P9','PO3','PO7','O1','I1','POz','Oz','Iz','P8','P6','PO4','PO8','P10','O2','I2'}
8.54194448868074;1.67229722446985;0;0;0;0;16;3;[-0.5 0] ;RDK3;center;20;orange;attended;primed;{'P7','P5','P9','PO3','PO7','O1','I1','POz','Oz','Iz','P8','P6','PO4','PO8','P10','O2','I2'}
6.7116489259366;1.38614063952708;3.31096103759254;48.527408757096;0.215098261293782;0.452884851166835;16;1;[0.25 0.75] ;RDK1;center;23;grün;attended;primed;{'P7','P5','P9','PO3','PO7','O1','I1','POz','Oz','Iz','P8','P6','PO4','PO8','P10','O2','I2'}
8.08078934811899;2.79822878141748;-10.31161731961;-17.2698341048665;-0.929061322190643;-0.584127280776857;16;1;[0.25 0.75] ;RDK2;center;17;blau;attended;nonprimed;{'P7','P5','P9','PO3','PO7','O1','I1','POz','Oz','Iz','P8','P6','PO4','PO8','P10','O2','I2'}
7.54676430257737;1.2080242849583;-10.3901439393141;-17.6989770948191;-0.875037309810588;-0.259787708520889;16;1;[0.25 0.75] ;RDK3;center;20;orange;not attended;not attended;{'P7','P5','P9','PO3','PO7','O1','I1','POz','Oz','Iz','P8','P6','PO4','PO8','P10','O2','I2'}
6.78470192991231;1.01206306472623;0.221631326140082;-20.6871354646337;0.0150037718034977;-0.263975911617818;16;2;[0.25 0.75] ;RDK1;center;23;grün;not attended;not attended;{'P7','P5','P9','PO3','PO7','O1','I1','POz','Oz','Iz','P8','P6','PO4','PO8','P10','O2','I2'}
9.244643770192;4.09712064697732;1.77361777242639;11.0965145170789;0.161107218643119;0.409227588597466;16;2;[0.25 0.75] ;RDK2;center;17;blau;attended;primed;{'P7','P5','P9','PO3','PO7','O1','I1','POz','Oz','Iz','P8','P6','PO4','PO8','P10','O2','I2'}
7.82070600608895;1.06163007708696;-4.77062659348572;-45.4754340196035;-0.391787394139561;-0.885437374066443;16;2;[0.25 0.75] ;RDK3;center;20;orange;attended;nonprimed;{'P7','P5','P9','PO3','PO7','O1','I1','POz','Oz','Iz','P8','P6','PO4','PO8','P10','O2','I2'}
6.81798316990089;0.90909788639567;3.06199927059296;-39.7606000757673;0.20256408415229;-0.600043784237016;16;3;[0.25 0.75] ;RDK1;center;23;grün;attended;nonprimed;{'P7','P5','P9','PO3','PO7','O1','I1','POz','Oz','Iz','P8','P6','PO4','PO8','P10','O2','I2'}
8.17773261005522;2.92460794227695;-11.2971169915562;-17.0358652986656;-1.04150844806999;-0.600539343119747;16;3;[0.25 0.75] ;RDK2;center;17;blau;not attended;not attended;{'P7','P5','P9','PO3','PO7','O1','I1','POz','Oz','Iz','P8','P6','PO4','PO8','P10','O2','I2'}
8.10072042068205;2.12629426267352;-5.16538205771964;27.1481069011277;-0.441224067998686;0.453997038203667;16;3;[0.25 0.75] ;RDK3;center;20;orange;attended;primed;{'P7','P5','P9','PO3','PO7','O1','I1','POz','Oz','Iz','P8','P6','PO4','PO8','P10','O2','I2'}
6.92125015560858;1.37757596387043;6.53730745574215;47.6096886889786;0.424699490965761;0.444320175510186;16;1;[0.75 1.25] ;RDK1;center;23;grün;attended;primed;{'P7','P5','P9','PO3','PO7','O1','I1','POz','Oz','Iz','P8','P6','PO4','PO8','P10','O2','I2'}
8.59571617221401;3.49004957659752;-4.59646350699604;3.18397922699207;-0.414134498095621;0.107693514403175;16;1;[0.75 1.25] ;RDK2;center;17;blau;attended;nonprimed;{'P7','P5','P9','PO3','PO7','O1','I1','POz','Oz','Iz','P8','P6','PO4','PO8','P10','O2','I2'}
7.97651027770064;2.34070935535215;-5.28736433344998;59.4692893743097;-0.445291334687316;0.872897361872962;16;1;[0.75 1.25] ;RDK3;center;20;orange;not attended;not attended;{'P7','P5','P9','PO3','PO7','O1','I1','POz','Oz','Iz','P8','P6','PO4','PO8','P10','O2','I2'}
7.14332255734577;1.48216400480918;5.51907028217251;16.1535056754844;0.373624399236964;0.206125028465129;16;2;[0.75 1.25] ;RDK1;center;23;grün;not attended;not attended;{'P7','P5','P9','PO3','PO7','O1','I1','POz','Oz','Iz','P8','P6','PO4','PO8','P10','O2','I2'}
8.83104149788213;3.48394568203801;-2.77969986947095;-5.53018683333075;-0.252495053666751;-0.203947376341841;16;2;[0.75 1.25] ;RDK2;center;17;blau;attended;primed;{'P7','P5','P9','PO3','PO7','O1','I1','POz','Oz','Iz','P8','P6','PO4','PO8','P10','O2','I2'}
8.13114550534417;2.55080508444104;-0.990538328859758;31.0075356110542;-0.0813478948843418;0.603737633287637;16;2;[0.75 1.25] ;RDK3;center;20;orange;attended;nonprimed;{'P7','P5','P9','PO3','PO7','O1','I1','POz','Oz','Iz','P8','P6','PO4','PO8','P10','O2','I2'}
7.07459290534662;1.27665726483138;6.94096343173805;-15.4050749724405;0.459173819598029;-0.232484405801307;16;3;[0.75 1.25] ;RDK1;center;23;grün;attended;nonprimed;{'P7','P5','P9','PO3','PO7','O1','I1','POz','Oz','Iz','P8','P6','PO4','PO8','P10','O2','I2'}
8.64073494009303;3.81730465921342;-6.2749863506642;8.28780615854015;-0.578506118032188;0.292157373816718;16;3;[0.75 1.25] ;RDK2;center;17;blau;not attended;not attended;{'P7','P5','P9','PO3','PO7','O1','I1','POz','Oz','Iz','P8','P6','PO4','PO8','P10','O2','I2'}
8.60546271078187;3.30961753367299;0.743603779974267;97.9084510363995;0.0635182221011341;1.63732030920313;16;3;[0.75 1.25] ;RDK3;center;20;orange;attended;primed;{'P7','P5','P9','PO3','PO7','O1','I1','POz','Oz','Iz','P8','P6','PO4','PO8','P10','O2','I2'}
7.09815386086028;1.51364286736126;9.26034794882247;62.1894968388856;0.601603196217463;0.580387079001012;16;1;[1 1.5] ;RDK1;center;23;grün;attended;primed;{'P7','P5','P9','PO3','PO7','O1','I1','POz','Oz','Iz','P8','P6','PO4','PO8','P10','O2','I2'}
8.67848910897026;3.85933341321902;-3.67776973741983;14.1019260614223;-0.331361561339365;0.476977351024679;16;1;[1 1.5] ;RDK2;center;17;blau;attended;nonprimed;{'P7','P5','P9','PO3','PO7','O1','I1','POz','Oz','Iz','P8','P6','PO4','PO8','P10','O2','I2'}
8.19426466868474;2.40071466335884;-2.70176090788606;63.5573679751972;-0.227536943703216;0.932902669879646;16;1;[1 1.5] ;RDK3;center;20;orange;not attended;not attended;{'P7','P5','P9','PO3','PO7','O1','I1','POz','Oz','Iz','P8','P6','PO4','PO8','P10','O2','I2'}
7.22823024227608;1.45347991221631;6.77330175523467;13.905604700308;0.458532084167273;0.177440935872259;16;2;[1 1.5] ;RDK1;center;23;grün;not attended;not attended;{'P7','P5','P9','PO3','PO7','O1','I1','POz','Oz','Iz','P8','P6','PO4','PO8','P10','O2','I2'}
8.86626001288988;3.80388756305384;-2.39198177302382;3.14527842423247;-0.217276538659005;0.115994504673988;16;2;[1 1.5] ;RDK2;center;17;blau;attended;primed;{'P7','P5','P9','PO3','PO7','O1','I1','POz','Oz','Iz','P8','P6','PO4','PO8','P10','O2','I2'}
8.36234734716458;2.75706426050868;1.82470706073148;41.6008602514231;0.149853946936076;0.809996809355274;16;2;[1 1.5] ;RDK3;center;20;orange;attended;nonprimed;{'P7','P5','P9','PO3','PO7','O1','I1','POz','Oz','Iz','P8','P6','PO4','PO8','P10','O2','I2'}
7.03828943261194;1.41527068102522;6.39219286612276;-6.22015755274426;0.422870346863345;-0.0938709896074701;16;3;[1 1.5] ;RDK1;center;23;grün;attended;nonprimed;{'P7','P5','P9','PO3','PO7','O1','I1','POz','Oz','Iz','P8','P6','PO4','PO8','P10','O2','I2'}
8.59131385621981;4.02742744247298;-6.81105090914168;14.2484871244114;-0.627927201905401;0.502280157076288;16;3;[1 1.5] ;RDK2;center;17;blau;not attended;not attended;{'P7','P5','P9','PO3','PO7','O1','I1','POz','Oz','Iz','P8','P6','PO4','PO8','P10','O2','I2'}
8.32848647493043;2.74047000537631;-2.49893936952142;63.8745771550917;-0.213458013750309;1.06817278090645;16;3;[1 1.5] ;RDK3;center;20;orange;attended;primed;{'P7','P5','P9','PO3','PO7','O1','I1','POz','Oz','Iz','P8','P6','PO4','PO8','P10','O2','I2'}
7.05285832245425;0.956103854319629;8.56312351782487;2.44821047395023;0.556307657811437;0.0228480659593824;16;1;[1.25 1.75] ;RDK1;center;23;grün;attended;primed;{'P7','P5','P9','PO3','PO7','O1','I1','POz','Oz','Iz','P8','P6','PO4','PO8','P10','O2','I2'}
8.59756020075595;3.61796065315402;-4.57599670227951;6.96569452261711;-0.412290469553676;0.235604590959678;16;1;[1.25 1.75] ;RDK2;center;17;blau;attended;nonprimed;{'P7','P5','P9','PO3','PO7','O1','I1','POz','Oz','Iz','P8','P6','PO4','PO8','P10','O2','I2'}
7.86667266258827;1.45257777326247;-6.59157001493752;-1.03788634269206;-0.555128949799689;-0.0152342202167166;16;1;[1.25 1.75] ;RDK3;center;20;orange;not attended;not attended;{'P7','P5','P9','PO3','PO7','O1','I1','POz','Oz','Iz','P8','P6','PO4','PO8','P10','O2','I2'}
7.54738160927371;1.31252778452985;11.4877123470178;2.85953711934015;0.777683451164902;0.0364888081858061;16;2;[1.25 1.75] ;RDK1;center;23;grün;not attended;not attended;{'P7','P5','P9','PO3','PO7','O1','I1','POz','Oz','Iz','P8','P6','PO4','PO8','P10','O2','I2'}
8.82551488617427;3.14349675958985;-2.84054193991901;-14.761715976362;-0.258021665374619;-0.544396298790005;16;2;[1.25 1.75] ;RDK2;center;17;blau;attended;primed;{'P7','P5','P9','PO3','PO7','O1','I1','POz','Oz','Iz','P8','P6','PO4','PO8','P10','O2','I2'}
8.27283952894254;1.67586548687106;0.73480885491306;-13.9287400712126;0.0603461287140306;-0.271201964282342;16;2;[1.25 1.75] ;RDK3;center;20;orange;attended;nonprimed;{'P7','P5','P9','PO3','PO7','O1','I1','POz','Oz','Iz','P8','P6','PO4','PO8','P10','O2','I2'}
6.99149059817802;0.951500351713524;5.68477231079105;-36.9508926677095;0.376071512429423;-0.557641318919162;16;3;[1.25 1.75] ;RDK1;center;23;grün;attended;nonprimed;{'P7','P5','P9','PO3','PO7','O1','I1','POz','Oz','Iz','P8','P6','PO4','PO8','P10','O2','I2'}
8.41838602566611;3.54690823997308;-8.68677830864705;0.617306251756533;-0.800855032459104;0.0217609545763797;16;3;[1.25 1.75] ;RDK2;center;17;blau;not attended;not attended;{'P7','P5','P9','PO3','PO7','O1','I1','POz','Oz','Iz','P8','P6','PO4','PO8','P10','O2','I2'}
7.80753993880155;1.3514665375333;-8.59762728325352;-19.1850277714992;-0.734404549879185;-0.320830686936551;16;3;[1.25 1.75] ;RDK3;center;20;orange;attended;primed;{'P7','P5','P9','PO3','PO7','O1','I1','POz','Oz','Iz','P8','P6','PO4','PO8','P10','O2','I2'}
7.81589427361122;2.02006392383198;0;0;0;0;17;1;[-0.5 0] ;RDK1;center;23;grün;attended;primed;{'P7','P5','P9','PO3','PO7','O1','I1','POz','Oz','Iz','P8','P6','PO4','PO8','P10','O2','I2'}
10.4854775791255;2.97411727500717;0;0;0;0;17;1;[-0.5 0] ;RDK2;center;20;blau;attended;nonprimed;{'P7','P5','P9','PO3','PO7','O1','I1','POz','Oz','Iz','P8','P6','PO4','PO8','P10','O2','I2'}
16.8559345141795;11.3129051939934;0;0;0;0;17;1;[-0.5 0] ;RDK3;center;17;orange;not attended;not attended;{'P7','P5','P9','PO3','PO7','O1','I1','POz','Oz','Iz','P8','P6','PO4','PO8','P10','O2','I2'}
7.82223629412069;2.43575044859588;0;0;0;0;17;2;[-0.5 0] ;RDK1;center;23;grün;not attended;not attended;{'P7','P5','P9','PO3','PO7','O1','I1','POz','Oz','Iz','P8','P6','PO4','PO8','P10','O2','I2'}
9.93041028588066;2.69198550088373;0;0;0;0;17;2;[-0.5 0] ;RDK2;center;20;blau;attended;primed;{'P7','P5','P9','PO3','PO7','O1','I1','POz','Oz','Iz','P8','P6','PO4','PO8','P10','O2','I2'}
16.4093146388887;10.8191639319804;0;0;0;0;17;2;[-0.5 0] ;RDK3;center;17;orange;attended;nonprimed;{'P7','P5','P9','PO3','PO7','O1','I1','POz','Oz','Iz','P8','P6','PO4','PO8','P10','O2','I2'}
8.07639941910273;2.30879874304948;0;0;0;0;17;3;[-0.5 0] ;RDK1;center;23;grün;attended;nonprimed;{'P7','P5','P9','PO3','PO7','O1','I1','POz','Oz','Iz','P8','P6','PO4','PO8','P10','O2','I2'}
9.93812951998473;2.38985322179837;0;0;0;0;17;3;[-0.5 0] ;RDK2;center;20;blau;not attended;not attended;{'P7','P5','P9','PO3','PO7','O1','I1','POz','Oz','Iz','P8','P6','PO4','PO8','P10','O2','I2'}
15.9678700390984;9.52062783629646;0;0;0;0;17;3;[-0.5 0] ;RDK3;center;17;orange;attended;primed;{'P7','P5','P9','PO3','PO7','O1','I1','POz','Oz','Iz','P8','P6','PO4','PO8','P10','O2','I2'}
7.45652272582594;3.20351876338683;-4.59795815046559;58.5850192953242;-0.35937154778528;1.18345483955485;17;1;[0.25 0.75] ;RDK1;center;23;grün;attended;primed;{'P7','P5','P9','PO3','PO7','O1','I1','POz','Oz','Iz','P8','P6','PO4','PO8','P10','O2','I2'}
8.21411009611587;2.22241736159605;-21.6620317564879;-25.2747233516307;-2.27136748300958;-0.751699913411119;17;1;[0.25 0.75] ;RDK2;center;20;blau;attended;nonprimed;{'P7','P5','P9','PO3','PO7','O1','I1','POz','Oz','Iz','P8','P6','PO4','PO8','P10','O2','I2'}
12.4255658447473;7.73958849016897;-26.2837320927256;-31.5861986160875;-4.43036866943221;-3.57331670382444;17;1;[0.25 0.75] ;RDK3;center;17;orange;not attended;not attended;{'P7','P5','P9','PO3','PO7','O1','I1','POz','Oz','Iz','P8','P6','PO4','PO8','P10','O2','I2'}
6.99123076076421;2.63336049674323;-10.6236311728536;8.11290205288735;-0.831005533356473;0.197610048147348;17;2;[0.25 0.75] ;RDK1;center;23;grün;not attended;not attended;{'P7','P5','P9','PO3','PO7','O1','I1','POz','Oz','Iz','P8','P6','PO4','PO8','P10','O2','I2'}
8.45397344865411;3.63771895585556;-14.867833198451;35.131446832138;-1.47643683722656;0.945733454971831;17;2;[0.25 0.75] ;RDK2;center;20;blau;attended;primed;{'P7','P5','P9','PO3','PO7','O1','I1','POz','Oz','Iz','P8','P6','PO4','PO8','P10','O2','I2'}
12.7017251571379;8.30250089686381;-22.5944200799471;-23.2611600206701;-3.70758948175076;-2.51666303511658;17;2;[0.25 0.75] ;RDK3;center;17;orange;attended;nonprimed;{'P7','P5','P9','PO3','PO7','O1','I1','POz','Oz','Iz','P8','P6','PO4','PO8','P10','O2','I2'}
7.00707697113175;2.03758598210046;-13.2400887138118;-11.7469208507454;-1.06932244797098;-0.271212760949027;17;3;[0.25 0.75] ;RDK1;center;23;grün;attended;nonprimed;{'P7','P5','P9','PO3','PO7','O1','I1','POz','Oz','Iz','P8','P6','PO4','PO8','P10','O2','I2'}
8.60931895329402;2.07256528121584;-13.3708316441096;-13.2764614030889;-1.32881056669071;-0.317287940582539;17;3;[0.25 0.75] ;RDK2;center;20;blau;not attended;not attended;{'P7','P5','P9','PO3','PO7','O1','I1','POz','Oz','Iz','P8','P6','PO4','PO8','P10','O2','I2'}
13.0258143412042;9.10668387752852;-18.4248474636278;-4.34786408927589;-2.9420556978942;-0.413943958767938;17;3;[0.25 0.75] ;RDK3;center;17;orange;attended;primed;{'P7','P5','P9','PO3','PO7','O1','I1','POz','Oz','Iz','P8','P6','PO4','PO8','P10','O2','I2'}
7.37093391677373;3.16987475213422;-5.69301913844719;56.9195268890846;-0.444960356837484;1.14981082830224;17;1;[0.75 1.25] ;RDK1;center;23;grün;attended;primed;{'P7','P5','P9','PO3','PO7','O1','I1','POz','Oz','Iz','P8','P6','PO4','PO8','P10','O2','I2'}
9.63927079110124;5.81845299151149;-8.07027416384777;95.6362999000253;-0.846206788024212;2.84433571650432;17;1;[0.75 1.25] ;RDK2;center;20;blau;attended;nonprimed;{'P7','P5','P9','PO3','PO7','O1','I1','POz','Oz','Iz','P8','P6','PO4','PO8','P10','O2','I2'}
12.4107246528384;9.01718334914333;-26.3717793730257;-20.2929469087127;-4.44520986134111;-2.29572184485008;17;1;[0.75 1.25] ;RDK3;center;17;orange;not attended;not attended;{'P7','P5','P9','PO3','PO7','O1','I1','POz','Oz','Iz','P8','P6','PO4','PO8','P10','O2','I2'}
7.0114278858064;2.6254469706462;-10.3654297547071;7.78801137693175;-0.810808408314287;0.189696522050314;17;2;[0.75 1.25] ;RDK1;center;23;grün;not attended;not attended;{'P7','P5','P9','PO3','PO7','O1','I1','POz','Oz','Iz','P8','P6','PO4','PO8','P10','O2','I2'}
9.48651107511909;5.8972298370767;-4.47009940155971;119.066181268091;-0.443899210761575;3.20524433619296;17;2;[0.75 1.25] ;RDK2;center;20;blau;attended;primed;{'P7','P5','P9','PO3','PO7','O1','I1','POz','Oz','Iz','P8','P6','PO4','PO8','P10','O2','I2'}
12.9194997079772;9.50863316533792;-21.2672802472868;-12.1130502770983;-3.48981493091152;-1.31053076664247;17;2;[0.75 1.25] ;RDK3;center;17;orange;attended;nonprimed;{'P7','P5','P9','PO3','PO7','O1','I1','POz','Oz','Iz','P8','P6','PO4','PO8','P10','O2','I2'}
7.54597418340623;3.66008578193673;-6.56759538714637;58.5277102629766;-0.530425235696508;1.35128703888725;17;3;[0.75 1.25] ;RDK1;center;23;grün;attended;nonprimed;{'P7','P5','P9','PO3','PO7','O1','I1','POz','Oz','Iz','P8','P6','PO4','PO8','P10','O2','I2'}
9.17700905605679;4.98452107938706;-7.65858869516037;108.570176357366;-0.761120463927947;2.59466785758869;17;3;[0.75 1.25] ;RDK2;center;20;blau;not attended;not attended;{'P7','P5','P9','PO3','PO7','O1','I1','POz','Oz','Iz','P8','P6','PO4','PO8','P10','O2','I2'}
12.2798558360311;9.04179546520181;-23.0964693101643;-5.02942011102614;-3.68801420306728;-0.478832371094647;17;3;[0.75 1.25] ;RDK3;center;17;orange;attended;primed;{'P7','P5','P9','PO3','PO7','O1','I1','POz','Oz','Iz','P8','P6','PO4','PO8','P10','O2','I2'}
7.75838951179884;3.70360182043654;-0.735741295868431;83.3408228691574;-0.0575047618123739;1.68353789660456;17;1;[1 1.5] ;RDK1;center;23;grün;attended;primed;{'P7','P5','P9','PO3','PO7','O1','I1','POz','Oz','Iz','P8','P6','PO4','PO8','P10','O2','I2'}
10.2517691435318;6.86845227388235;-2.22887735756504;130.940868794953;-0.233708435593686;3.89433499887518;17;1;[1 1.5] ;RDK2;center;20;blau;attended;nonprimed;{'P7','P5','P9','PO3','PO7','O1','I1','POz','Oz','Iz','P8','P6','PO4','PO8','P10','O2','I2'}
12.6318768203528;9.34496576214268;-25.0597656883;-17.3955265964361;-4.22405769382667;-1.96793943185073;17;1;[1 1.5] ;RDK3;center;17;orange;not attended;not attended;{'P7','P5','P9','PO3','PO7','O1','I1','POz','Oz','Iz','P8','P6','PO4','PO8','P10','O2','I2'}
7.14407752541935;3.09782408467785;-8.6696277535243;27.18150525082;-0.678158768701338;0.662073636081963;17;2;[1 1.5] ;RDK1;center;23;grün;not attended;not attended;{'P7','P5','P9','PO3','PO7','O1','I1','POz','Oz','Iz','P8','P6','PO4','PO8','P10','O2','I2'}
9.97985320716962;6.5188707873832;0.497894043303027;142.15846575857;0.0494429212889518;3.82688528649947;17;2;[1 1.5] ;RDK2;center;20;blau;attended;primed;{'P7','P5','P9','PO3','PO7','O1','I1','POz','Oz','Iz','P8','P6','PO4','PO8','P10','O2','I2'}
13.0334016381346;9.74617503778967;-20.5731505248457;-9.91748439099876;-3.3759130007541;-1.07298889419072;17;2;[1 1.5] ;RDK3;center;17;orange;attended;nonprimed;{'P7','P5','P9','PO3','PO7','O1','I1','POz','Oz','Iz','P8','P6','PO4','PO8','P10','O2','I2'}
7.51217607782977;3.22483237944038;-6.98607525450555;39.6757681520992;-0.564223341272966;0.916033636390893;17;3;[1 1.5] ;RDK1;center;23;grün;attended;nonprimed;{'P7','P5','P9','PO3','PO7','O1','I1','POz','Oz','Iz','P8','P6','PO4','PO8','P10','O2','I2'}
9.30227494563452;5.17473262575417;-6.39813128890664;116.529307262651;-0.63585457435021;2.7848794039558;17;3;[1 1.5] ;RDK2;center;20;blau;not attended;not attended;{'P7','P5','P9','PO3','PO7','O1','I1','POz','Oz','Iz','P8','P6','PO4','PO8','P10','O2','I2'}
12.1681318951948;8.70471225928397;-23.7961489829246;-8.56997659231978;-3.79973814390364;-0.815915577012488;17;3;[1 1.5] ;RDK3;center;17;orange;attended;primed;{'P7','P5','P9','PO3','PO7','O1','I1','POz','Oz','Iz','P8','P6','PO4','PO8','P10','O2','I2'}
7.10820011639487;2.62356411972467;-9.05455130842455;29.8753019037077;-0.707694157216344;0.603500195892688;17;1;[1.25 1.75] ;RDK1;center;23;grün;attended;primed;{'P7','P5','P9','PO3','PO7','O1','I1','POz','Oz','Iz','P8','P6','PO4','PO8','P10','O2','I2'}
8.67208278017346;3.82376265363995;-17.2943462543099;28.5679850546827;-1.81339479895199;0.849645378632783;17;1;[1.25 1.75] ;RDK2;center;20;blau;attended;nonprimed;{'P7','P5','P9','PO3','PO7','O1','I1','POz','Oz','Iz','P8','P6','PO4','PO8','P10','O2','I2'}
12.2148840028236;8.22839784190666;-27.5336292238898;-27.2653867348281;-4.64105051135585;-3.08450735208675;17;1;[1.25 1.75] ;RDK3;center;17;orange;not attended;not attended;{'P7','P5','P9','PO3','PO7','O1','I1','POz','Oz','Iz','P8','P6','PO4','PO8','P10','O2','I2'}
7.03174497854656;2.22028574664399;-10.1056946613627;-8.84592680978898;-0.790491315574129;-0.215464701951899;17;2;[1.25 1.75] ;RDK1;center;23;grün;not attended;not attended;{'P7','P5','P9','PO3','PO7','O1','I1','POz','Oz','Iz','P8','P6','PO4','PO8','P10','O2','I2'}
8.29085999916042;2.9717803581268;-16.5103982566702;10.3936242283332;-1.63955028672024;0.279794857243068;17;2;[1.25 1.75] ;RDK2;center;20;blau;attended;primed;{'P7','P5','P9','PO3','PO7','O1','I1','POz','Oz','Iz','P8','P6','PO4','PO8','P10','O2','I2'}
12.6887682099148;8.76234881155092;-22.6733810085918;-19.0108508694441;-3.72054642897386;-2.05681512042947;17;2;[1.25 1.75] ;RDK3;center;17;orange;attended;nonprimed;{'P7','P5','P9','PO3','PO7','O1','I1','POz','Oz','Iz','P8','P6','PO4','PO8','P10','O2','I2'}
7.04245993023005;2.51242960227561;-12.8019855782164;8.81977521163952;-1.03393948887268;0.203630859226123;17;3;[1.25 1.75] ;RDK1;center;23;grün;attended;nonprimed;{'P7','P5','P9','PO3','PO7','O1','I1','POz','Oz','Iz','P8','P6','PO4','PO8','P10','O2','I2'}
8.36575523436879;2.49442659918539;-15.8216320531347;4.37572384919624;-1.57237428561595;0.104573377387017;17;3;[1.25 1.75] ;RDK2;center;20;blau;not attended;not attended;{'P7','P5','P9','PO3','PO7','O1','I1','POz','Oz','Iz','P8','P6','PO4','PO8','P10','O2','I2'}
11.8852559495296;8.10277400674863;-25.5676810969294;-14.8924404348881;-4.08261408956881;-1.41785382954783;17;3;[1.25 1.75] ;RDK3;center;17;orange;attended;primed;{'P7','P5','P9','PO3','PO7','O1','I1','POz','Oz','Iz','P8','P6','PO4','PO8','P10','O2','I2'}
6.05279617827403;1.90395850698333;0;0;0;0;18;1;[-0.5 0] ;RDK1;center;17;grün;attended;primed;{'P7','P5','P9','PO3','PO7','O1','I1','POz','Oz','Iz','P8','P6','PO4','PO8','P10','O2','I2'}
4.14676306042736;1.52295060125411;0;0;0;0;18;1;[-0.5 0] ;RDK2;center;23;blau;attended;nonprimed;{'P7','P5','P9','PO3','PO7','O1','I1','POz','Oz','Iz','P8','P6','PO4','PO8','P10','O2','I2'}
5.1492232068092;1.72802770380521;0;0;0;0;18;1;[-0.5 0] ;RDK3;center;20;orange;not attended;not attended;{'P7','P5','P9','PO3','PO7','O1','I1','POz','Oz','Iz','P8','P6','PO4','PO8','P10','O2','I2'}
5.43626149639285;1.67855343964305;0;0;0;0;18;2;[-0.5 0] ;RDK1;center;17;grün;not attended;not attended;{'P7','P5','P9','PO3','PO7','O1','I1','POz','Oz','Iz','P8','P6','PO4','PO8','P10','O2','I2'}
4.16883765626277;1.64809949325221;0;0;0;0;18;2;[-0.5 0] ;RDK2;center;23;blau;attended;primed;{'P7','P5','P9','PO3','PO7','O1','I1','POz','Oz','Iz','P8','P6','PO4','PO8','P10','O2','I2'}
5.07113600640275;1.48167158872294;0;0;0;0;18;2;[-0.5 0] ;RDK3;center;20;orange;attended;nonprimed;{'P7','P5','P9','PO3','PO7','O1','I1','POz','Oz','Iz','P8','P6','PO4','PO8','P10','O2','I2'}
5.57906426563522;1.53023469151415;0;0;0;0;18;3;[-0.5 0] ;RDK1;center;17;grün;attended;nonprimed;{'P7','P5','P9','PO3','PO7','O1','I1','POz','Oz','Iz','P8','P6','PO4','PO8','P10','O2','I2'}
4.18374400440924;1.74788393073492;0;0;0;0;18;3;[-0.5 0] ;RDK2;center;23;blau;not attended;not attended;{'P7','P5','P9','PO3','PO7','O1','I1','POz','Oz','Iz','P8','P6','PO4','PO8','P10','O2','I2'}
5.00086672705223;1.61199771670195;0;0;0;0;18;3;[-0.5 0] ;RDK3;center;20;orange;attended;primed;{'P7','P5','P9','PO3','PO7','O1','I1','POz','Oz','Iz','P8','P6','PO4','PO8','P10','O2','I2'}
5.87247034651122;2.29002282913454;-2.97921533208189;20.276929393955;-0.180325831762806;0.38606432215121;18;1;[0.25 0.75] ;RDK1;center;17;grün;attended;primed;{'P7','P5','P9','PO3','PO7','O1','I1','POz','Oz','Iz','P8','P6','PO4','PO8','P10','O2','I2'}
4.03618722803452;1.86646162910699;-2.6665577652136;22.5556250852786;-0.110575832392835;0.343511027852874;18;1;[0.25 0.75] ;RDK2;center;23;blau;attended;nonprimed;{'P7','P5','P9','PO3','PO7','O1','I1','POz','Oz','Iz','P8','P6','PO4','PO8','P10','O2','I2'}
5.20892265803134;2.22460028219007;1.15938751971743;28.7363783168167;0.0596994512221389;0.496572578384866;18;1;[0.25 0.75] ;RDK3;center;20;orange;not attended;not attended;{'P7','P5','P9','PO3','PO7','O1','I1','POz','Oz','Iz','P8','P6','PO4','PO8','P10','O2','I2'}
5.45636028186228;2.25043243574341;0.36971704695905;34.0697521207292;0.0200987854694352;0.571878996100361;18;2;[0.25 0.75] ;RDK1;center;17;grün;not attended;not attended;{'P7','P5','P9','PO3','PO7','O1','I1','POz','Oz','Iz','P8','P6','PO4','PO8','P10','O2','I2'}
4.38066110783573;1.92033173204547;5.08111538607734;16.5179493051155;0.211823451572954;0.272232238793265;18;2;[0.25 0.75] ;RDK2;center;23;blau;attended;primed;{'P7','P5','P9','PO3','PO7','O1','I1','POz','Oz','Iz','P8','P6','PO4','PO8','P10','O2','I2'}
4.96312308958753;1.90268506750262;-2.12995503727078;28.4147635673138;-0.108012916815228;0.421013478779685;18;2;[0.25 0.75] ;RDK3;center;20;orange;attended;nonprimed;{'P7','P5','P9','PO3','PO7','O1','I1','POz','Oz','Iz','P8','P6','PO4','PO8','P10','O2','I2'}
5.17782165346102;2.25850372967137;-7.19193386327679;47.5919832556281;-0.401242612174194;0.728269038157226;18;3;[0.25 0.75] ;RDK1;center;17;grün;attended;nonprimed;{'P7','P5','P9','PO3','PO7','O1','I1','POz','Oz','Iz','P8','P6','PO4','PO8','P10','O2','I2'}
4.17443999877343;1.90903756885507;-0.222384678077914;9.2199278960355;-0.00930400563580935;0.161153638120151;18;3;[0.25 0.75] ;RDK2;center;23;blau;not attended;not attended;{'P7','P5','P9','PO3','PO7','O1','I1','POz','Oz','Iz','P8','P6','PO4','PO8','P10','O2','I2'}
4.84233746269709;1.90483883764949;-3.17003577595004;18.1663483709317;-0.158529264355137;0.29284112094754;18;3;[0.25 0.75] ;RDK3;center;20;orange;attended;primed;{'P7','P5','P9','PO3','PO7','O1','I1','POz','Oz','Iz','P8','P6','PO4','PO8','P10','O2','I2'}
5.05610933562749;1.68234386878316;-16.466552206467;-11.6396779334915;-0.996686842646534;-0.221614638200173;18;1;[0.75 1.25] ;RDK1;center;17;grün;attended;primed;{'P7','P5','P9','PO3','PO7','O1','I1','POz','Oz','Iz','P8','P6','PO4','PO8','P10','O2','I2'}
4.17084437150222;2.04213436264798;0.58072551346533;34.0906501475705;0.0240813110748572;0.519183761393862;18;1;[0.75 1.25] ;RDK2;center;23;blau;attended;nonprimed;{'P7','P5','P9','PO3','PO7','O1','I1','POz','Oz','Iz','P8','P6','PO4','PO8','P10','O2','I2'}
5.07048955654127;2.16922080381963;-1.52903937362471;25.5315987725714;-0.0787336502679334;0.441193100014423;18;1;[0.75 1.25] ;RDK3;center;20;orange;not attended;not attended;{'P7','P5','P9','PO3','PO7','O1','I1','POz','Oz','Iz','P8','P6','PO4','PO8','P10','O2','I2'}
5.4399449836075;2.03245924473888;0.0677577268330065;21.0839760437468;0.00368348721465406;0.353905805095828;18;2;[0.75 1.25] ;RDK1;center;17;grün;not attended;not attended;{'P7','P5','P9','PO3','PO7','O1','I1','POz','Oz','Iz','P8','P6','PO4','PO8','P10','O2','I2'}
4.37906214122859;2.58894617686984;5.04276017201093;57.0867649355957;0.210224484965813;0.940846683617631;18;2;[0.75 1.25] ;RDK2;center;23;blau;attended;primed;{'P7','P5','P9','PO3','PO7','O1','I1','POz','Oz','Iz','P8','P6','PO4','PO8','P10','O2','I2'}
5.23227641809041;2.50437208915728;3.17759988066182;69.0234265283991;0.161140411687652;1.02270050043434;18;2;[0.75 1.25] ;RDK3;center;20;orange;attended;nonprimed;{'P7','P5','P9','PO3','PO7','O1','I1','POz','Oz','Iz','P8','P6','PO4','PO8','P10','O2','I2'}
5.69707353298481;1.82666692184916;2.11521613178893;19.3716840938758;0.118009267349588;0.296432230335016;18;3;[0.75 1.25] ;RDK1;center;17;grün;attended;nonprimed;{'P7','P5','P9','PO3','PO7','O1','I1','POz','Oz','Iz','P8','P6','PO4','PO8','P10','O2','I2'}
4.50337222474733;2.2534532671061;7.639765243792;28.9246515447174;0.319628220338088;0.505569336371185;18;3;[0.75 1.25] ;RDK2;center;23;blau;not attended;not attended;{'P7','P5','P9','PO3','PO7','O1','I1','POz','Oz','Iz','P8','P6','PO4','PO8','P10','O2','I2'}
5.2885228012482;2.422145928193;5.75212437955779;50.2574044055453;0.287656074195965;0.810148211491054;18;3;[0.75 1.25] ;RDK3;center;20;orange;attended;primed;{'P7','P5','P9','PO3','PO7','O1','I1','POz','Oz','Iz','P8','P6','PO4','PO8','P10','O2','I2'}
5.68311815995436;2.42929767550926;-6.10755768790939;27.5919441836097;-0.369678018319661;0.525339168525929;18;1;[1 1.5] ;RDK1;center;17;grün;attended;primed;{'P7','P5','P9','PO3','PO7','O1','I1','POz','Oz','Iz','P8','P6','PO4','PO8','P10','O2','I2'}
4.21841448248781;2.2235458731921;1.72788801810801;46.0024948518398;0.0716514220604534;0.700595271937987;18;1;[1 1.5] ;RDK2;center;23;blau;attended;nonprimed;{'P7','P5','P9','PO3','PO7','O1','I1','POz','Oz','Iz','P8','P6','PO4','PO8','P10','O2','I2'}
5.2801502441389;2.53078258657887;2.54265608755435;46.4549776028448;0.130927037329696;0.802754882773663;18;1;[1 1.5] ;RDK3;center;20;orange;not attended;not attended;{'P7','P5','P9','PO3','PO7','O1','I1','POz','Oz','Iz','P8','P6','PO4','PO8','P10','O2','I2'}
5.3971536893111;2.01157864341639;-0.719387893825529;19.840011995338;-0.0391078070817485;0.333025203773339;18;2;[1 1.5] ;RDK1;center;17;grün;not attended;not attended;{'P7','P5','P9','PO3','PO7','O1','I1','POz','Oz','Iz','P8','P6','PO4','PO8','P10','O2','I2'}
4.41525517222029;2.62541184544024;5.91094056126962;59.2993539643347;0.246417515957518;0.977312352188033;18;2;[1 1.5] ;RDK2;center;23;blau;attended;primed;{'P7','P5','P9','PO3','PO7','O1','I1','POz','Oz','Iz','P8','P6','PO4','PO8','P10','O2','I2'}
5.37701772456795;2.98804104921505;6.03181846787371;101.6668924448;0.305881718165194;1.50636946049211;18;2;[1 1.5] ;RDK3;center;20;orange;attended;nonprimed;{'P7','P5','P9','PO3','PO7','O1','I1','POz','Oz','Iz','P8','P6','PO4','PO8','P10','O2','I2'}
5.66399419577413;2.44996118181431;1.52229703934486;60.1036230194277;0.0849299301389115;0.919726490300166;18;3;[1 1.5] ;RDK1;center;17;grün;attended;nonprimed;{'P7','P5','P9','PO3','PO7','O1','I1','POz','Oz','Iz','P8','P6','PO4','PO8','P10','O2','I2'}
4.45124002711266;2.34960777160809;6.3936995767788;34.4258466075699;0.267496022703422;0.601723840873166;18;3;[1 1.5] ;RDK2;center;23;blau;not attended;not attended;{'P7','P5','P9','PO3','PO7','O1','I1','POz','Oz','Iz','P8','P6','PO4','PO8','P10','O2','I2'}
5.60008741611809;2.97595189896105;11.982336698244;84.6126621723552;0.599220689065856;1.3639541822591;18;3;[1 1.5] ;RDK3;center;20;orange;attended;primed;{'P7','P5','P9','PO3','PO7','O1','I1','POz','Oz','Iz','P8','P6','PO4','PO8','P10','O2','I2'}
5.64963693532469;2.39711732400489;-6.66071070419386;25.9017628384626;-0.403159242949335;0.493158817021556;18;1;[1.25 1.75] ;RDK1;center;17;grün;attended;primed;{'P7','P5','P9','PO3','PO7','O1','I1','POz','Oz','Iz','P8','P6','PO4','PO8','P10','O2','I2'}
4.04640464976902;1.59033443269686;-2.42016264724798;4.42455791982104;-0.10035841065834;0.0673838314427511;18;1;[1.25 1.75] ;RDK2;center;23;blau;attended;nonprimed;{'P7','P5','P9','PO3','PO7','O1','I1','POz','Oz','Iz','P8','P6','PO4','PO8','P10','O2','I2'}
4.99653018437899;1.9174154303732;-2.96536033295848;10.9597621699552;-0.152693022430213;0.189387726567989;18;1;[1.25 1.75] ;RDK3;center;20;orange;not attended;not attended;{'P7','P5','P9','PO3','PO7','O1','I1','POz','Oz','Iz','P8','P6','PO4','PO8','P10','O2','I2'}
5.33579160401185;1.77472241863406;-1.84814311172611;5.72927716924301;-0.100469892381003;0.0961689789910123;18;2;[1.25 1.75] ;RDK1;center;17;grün;not attended;not attended;{'P7','P5','P9','PO3','PO7','O1','I1','POz','Oz','Iz','P8','P6','PO4','PO8','P10','O2','I2'}
4.16760869695051;1.82223017493524;-0.0294796634841332;10.5655442766639;-0.0012289593122663;0.174130681683035;18;2;[1.25 1.75] ;RDK2;center;23;blau;attended;primed;{'P7','P5','P9','PO3','PO7','O1','I1','POz','Oz','Iz','P8','P6','PO4','PO8','P10','O2','I2'}
5.24848425442277;2.21205645718726;3.49720945752783;49.294653013752;0.177348248020016;0.730384868464319;18;2;[1.25 1.75] ;RDK3;center;20;orange;attended;nonprimed;{'P7','P5','P9','PO3','PO7','O1','I1','POz','Oz','Iz','P8','P6','PO4','PO8','P10','O2','I2'}
5.57649281014145;2.2404544601613;-0.0460911610144055;46.4124733667096;-0.00257145549377125;0.710219768647155;18;3;[1.25 1.75] ;RDK1;center;17;grün;attended;nonprimed;{'P7','P5','P9','PO3','PO7','O1','I1','POz','Oz','Iz','P8','P6','PO4','PO8','P10','O2','I2'}
4.00534156868361;1.69864625412954;-4.26418144938151;-2.81698777244764;-0.17840243572563;-0.0492376766053799;18;3;[1.25 1.75] ;RDK2;center;23;blau;not attended;not attended;{'P7','P5','P9','PO3','PO7','O1','I1','POz','Oz','Iz','P8','P6','PO4','PO8','P10','O2','I2'}
4.95430261409121;2.07002636048589;-0.931120853693901;28.4137278259327;-0.0465641129610228;0.45802864378394;18;3;[1.25 1.75] ;RDK3;center;20;orange;attended;primed;{'P7','P5','P9','PO3','PO7','O1','I1','POz','Oz','Iz','P8','P6','PO4','PO8','P10','O2','I2'}
9.85028137880213;2.44867007548992;0;0;0;0;19;1;[-0.5 0] ;RDK1;center;20;orange;attended;primed;{'P7','P5','P9','PO3','PO7','O1','I1','POz','Oz','Iz','P8','P6','PO4','PO8','P10','O2','I2'}
10.1798197176661;1.64076107908967;0;0;0;0;19;1;[-0.5 0] ;RDK2;center;23;grün;attended;nonprimed;{'P7','P5','P9','PO3','PO7','O1','I1','POz','Oz','Iz','P8','P6','PO4','PO8','P10','O2','I2'}
11.6308543282936;6.00117728498457;0;0;0;0;19;1;[-0.5 0] ;RDK3;center;17;blau;not attended;not attended;{'P7','P5','P9','PO3','PO7','O1','I1','POz','Oz','Iz','P8','P6','PO4','PO8','P10','O2','I2'}
9.89363991189327;2.09291614726927;0;0;0;0;19;2;[-0.5 0] ;RDK1;center;20;orange;not attended;not attended;{'P7','P5','P9','PO3','PO7','O1','I1','POz','Oz','Iz','P8','P6','PO4','PO8','P10','O2','I2'}
9.96000045457037;1.2501898844857;0;0;0;0;19;2;[-0.5 0] ;RDK2;center;23;grün;attended;primed;{'P7','P5','P9','PO3','PO7','O1','I1','POz','Oz','Iz','P8','P6','PO4','PO8','P10','O2','I2'}
11.5062420055338;6.35024627840897;0;0;0;0;19;2;[-0.5 0] ;RDK3;center;17;blau;attended;nonprimed;{'P7','P5','P9','PO3','PO7','O1','I1','POz','Oz','Iz','P8','P6','PO4','PO8','P10','O2','I2'}
10.9394640620478;2.52238538267925;0;0;0;0;19;3;[-0.5 0] ;RDK1;center;20;orange;attended;nonprimed;{'P7','P5','P9','PO3','PO7','O1','I1','POz','Oz','Iz','P8','P6','PO4','PO8','P10','O2','I2'}
10.2097531573265;1.64096715958679;0;0;0;0;19;3;[-0.5 0] ;RDK2;center;23;grün;not attended;not attended;{'P7','P5','P9','PO3','PO7','O1','I1','POz','Oz','Iz','P8','P6','PO4','PO8','P10','O2','I2'}
11.1596021328577;5.66416633587617;0;0;0;0;19;3;[-0.5 0] ;RDK3;center;17;blau;attended;primed;{'P7','P5','P9','PO3','PO7','O1','I1','POz','Oz','Iz','P8','P6','PO4','PO8','P10','O2','I2'}
10.2480373382568;3.9525240047485;4.03801621657913;61.4151307810503;0.397755959454704;1.50385392925858;19;1;[0.25 0.75] ;RDK1;center;20;orange;attended;primed;{'P7','P5','P9','PO3','PO7','O1','I1','POz','Oz','Iz','P8','P6','PO4','PO8','P10','O2','I2'}
9.99864334002879;0.939056199397976;-1.77976017908194;-42.7670358978175;-0.181176377637353;-0.701704879691698;19;1;[0.25 0.75] ;RDK2;center;23;grün;attended;nonprimed;{'P7','P5','P9','PO3','PO7','O1','I1','POz','Oz','Iz','P8','P6','PO4','PO8','P10','O2','I2'}
10.3398137718304;5.28464306048139;-11.1001352095224;-11.9398942986738;-1.29104055646318;-0.716534224503181;19;1;[0.25 0.75] ;RDK3;center;17;blau;not attended;not attended;{'P7','P5','P9','PO3','PO7','O1','I1','POz','Oz','Iz','P8','P6','PO4','PO8','P10','O2','I2'}
10.8847009520725;3.9167904867306;10.0171529285987;87.1451224570569;0.991061040179222;1.82387433946133;19;2;[0.25 0.75] ;RDK1;center;20;orange;not attended;not attended;{'P7','P5','P9','PO3','PO7','O1','I1','POz','Oz','Iz','P8','P6','PO4','PO8','P10','O2','I2'}
10.5970445283398;1.38715852021632;6.39602454513029;10.9558265852518;0.63704407376941;0.136968635730614;19;2;[0.25 0.75] ;RDK2;center;23;grün;attended;primed;{'P7','P5','P9','PO3','PO7','O1','I1','POz','Oz','Iz','P8','P6','PO4','PO8','P10','O2','I2'}
10.9357734158028;5.58423512853783;-4.95790536524935;-12.0626998747371;-0.570468589730933;-0.766011149871134;19;2;[0.25 0.75] ;RDK3;center;17;blau;attended;nonprimed;{'P7','P5','P9','PO3','PO7','O1','I1','POz','Oz','Iz','P8','P6','PO4','PO8','P10','O2','I2'}
10.5329253554884;3.67452312473258;-3.71625798351314;45.6765151734879;-0.406538706559401;1.15213774205333;19;3;[0.25 0.75] ;RDK1;center;20;orange;attended;nonprimed;{'P7','P5','P9','PO3','PO7','O1','I1','POz','Oz','Iz','P8','P6','PO4','PO8','P10','O2','I2'}
10.118704444143;1.1456381918618;-0.891781728514895;-30.1851846839956;-0.0910487131835112;-0.49532896772499;19;3;[0.25 0.75] ;RDK2;center;23;grün;not attended;not attended;{'P7','P5','P9','PO3','PO7','O1','I1','POz','Oz','Iz','P8','P6','PO4','PO8','P10','O2','I2'}
12.1943798539865;7.74658549371348;9.27253237892878;36.7647952823615;1.03477772112885;2.08241915783731;19;3;[0.25 0.75] ;RDK3;center;17;blau;attended;primed;{'P7','P5','P9','PO3','PO7','O1','I1','POz','Oz','Iz','P8','P6','PO4','PO8','P10','O2','I2'}
11.029671358307;4.74334557994998;11.9731603002016;93.7110935208754;1.17938997950489;2.29467550446005;19;1;[0.75 1.25] ;RDK1;center;20;orange;attended;primed;{'P7','P5','P9','PO3','PO7','O1','I1','POz','Oz','Iz','P8','P6','PO4','PO8','P10','O2','I2'}
11.3951767774729;2.48174265080987;11.9388858890848;51.2555778192148;1.21535705980672;0.840981571720197;19;1;[0.75 1.25] ;RDK2;center;23;grün;attended;nonprimed;{'P7','P5','P9','PO3','PO7','O1','I1','POz','Oz','Iz','P8','P6','PO4','PO8','P10','O2','I2'}
9.93367167943204;4.91831111611284;-14.5920720951078;-18.0442289478957;-1.69718264886157;-1.08286616887172;19;1;[0.75 1.25] ;RDK3;center;17;blau;not attended;not attended;{'P7','P5','P9','PO3','PO7','O1','I1','POz','Oz','Iz','P8','P6','PO4','PO8','P10','O2','I2'}
11.0439547089969;4.17391188570817;11.6268108335019;99.430440209182;1.15031479710367;2.08099573843889;19;2;[0.75 1.25] ;RDK1;center;20;orange;not attended;not attended;{'P7','P5','P9','PO3','PO7','O1','I1','POz','Oz','Iz','P8','P6','PO4','PO8','P10','O2','I2'}
10.994951602021;1.83019751492399;10.3910753033718;46.3935629007979;1.03495114745058;0.580007630438287;19;2;[0.75 1.25] ;RDK2;center;23;grün;attended;primed;{'P7','P5','P9','PO3','PO7','O1','I1','POz','Oz','Iz','P8','P6','PO4','PO8','P10','O2','I2'}
10.9163662362422;6.94011808304765;-5.12657189904259;9.28895949507138;-0.589875769291528;0.589871804638686;19;2;[0.75 1.25] ;RDK3;center;17;blau;attended;nonprimed;{'P7','P5','P9','PO3','PO7','O1','I1','POz','Oz','Iz','P8','P6','PO4','PO8','P10','O2','I2'}
10.8907946979298;3.76709151793929;-0.44489715256506;49.3463902783134;-0.048669364117929;1.24470613526003;19;3;[0.75 1.25] ;RDK1;center;20;orange;attended;nonprimed;{'P7','P5','P9','PO3','PO7','O1','I1','POz','Oz','Iz','P8','P6','PO4','PO8','P10','O2','I2'}
11.1315263105194;2.20669386788731;9.02835885440962;34.4751998841321;0.921773153192857;0.565726708300513;19;3;[0.75 1.25] ;RDK2;center;23;grün;not attended;not attended;{'P7','P5','P9','PO3','PO7','O1','I1','POz','Oz','Iz','P8','P6','PO4','PO8','P10','O2','I2'}
10.8993225874405;6.67377061056336;-2.33233714175927;17.8244107750238;-0.260279545417198;1.00960427468718;19;3;[0.75 1.25] ;RDK3;center;17;blau;attended;primed;{'P7','P5','P9','PO3','PO7','O1','I1','POz','Oz','Iz','P8','P6','PO4','PO8','P10','O2','I2'}
11.3413211296047;4.80994520643178;15.1370269890086;96.4309220166959;1.49103975080257;2.36127513094186;19;1;[1 1.5] ;RDK1;center;20;orange;attended;primed;{'P7','P5','P9','PO3','PO7','O1','I1','POz','Oz','Iz','P8','P6','PO4','PO8','P10','O2','I2'}
11.4993494215055;2.01340363036453;12.9622109274628;22.7115669687637;1.31952970383933;0.372642551274861;19;1;[1 1.5] ;RDK2;center;23;grün;attended;nonprimed;{'P7','P5','P9','PO3','PO7','O1','I1','POz','Oz','Iz','P8','P6','PO4','PO8','P10','O2','I2'}
10.1054896919975;5.61858886898373;-13.1148116315532;-6.37522269102271;-1.52536463629606;-0.382588416000837;19;1;[1 1.5] ;RDK3;center;17;blau;not attended;not attended;{'P7','P5','P9','PO3','PO7','O1','I1','POz','Oz','Iz','P8','P6','PO4','PO8','P10','O2','I2'}
10.7453648666451;5.10514604263176;8.60881295798883;143.925015786833;0.851724954751822;3.01222989536249;19;2;[1 1.5] ;RDK1;center;20;orange;not attended;not attended;{'P7','P5','P9','PO3','PO7','O1','I1','POz','Oz','Iz','P8','P6','PO4','PO8','P10','O2','I2'}
11.2283861302682;1.79518685553948;12.7347953595305;43.5931355562018;1.26838567569784;0.544996971053775;19;2;[1 1.5] ;RDK2;center;23;grün;attended;primed;{'P7','P5','P9','PO3','PO7','O1','I1','POz','Oz','Iz','P8','P6','PO4','PO8','P10','O2','I2'}
11.1477099716394;7.4067475995327;-3.11597855948073;16.637170824632;-0.358532033894397;1.05650132112374;19;2;[1 1.5] ;RDK3;center;17;blau;attended;nonprimed;{'P7','P5','P9','PO3','PO7','O1','I1','POz','Oz','Iz','P8','P6','PO4','PO8','P10','O2','I2'}
11.1504319393797;5.02944321033642;1.92850286024351;99.3923388897137;0.210967877331901;2.50705782765716;19;3;[1 1.5] ;RDK1;center;20;orange;attended;nonprimed;{'P7','P5','P9','PO3','PO7','O1','I1','POz','Oz','Iz','P8','P6','PO4','PO8','P10','O2','I2'}
11.4867501409885;1.27228432206007;12.5076185876789;-22.4674110857623;1.27699698366191;-0.368682837526723;19;3;[1 1.5] ;RDK2;center;23;grün;not attended;not attended;{'P7','P5','P9','PO3','PO7','O1','I1','POz','Oz','Iz','P8','P6','PO4','PO8','P10','O2','I2'}
11.2188848133001;7.30243427019853;0.531225752823961;28.9233726055282;0.0592826804424309;1.63826793432236;19;3;[1 1.5] ;RDK3;center;17;blau;attended;primed;{'P7','P5','P9','PO3','PO7','O1','I1','POz','Oz','Iz','P8','P6','PO4','PO8','P10','O2','I2'}
10.815216649172;3.04326325708924;9.79601732440263;24.2822905196959;0.964935270369862;0.594593181599319;19;1;[1.25 1.75] ;RDK1;center;20;orange;attended;primed;{'P7','P5','P9','PO3','PO7','O1','I1','POz','Oz','Iz','P8','P6','PO4','PO8','P10','O2','I2'}
11.5341809022481;1.20932612615338;13.3043729864051;-26.2948066256947;1.35436118458191;-0.431434952936291;19;1;[1.25 1.75] ;RDK2;center;23;grün;attended;nonprimed;{'P7','P5','P9','PO3','PO7','O1','I1','POz','Oz','Iz','P8','P6','PO4','PO8','P10','O2','I2'}
9.87721295378327;4.77823353339644;-15.0774940946889;-20.3783973296045;-1.75364137451034;-1.22294375158813;19;1;[1.25 1.75] ;RDK3;center;17;blau;not attended;not attended;{'P7','P5','P9','PO3','PO7','O1','I1','POz','Oz','Iz','P8','P6','PO4','PO8','P10','O2','I2'}
10.2464791120987;2.95232458271053;3.5663234496865;41.0627265962165;0.352839200205393;0.85940843544125;19;2;[1.25 1.75] ;RDK1;center;20;orange;not attended;not attended;{'P7','P5','P9','PO3','PO7','O1','I1','POz','Oz','Iz','P8','P6','PO4','PO8','P10','O2','I2'}
11.9643707296967;1.66596140513593;20.1241986310008;33.2566697115185;2.00437027512632;0.415771520650225;19;2;[1.25 1.75] ;RDK2;center;23;grün;attended;primed;{'P7','P5','P9','PO3','PO7','O1','I1','POz','Oz','Iz','P8','P6','PO4','PO8','P10','O2','I2'}
10.6317679482887;6.63657087222483;-7.59999708701131;4.50887384934;-0.874474057245038;0.286324593815868;19;2;[1.25 1.75] ;RDK3;center;17;blau;attended;nonprimed;{'P7','P5','P9','PO3','PO7','O1','I1','POz','Oz','Iz','P8','P6','PO4','PO8','P10','O2','I2'}
11.1095900837652;4.27932174766765;1.55515865084914;69.6537641334646;0.170126021717468;1.7569363649884;19;3;[1.25 1.75] ;RDK1;center;20;orange;attended;nonprimed;{'P7','P5','P9','PO3','PO7','O1','I1','POz','Oz','Iz','P8','P6','PO4','PO8','P10','O2','I2'}
11.0527251230646;1.57821131871836;8.25653620365048;-3.82432034070898;0.842971965738013;-0.0627558408684321;19;3;[1.25 1.75] ;RDK2;center;23;grün;not attended;not attended;{'P7','P5','P9','PO3','PO7','O1','I1','POz','Oz','Iz','P8','P6','PO4','PO8','P10','O2','I2'}
10.4974560759186;6.43316920634309;-5.9334199289189;13.5766293725546;-0.662146056939035;0.769002870466914;19;3;[1.25 1.75] ;RDK3;center;17;blau;attended;primed;{'P7','P5','P9','PO3','PO7','O1','I1','POz','Oz','Iz','P8','P6','PO4','PO8','P10','O2','I2'}
7.3783314238846;4.1395497982858;0;0;0;0;20;1;[-0.5 0] ;RDK1;center;23;orange;attended;primed;{'P7','P5','P9','PO3','PO7','O1','I1','POz','Oz','Iz','P8','P6','PO4','PO8','P10','O2','I2'}
7.88570435554194;3.17497560988724;0;0;0;0;20;1;[-0.5 0] ;RDK2;center;20;blau;attended;nonprimed;{'P7','P5','P9','PO3','PO7','O1','I1','POz','Oz','Iz','P8','P6','PO4','PO8','P10','O2','I2'}
9.10628081231096;4.47248340408187;0;0;0;0;20;1;[-0.5 0] ;RDK3;center;17;grün;not attended;not attended;{'P7','P5','P9','PO3','PO7','O1','I1','POz','Oz','Iz','P8','P6','PO4','PO8','P10','O2','I2'}
7.43697324489576;4.19859927393732;0;0;0;0;20;2;[-0.5 0] ;RDK1;center;23;orange;not attended;not attended;{'P7','P5','P9','PO3','PO7','O1','I1','POz','Oz','Iz','P8','P6','PO4','PO8','P10','O2','I2'}
8.69068040243641;3.15864906807291;0;0;0;0;20;2;[-0.5 0] ;RDK2;center;20;blau;attended;primed;{'P7','P5','P9','PO3','PO7','O1','I1','POz','Oz','Iz','P8','P6','PO4','PO8','P10','O2','I2'}
9.71548675951375;4.47653958970066;0;0;0;0;20;2;[-0.5 0] ;RDK3;center;17;grün;attended;nonprimed;{'P7','P5','P9','PO3','PO7','O1','I1','POz','Oz','Iz','P8','P6','PO4','PO8','P10','O2','I2'}
7.47553563225863;4.3031597444914;0;0;0;0;20;3;[-0.5 0] ;RDK1;center;23;orange;attended;nonprimed;{'P7','P5','P9','PO3','PO7','O1','I1','POz','Oz','Iz','P8','P6','PO4','PO8','P10','O2','I2'}
8.06445645638721;2.85387960386492;0;0;0;0;20;3;[-0.5 0] ;RDK2;center;20;blau;not attended;not attended;{'P7','P5','P9','PO3','PO7','O1','I1','POz','Oz','Iz','P8','P6','PO4','PO8','P10','O2','I2'}
9.70727552224069;4.45543625290038;0;0;0;0;20;3;[-0.5 0] ;RDK3;center;17;grün;attended;primed;{'P7','P5','P9','PO3','PO7','O1','I1','POz','Oz','Iz','P8','P6','PO4','PO8','P10','O2','I2'}
8.32793091001554;6.49846220501947;12.8701115682735;56.9847573209653;0.949599486130934;2.35891240673367;20;1;[0.25 0.75] ;RDK1;center;23;orange;attended;primed;{'P7','P5','P9','PO3','PO7','O1','I1','POz','Oz','Iz','P8','P6','PO4','PO8','P10','O2','I2'}
7.27157336230731;3.64302334041078;-7.78790283715144;14.7417740490976;-0.614130993234625;0.468047730523537;20;1;[0.25 0.75] ;RDK2;center;20;blau;attended;nonprimed;{'P7','P5','P9','PO3','PO7','O1','I1','POz','Oz','Iz','P8','P6','PO4','PO8','P10','O2','I2'}
7.40940878941463;3.25978597256932;-18.6340840774677;-27.1146323406312;-1.69687202289633;-1.21269743151255;20;1;[0.25 0.75] ;RDK3;center;17;grün;not attended;not attended;{'P7','P5','P9','PO3','PO7','O1','I1','POz','Oz','Iz','P8','P6','PO4','PO8','P10','O2','I2'}
7.13237103941214;4.93447071556592;-4.09578191897733;17.5265938380092;-0.304602205483622;0.735871441628598;20;2;[0.25 0.75] ;RDK1;center;23;orange;not attended;not attended;{'P7','P5','P9','PO3','PO7','O1','I1','POz','Oz','Iz','P8','P6','PO4','PO8','P10','O2','I2'}
8.07619787017684;4.86505537550913;-7.070591758124;54.0232951068952;-0.614482532259567;1.70640630743622;20;2;[0.25 0.75] ;RDK2;center;20;blau;attended;primed;{'P7','P5','P9','PO3','PO7','O1','I1','POz','Oz','Iz','P8','P6','PO4','PO8','P10','O2','I2'}
7.54213592693277;3.39635721455872;-22.3699634035604;-24.1298519424949;-2.17335083258098;-1.08018237514194;20;2;[0.25 0.75] ;RDK3;center;17;grün;attended;nonprimed;{'P7','P5','P9','PO3','PO7','O1','I1','POz','Oz','Iz','P8','P6','PO4','PO8','P10','O2','I2'}
7.33484680728136;5.17215548759132;-1.88198989207096;20.1943640184947;-0.14068882497727;0.86899574309992;20;3;[0.25 0.75] ;RDK1;center;23;orange;attended;nonprimed;{'P7','P5','P9','PO3','PO7','O1','I1','POz','Oz','Iz','P8','P6','PO4','PO8','P10','O2','I2'}
7.60765361138598;3.87065721529102;-5.66439719120095;35.6279084110314;-0.456802845001221;1.0167776114261;20;3;[0.25 0.75] ;RDK2;center;20;blau;not attended;not attended;{'P7','P5','P9','PO3','PO7','O1','I1','POz','Oz','Iz','P8','P6','PO4','PO8','P10','O2','I2'}
8.13530137204477;3.83108701317558;-16.1937728726697;-14.0132010489064;-1.57197415019592;-0.624349239724794;20;3;[0.25 0.75] ;RDK3;center;17;grün;attended;primed;{'P7','P5','P9','PO3','PO7','O1','I1','POz','Oz','Iz','P8','P6','PO4','PO8','P10','O2','I2'}
7.30367338279793;4.97628981333512;-1.01185534774154;20.2133095583443;-0.0746580410866713;0.836740015049326;20;1;[0.75 1.25] ;RDK1;center;23;orange;attended;primed;{'P7','P5','P9','PO3','PO7','O1','I1','POz','Oz','Iz','P8','P6','PO4','PO8','P10','O2','I2'}
8.47803200423987;5.1576108673579;7.51141080101052;62.4456846627894;0.592327648697935;1.98263525747066;20;1;[0.75 1.25] ;RDK2;center;20;blau;attended;nonprimed;{'P7','P5','P9','PO3','PO7','O1','I1','POz','Oz','Iz','P8','P6','PO4','PO8','P10','O2','I2'}
7.89306946146003;4.39464441009237;-13.3227974829281;-1.74039760367728;-1.21321135085093;-0.0778389939895048;20;1;[0.75 1.25] ;RDK3;center;17;grün;not attended;not attended;{'P7','P5','P9','PO3','PO7','O1','I1','POz','Oz','Iz','P8','P6','PO4','PO8','P10','O2','I2'}
6.74067202196941;4.3769743922609;-9.36269635505608;4.24844350902547;-0.696301222926351;0.17837511832358;20;2;[0.75 1.25] ;RDK1;center;23;orange;not attended;not attended;{'P7','P5','P9','PO3','PO7','O1','I1','POz','Oz','Iz','P8','P6','PO4','PO8','P10','O2','I2'}
8.10187155304991;5.1155661900119;-6.77517549973913;61.9542430882613;-0.588808849386501;1.95691712193899;20;2;[0.75 1.25] ;RDK2;center;20;blau;attended;primed;{'P7','P5','P9','PO3','PO7','O1','I1','POz','Oz','Iz','P8','P6','PO4','PO8','P10','O2','I2'}
7.95809404450844;4.81079630776228;-18.0885709435445;7.46685495266624;-1.75739271500531;0.334256718061628;20;2;[0.75 1.25] ;RDK3;center;17;grün;attended;nonprimed;{'P7','P5','P9','PO3','PO7','O1','I1','POz','Oz','Iz','P8','P6','PO4','PO8','P10','O2','I2'}
7.3968687111436;5.18638789599837;-1.0523248765689;20.5251072223757;-0.0786669211150297;0.883228151506968;20;3;[0.75 1.25] ;RDK1;center;23;orange;attended;nonprimed;{'P7','P5','P9','PO3','PO7','O1','I1','POz','Oz','Iz','P8','P6','PO4','PO8','P10','O2','I2'}
7.58415742805101;4.10559425688437;-5.95575202040787;43.8601071791639;-0.480299028336193;1.25171465301945;20;3;[0.75 1.25] ;RDK2;center;20;blau;not attended;not attended;{'P7','P5','P9','PO3','PO7','O1','I1','POz','Oz','Iz','P8','P6','PO4','PO8','P10','O2','I2'}
7.96844823543842;4.37579929990466;-17.9126190744084;-1.78741089481133;-1.73882728680227;-0.079636952995715;20;3;[0.75 1.25] ;RDK3;center;17;grün;attended;primed;{'P7','P5','P9','PO3','PO7','O1','I1','POz','Oz','Iz','P8','P6','PO4','PO8','P10','O2','I2'}
8.1971692758448;6.13302425885093;11.0978730138025;48.1567937989448;0.818837851960195;1.99347446056513;20;1;[1 1.5] ;RDK1;center;23;orange;attended;primed;{'P7','P5','P9','PO3','PO7','O1','I1','POz','Oz','Iz','P8','P6','PO4','PO8','P10','O2','I2'}
9.71403004572942;7.27892930798941;23.1853187458463;129.259377153071;1.82832569018748;4.10395369810217;20;1;[1 1.5] ;RDK2;center;20;blau;attended;nonprimed;{'P7','P5','P9','PO3','PO7','O1','I1','POz','Oz','Iz','P8','P6','PO4','PO8','P10','O2','I2'}
8.52975648776438;5.11359229292805;-6.33106244392505;14.3345168874425;-0.576524324546572;0.641108888846177;20;1;[1 1.5] ;RDK3;center;17;grün;not attended;not attended;{'P7','P5','P9','PO3','PO7','O1','I1','POz','Oz','Iz','P8','P6','PO4','PO8','P10','O2','I2'}
7.76794745803419;5.81136465180514;4.45038864924765;38.4119862993119;0.330974213138425;1.61276537786781;20;2;[1 1.5] ;RDK1;center;23;orange;not attended;not attended;{'P7','P5','P9','PO3','PO7','O1','I1','POz','Oz','Iz','P8','P6','PO4','PO8','P10','O2','I2'}
9.54064881424019;7.02457969976227;9.78022861783638;122.391900726343;0.849968411803784;3.86593063168936;20;2;[1 1.5] ;RDK2;center;20;blau;attended;primed;{'P7','P5','P9','PO3','PO7','O1','I1','POz','Oz','Iz','P8','P6','PO4','PO8','P10','O2','I2'}
8.86608152907359;5.79587379462039;-8.74279643897818;29.4721889192085;-0.849405230440166;1.31933420491974;20;2;[1 1.5] ;RDK3;center;17;grün;attended;nonprimed;{'P7','P5','P9','PO3','PO7','O1','I1','POz','Oz','Iz','P8','P6','PO4','PO8','P10','O2','I2'}
8.33160439012277;6.39826799517843;11.4516042726091;48.6876708067608;0.856068757864145;2.09510825068703;20;3;[1 1.5] ;RDK1;center;23;orange;attended;nonprimed;{'P7','P5','P9','PO3','PO7','O1','I1','POz','Oz','Iz','P8','P6','PO4','PO8','P10','O2','I2'}
9.15041662664974;6.37709480928619;13.466005751726;123.453533241202;1.08596017026254;3.52321520542128;20;3;[1 1.5] ;RDK2;center;20;blau;not attended;not attended;{'P7','P5','P9','PO3','PO7','O1','I1','POz','Oz','Iz','P8','P6','PO4','PO8','P10','O2','I2'}
8.62570228619813;5.61900053520548;-11.1418825350586;26.1156083547969;-1.08157323604256;1.1635642823051;20;3;[1 1.5] ;RDK3;center;17;grün;attended;primed;{'P7','P5','P9','PO3','PO7','O1','I1','POz','Oz','Iz','P8','P6','PO4','PO8','P10','O2','I2'}
7.74441451940062;5.37397750497404;4.96159733799646;29.820337158389;0.366083095516015;1.23442770668824;20;1;[1.25 1.75] ;RDK1;center;23;orange;attended;primed;{'P7','P5','P9','PO3','PO7','O1','I1','POz','Oz','Iz','P8','P6','PO4','PO8','P10','O2','I2'}
8.49502719905042;5.05544002401343;7.72692984717669;59.2276806243869;0.609322843508482;1.88046441412619;20;1;[1.25 1.75] ;RDK2;center;20;blau;attended;nonprimed;{'P7','P5','P9','PO3','PO7','O1','I1','POz','Oz','Iz','P8','P6','PO4','PO8','P10','O2','I2'}
8.22395480919747;4.43932445610271;-9.689202664612;-0.741399016682787;-0.882326003113484;-0.0331589479791639;20;1;[1.25 1.75] ;RDK3;center;17;grün;not attended;not attended;{'P7','P5','P9','PO3','PO7','O1','I1','POz','Oz','Iz','P8','P6','PO4','PO8','P10','O2','I2'}
7.74207078062032;5.6190098168084;4.10244229309218;33.8305813485996;0.305097535724554;1.42041054287108;20;2;[1.25 1.75] ;RDK1;center;23;orange;not attended;not attended;{'P7','P5','P9','PO3','PO7','O1','I1','POz','Oz','Iz','P8','P6','PO4','PO8','P10','O2','I2'}
8.20430293234225;4.83429119166206;-5.59654074907415;53.0493286046321;-0.486377470094155;1.67564212358915;20;2;[1.25 1.75] ;RDK2;center;20;blau;attended;primed;{'P7','P5','P9','PO3','PO7','O1','I1','POz','Oz','Iz','P8','P6','PO4','PO8','P10','O2','I2'}
8.18445202452025;4.74462297383477;-15.7587033248155;5.98862980572987;-1.5310347349935;0.268083384134111;20;2;[1.25 1.75] ;RDK3;center;17;grün;attended;nonprimed;{'P7','P5','P9','PO3','PO7','O1','I1','POz','Oz','Iz','P8','P6','PO4','PO8','P10','O2','I2'}
7.89812205172232;5.94208632011759;5.65292495751264;38.0865845783257;0.422586419463697;1.63892657562618;20;3;[1.25 1.75] ;RDK1;center;23;orange;attended;nonprimed;{'P7','P5','P9','PO3','PO7','O1','I1','POz','Oz','Iz','P8','P6','PO4','PO8','P10','O2','I2'}
7.90024685967562;4.38184896098003;-2.0362140660023;53.540077690938;-0.164209596711586;1.52796935711511;20;3;[1.25 1.75] ;RDK2;center;20;blau;not attended;not attended;{'P7','P5','P9','PO3','PO7','O1','I1','POz','Oz','Iz','P8','P6','PO4','PO8','P10','O2','I2'}
8.03277752086588;4.28006678307218;-17.2499276191173;-3.93607853134549;-1.67449800137481;-0.175369469828196;20;3;[1.25 1.75] ;RDK3;center;17;grün;attended;primed;{'P7','P5','P9','PO3','PO7','O1','I1','POz','Oz','Iz','P8','P6','PO4','PO8','P10','O2','I2'}
6.46484995104069;2.61477025898334;0;0;0;0;21;1;[-0.5 0] ;RDK1;center;20;orange;attended;primed;{'P7','P5','P9','PO3','PO7','O1','I1','POz','Oz','Iz','P8','P6','PO4','PO8','P10','O2','I2'}
6.48801446176762;0.829585325908405;0;0;0;0;21;1;[-0.5 0] ;RDK2;center;23;blau;attended;nonprimed;{'P7','P5','P9','PO3','PO7','O1','I1','POz','Oz','Iz','P8','P6','PO4','PO8','P10','O2','I2'}
6.95027552255139;0.848498223391593;0;0;0;0;21;1;[-0.5 0] ;RDK3;center;17;grün;not attended;not attended;{'P7','P5','P9','PO3','PO7','O1','I1','POz','Oz','Iz','P8','P6','PO4','PO8','P10','O2','I2'}
6.84980639505171;2.54941852734639;0;0;0;0;21;2;[-0.5 0] ;RDK1;center;20;orange;not attended;not attended;{'P7','P5','P9','PO3','PO7','O1','I1','POz','Oz','Iz','P8','P6','PO4','PO8','P10','O2','I2'}
6.05248500211207;0.736000612580399;0;0;0;0;21;2;[-0.5 0] ;RDK2;center;23;blau;attended;primed;{'P7','P5','P9','PO3','PO7','O1','I1','POz','Oz','Iz','P8','P6','PO4','PO8','P10','O2','I2'}
6.93827364994929;0.883490557179731;0;0;0;0;21;2;[-0.5 0] ;RDK3;center;17;grün;attended;nonprimed;{'P7','P5','P9','PO3','PO7','O1','I1','POz','Oz','Iz','P8','P6','PO4','PO8','P10','O2','I2'}
6.85249119970054;2.33623017822456;0;0;0;0;21;3;[-0.5 0] ;RDK1;center;20;orange;attended;nonprimed;{'P7','P5','P9','PO3','PO7','O1','I1','POz','Oz','Iz','P8','P6','PO4','PO8','P10','O2','I2'}
6.36017844364114;0.531716079455358;0;0;0;0;21;3;[-0.5 0] ;RDK2;center;23;blau;not attended;not attended;{'P7','P5','P9','PO3','PO7','O1','I1','POz','Oz','Iz','P8','P6','PO4','PO8','P10','O2','I2'}
6.63073079726275;0.72468741258345;0;0;0;0;21;3;[-0.5 0] ;RDK3;center;17;grün;attended;primed;{'P7','P5','P9','PO3','PO7','O1','I1','POz','Oz','Iz','P8','P6','PO4','PO8','P10','O2','I2'}
6.43670706511623;2.70801257278045;-0.435321564113544;3.56598494559031;-0.0281428859244643;0.0932423137971181;21;1;[0.25 0.75] ;RDK1;center;20;orange;attended;primed;{'P7','P5','P9','PO3','PO7','O1','I1','POz','Oz','Iz','P8','P6','PO4','PO8','P10','O2','I2'}
6.15469565758338;1.17586424090474;-5.1374547043384;41.741205416954;-0.333318804184236;0.346278914996334;21;1;[0.25 0.75] ;RDK2;center;23;blau;attended;nonprimed;{'P7','P5','P9','PO3','PO7','O1','I1','POz','Oz','Iz','P8','P6','PO4','PO8','P10','O2','I2'}
6.03882701580341;0.871460596967606;-13.1138471243423;2.70623708370639;-0.911448506747975;0.0229623735760132;21;1;[0.25 0.75] ;RDK3;center;17;grün;not attended;not attended;{'P7','P5','P9','PO3','PO7','O1','I1','POz','Oz','Iz','P8','P6','PO4','PO8','P10','O2','I2'}
6.40587529229902;2.53664166621898;-6.48092919930381;-0.501167658050805;-0.443931102752686;-0.0127768611274153;21;2;[0.25 0.75] ;RDK1;center;20;orange;not attended;not attended;{'P7','P5','P9','PO3','PO7','O1','I1','POz','Oz','Iz','P8','P6','PO4','PO8','P10','O2','I2'}
6.05559063065645;1.12840892600393;0.0513116272622627;53.3163025568358;0.00310562854438867;0.39240831342353;21;2;[0.25 0.75] ;RDK2;center;23;blau;attended;primed;{'P7','P5','P9','PO3','PO7','O1','I1','POz','Oz','Iz','P8','P6','PO4','PO8','P10','O2','I2'}
6.03171251262475;1.34647010246553;-13.0660908327127;52.4034514600492;-0.906561137324545;0.462979545285799;21;2;[0.25 0.75] ;RDK3;center;17;grün;attended;nonprimed;{'P7','P5','P9','PO3','PO7','O1','I1','POz','Oz','Iz','P8','P6','PO4','PO8','P10','O2','I2'}
6.83728010729967;3.11086485396683;-0.221979014019591;33.157463804828;-0.0152110924008744;0.774634675742274;21;3;[0.25 0.75] ;RDK1;center;20;orange;attended;nonprimed;{'P7','P5','P9','PO3','PO7','O1','I1','POz','Oz','Iz','P8','P6','PO4','PO8','P10','O2','I2'}
6.23871608988732;1.17270970196206;-1.90973185469764;120.551859775104;-0.121462353753827;0.640993622506703;21;3;[0.25 0.75] ;RDK2;center;23;blau;not attended;not attended;{'P7','P5','P9','PO3','PO7','O1','I1','POz','Oz','Iz','P8','P6','PO4','PO8','P10','O2','I2'}
6.48624424481284;1.43899686722194;-2.17904416372262;98.5679400849589;-0.144486552449912;0.714309454638494;21;3;[0.25 0.75] ;RDK3;center;17;grün;attended;primed;{'P7','P5','P9','PO3','PO7','O1','I1','POz','Oz','Iz','P8','P6','PO4','PO8','P10','O2','I2'}
6.59080697832064;2.99618117733778;1.94833643833725;14.5867850930333;0.125957027279953;0.381410918354449;21;1;[0.75 1.25] ;RDK1;center;20;orange;attended;primed;{'P7','P5','P9','PO3','PO7','O1','I1','POz','Oz','Iz','P8','P6','PO4','PO8','P10','O2','I2'}
5.99858573335328;1.29466833248397;-7.54358257519967;56.0621062175006;-0.489428728414337;0.465083006575569;21;1;[0.75 1.25] ;RDK2;center;23;blau;attended;nonprimed;{'P7','P5','P9','PO3','PO7','O1','I1','POz','Oz','Iz','P8','P6','PO4','PO8','P10','O2','I2'}
6.22312202712529;1.17037242334083;-10.4622254623822;37.9345755919974;-0.727153495426092;0.321874199949239;21;1;[0.75 1.25] ;RDK3;center;17;grün;not attended;not attended;{'P7','P5','P9','PO3','PO7','O1','I1','POz','Oz','Iz','P8','P6','PO4','PO8','P10','O2','I2'}
6.23092181434459;2.39312700583385;-9.03506675975835;-6.13047719847017;-0.618884580707118;-0.156291521512545;21;2;[0.75 1.25] ;RDK1;center;20;orange;not attended;not attended;{'P7','P5','P9','PO3','PO7','O1','I1','POz','Oz','Iz','P8','P6','PO4','PO8','P10','O2','I2'}
5.96171880523544;1.28461785075082;-1.49965174378714;74.5403235803003;-0.0907661968766291;0.548617238170421;21;2;[0.75 1.25] ;RDK2;center;23;blau;attended;primed;{'P7','P5','P9','PO3','PO7','O1','I1','POz','Oz','Iz','P8','P6','PO4','PO8','P10','O2','I2'}
6.29203294952531;1.05425201268757;-9.31414258111181;19.3280453446998;-0.646240700423988;0.170761455507839;21;2;[0.75 1.25] ;RDK3;center;17;grün;attended;nonprimed;{'P7','P5','P9','PO3','PO7','O1','I1','POz','Oz','Iz','P8','P6','PO4','PO8','P10','O2','I2'}
6.71744659259848;2.90826489065028;-1.97073740288733;24.4853746757286;-0.135044607102062;0.572034712425724;21;3;[0.75 1.25] ;RDK1;center;20;orange;attended;nonprimed;{'P7','P5','P9','PO3','PO7','O1','I1','POz','Oz','Iz','P8','P6','PO4','PO8','P10','O2','I2'}
6.0701357886802;1.04393566988105;-4.56029115426667;96.3332895537719;-0.290042654960943;0.512219590425694;21;3;[0.75 1.25] ;RDK2;center;23;blau;not attended;not attended;{'P7','P5','P9','PO3','PO7','O1','I1','POz','Oz','Iz','P8','P6','PO4','PO8','P10','O2','I2'}
6.1535067774052;1.33490191730439;-7.19715570498741;84.2038227965868;-0.477224019857553;0.610214504720938;21;3;[0.75 1.25] ;RDK3;center;17;grün;attended;primed;{'P7','P5','P9','PO3','PO7','O1','I1','POz','Oz','Iz','P8','P6','PO4','PO8','P10','O2','I2'}
6.77480307315809;2.91355565554416;4.79443644422877;11.4268316894883;0.309953122117401;0.298785396560824;21;1;[1 1.5] ;RDK1;center;20;orange;attended;primed;{'P7','P5','P9','PO3','PO7','O1','I1','POz','Oz','Iz','P8','P6','PO4','PO8','P10','O2','I2'}
6.22440275671256;1.5575594610758;-4.06305668103034;87.7515684562346;-0.263611705055064;0.727974135167391;21;1;[1 1.5] ;RDK2;center;23;blau;attended;nonprimed;{'P7','P5','P9','PO3','PO7','O1','I1','POz','Oz','Iz','P8','P6','PO4','PO8','P10','O2','I2'}
6.37037350149716;1.37664347073502;-8.34358320289081;62.2447086845196;-0.579902021054229;0.528145247343422;21;1;[1 1.5] ;RDK3;center;17;grün;not attended;not attended;{'P7','P5','P9','PO3','PO7','O1','I1','POz','Oz','Iz','P8','P6','PO4','PO8','P10','O2','I2'}
6.30567661345814;2.59675806922611;-7.94372497865989;1.85687604337719;-0.544129781593565;0.0473395418797145;21;2;[1 1.5] ;RDK1;center;20;orange;not attended;not attended;{'P7','P5','P9','PO3','PO7','O1','I1','POz','Oz','Iz','P8','P6','PO4','PO8','P10','O2','I2'}
5.81994890519397;1.18849168751574;-3.84199377341624;61.4797144460141;-0.232536096918097;0.452491074935343;21;2;[1 1.5] ;RDK2;center;23;blau;attended;primed;{'P7','P5','P9','PO3','PO7','O1','I1','POz','Oz','Iz','P8','P6','PO4','PO8','P10','O2','I2'}
6.61163575616897;1.54483412051093;-4.70776896761216;74.8557591200897;-0.326637893780324;0.661343563331198;21;2;[1 1.5] ;RDK3;center;17;grün;attended;nonprimed;{'P7','P5','P9','PO3','PO7','O1','I1','POz','Oz','Iz','P8','P6','PO4','PO8','P10','O2','I2'}
6.88694247077493;3.24984130141962;0.502755422376833;39.1062118669048;0.0344512710743903;0.913611123195061;21;3;[1 1.5] ;RDK1;center;20;orange;attended;nonprimed;{'P7','P5','P9','PO3','PO7','O1','I1','POz','Oz','Iz','P8','P6','PO4','PO8','P10','O2','I2'}
6.22763493697568;1.36167904181718;-2.08395893039736;156.091379296251;-0.132543506665467;0.82996296236182;21;3;[1 1.5] ;RDK2;center;23;blau;not attended;not attended;{'P7','P5','P9','PO3','PO7','O1','I1','POz','Oz','Iz','P8','P6','PO4','PO8','P10','O2','I2'}
6.20544954015119;1.74239254422587;-6.41379163345198;140.433670293014;-0.425281257111562;1.01770513164242;21;3;[1 1.5] ;RDK3;center;17;grün;attended;primed;{'P7','P5','P9','PO3','PO7','O1','I1','POz','Oz','Iz','P8','P6','PO4','PO8','P10','O2','I2'}
6.47536480157084;2.79978808045927;0.162646474547445;7.07587295060748;0.01051485053015;0.185017821475931;21;1;[1.25 1.75] ;RDK1;center;20;orange;attended;primed;{'P7','P5','P9','PO3','PO7','O1','I1','POz','Oz','Iz','P8','P6','PO4','PO8','P10','O2','I2'}
6.10743705935068;1.14805018180366;-5.86585317680151;38.38843889223;-0.380577402416937;0.318464855895255;21;1;[1.25 1.75] ;RDK2;center;23;blau;attended;nonprimed;{'P7','P5','P9','PO3','PO7','O1','I1','POz','Oz','Iz','P8','P6','PO4','PO8','P10','O2','I2'}
6.26693282192109;1.16559447267207;-9.83187930338973;37.371468853875;-0.683342700630292;0.317096249280472;21;1;[1.25 1.75] ;RDK3;center;17;grün;not attended;not attended;{'P7','P5','P9','PO3','PO7','O1','I1','POz','Oz','Iz','P8','P6','PO4','PO8','P10','O2','I2'}
6.56354646121754;2.42813331428157;-4.17909525210751;-4.75736768066346;-0.286259933834162;-0.121285213064823;21;2;[1.25 1.75] ;RDK1;center;20;orange;not attended;not attended;{'P7','P5','P9','PO3','PO7','O1','I1','POz','Oz','Iz','P8','P6','PO4','PO8','P10','O2','I2'}
5.69832054414361;0.822642090228888;-5.85155449116964;11.7719300999936;-0.354164457968458;0.0866414776484891;21;2;[1.25 1.75] ;RDK2;center;23;blau;attended;primed;{'P7','P5','P9','PO3','PO7','O1','I1','POz','Oz','Iz','P8','P6','PO4','PO8','P10','O2','I2'}
6.49423470863929;1.20738286137311;-6.39984762367001;36.6605281246362;-0.444038941310002;0.32389230419338;21;2;[1.25 1.75] ;RDK3;center;17;grün;attended;nonprimed;{'P7','P5','P9','PO3','PO7','O1','I1','POz','Oz','Iz','P8','P6','PO4','PO8','P10','O2','I2'}
6.63609560582433;2.91035464513895;-3.15791129926105;24.5748245299489;-0.216395593876213;0.574124466914397;21;3;[1.25 1.75] ;RDK1;center;20;orange;attended;nonprimed;{'P7','P5','P9','PO3','PO7','O1','I1','POz','Oz','Iz','P8','P6','PO4','PO8','P10','O2','I2'}
6.19968071242803;1.21898197679363;-2.52347843123145;129.254300160012;-0.160497731213116;0.687265897338274;21;3;[1.25 1.75] ;RDK2;center;23;blau;not attended;not attended;{'P7','P5','P9','PO3','PO7','O1','I1','POz','Oz','Iz','P8','P6','PO4','PO8','P10','O2','I2'}
6.49844467154455;1.70731804341213;-1.99504594233878;135.593721343342;-0.132286125718198;0.982630630828676;21;3;[1.25 1.75] ;RDK3;center;17;grün;attended;primed;{'P7','P5','P9','PO3','PO7','O1','I1','POz','Oz','Iz','P8','P6','PO4','PO8','P10','O2','I2'}
17.2634785035077;8.90524197029312;0;0;0;0;22;1;[-0.5 0] ;RDK1;center;17;blau;attended;primed;{'P7','P5','P9','PO3','PO7','O1','I1','POz','Oz','Iz','P8','P6','PO4','PO8','P10','O2','I2'}
11.7939037219432;2.1810167249781;0;0;0;0;22;1;[-0.5 0] ;RDK2;center;20;grün;attended;nonprimed;{'P7','P5','P9','PO3','PO7','O1','I1','POz','Oz','Iz','P8','P6','PO4','PO8','P10','O2','I2'}
11.2422404332398;1.97027276274306;0;0;0;0;22;1;[-0.5 0] ;RDK3;center;23;orange;not attended;not attended;{'P7','P5','P9','PO3','PO7','O1','I1','POz','Oz','Iz','P8','P6','PO4','PO8','P10','O2','I2'}
16.6240188633155;8.31835902762089;0;0;0;0;22;2;[-0.5 0] ;RDK1;center;17;blau;not attended;not attended;{'P7','P5','P9','PO3','PO7','O1','I1','POz','Oz','Iz','P8','P6','PO4','PO8','P10','O2','I2'}
11.6883939617899;2.74441475741464;0;0;0;0;22;2;[-0.5 0] ;RDK2;center;20;grün;attended;primed;{'P7','P5','P9','PO3','PO7','O1','I1','POz','Oz','Iz','P8','P6','PO4','PO8','P10','O2','I2'}
10.589958833893;1.3353849141395;0;0;0;0;22;2;[-0.5 0] ;RDK3;center;23;orange;attended;nonprimed;{'P7','P5','P9','PO3','PO7','O1','I1','POz','Oz','Iz','P8','P6','PO4','PO8','P10','O2','I2'}
17.2704402828648;9.29734411013072;0;0;0;0;22;3;[-0.5 0] ;RDK1;center;17;blau;attended;nonprimed;{'P7','P5','P9','PO3','PO7','O1','I1','POz','Oz','Iz','P8','P6','PO4','PO8','P10','O2','I2'}
11.1810697042025;2.88696760761792;0;0;0;0;22;3;[-0.5 0] ;RDK2;center;20;grün;not attended;not attended;{'P7','P5','P9','PO3','PO7','O1','I1','POz','Oz','Iz','P8','P6','PO4','PO8','P10','O2','I2'}
11.1423022024232;1.93975869239186;0;0;0;0;22;3;[-0.5 0] ;RDK3;center;23;orange;attended;primed;{'P7','P5','P9','PO3','PO7','O1','I1','POz','Oz','Iz','P8','P6','PO4','PO8','P10','O2','I2'}
14.5640150691589;9.29119906598087;-15.6368453426134;4.33404389207226;-2.69946343434882;0.385957095687745;22;1;[0.25 0.75] ;RDK1;center;17;blau;attended;primed;{'P7','P5','P9','PO3','PO7','O1','I1','POz','Oz','Iz','P8','P6','PO4','PO8','P10','O2','I2'}
10.7754905881925;1.55107729919086;-8.63508095166033;-28.882833339738;-1.01841313375067;-0.629939425787235;22;1;[0.25 0.75] ;RDK2;center;20;grün;attended;nonprimed;{'P7','P5','P9','PO3','PO7','O1','I1','POz','Oz','Iz','P8','P6','PO4','PO8','P10','O2','I2'}
10.2109170521007;1.46644750433001;-9.17364636758558;-25.5713456502142;-1.03132338113914;-0.503825258413052;22;1;[0.25 0.75] ;RDK3;center;23;orange;not attended;not attended;{'P7','P5','P9','PO3','PO7','O1','I1','POz','Oz','Iz','P8','P6','PO4','PO8','P10','O2','I2'}
12.593576569363;6.04209847094247;-24.2446927370044;-27.364298043883;-4.03044229395249;-2.27626055667843;22;2;[0.25 0.75] ;RDK1;center;17;blau;not attended;not attended;{'P7','P5','P9','PO3','PO7','O1','I1','POz','Oz','Iz','P8','P6','PO4','PO8','P10','O2','I2'}
10.871439390053;1.86377096122207;-6.98945102644176;-32.088582595372;-0.816954571736883;-0.880643796192575;22;2;[0.25 0.75] ;RDK2;center;20;grün;attended;primed;{'P7','P5','P9','PO3','PO7','O1','I1','POz','Oz','Iz','P8','P6','PO4','PO8','P10','O2','I2'}
10.3885343581843;2.67292319298869;-1.90203266007082;100.16125423366;-0.201424475708698;1.3375382788492;22;2;[0.25 0.75] ;RDK3;center;23;orange;attended;nonprimed;{'P7','P5','P9','PO3','PO7','O1','I1','POz','Oz','Iz','P8','P6','PO4','PO8','P10','O2','I2'}
13.0904958302079;6.2432304572196;-24.2028829850047;-32.849312843904;-4.17994445265688;-3.05411365291112;22;3;[0.25 0.75] ;RDK1;center;17;blau;attended;nonprimed;{'P7','P5','P9','PO3','PO7','O1','I1','POz','Oz','Iz','P8','P6','PO4','PO8','P10','O2','I2'}
10.5326493703402;1.60689038914793;-5.79926922035545;-44.339853869237;-0.648420333862305;-1.28007721846999;22;3;[0.25 0.75] ;RDK2;center;20;grün;not attended;not attended;{'P7','P5','P9','PO3','PO7','O1','I1','POz','Oz','Iz','P8','P6','PO4','PO8','P10','O2','I2'}
11.1967482070578;3.22784917926357;0.488642325844357;66.4046766189977;0.0544460046345279;1.28809048687171;22;3;[0.25 0.75] ;RDK3;center;23;orange;attended;primed;{'P7','P5','P9','PO3','PO7','O1','I1','POz','Oz','Iz','P8','P6','PO4','PO8','P10','O2','I2'}
14.2184363684503;8.26385500689977;-17.6386360051289;-7.20235301334817;-3.04504213505741;-0.641386963393353;22;1;[0.75 1.25] ;RDK1;center;17;blau;attended;primed;{'P7','P5','P9','PO3','PO7','O1','I1','POz','Oz','Iz','P8','P6','PO4','PO8','P10','O2','I2'}
11.0339957405539;3.57504414858052;-6.44322693575495;63.916402274101;-0.759907981389247;1.39402742360242;22;1;[0.75 1.25] ;RDK2;center;20;grün;attended;nonprimed;{'P7','P5','P9','PO3','PO7','O1','I1','POz','Oz','Iz','P8','P6','PO4','PO8','P10','O2','I2'}
10.4058499444124;1.77237436215802;-7.43971358550954;-10.044213386451;-0.836390488827391;-0.197898400585037;22;1;[0.75 1.25] ;RDK3;center;23;orange;not attended;not attended;{'P7','P5','P9','PO3','PO7','O1','I1','POz','Oz','Iz','P8','P6','PO4','PO8','P10','O2','I2'}
12.9915421731871;6.97323508419063;-21.8507733899666;-16.170544442285;-3.63247669012838;-1.34512394343027;22;2;[0.75 1.25] ;RDK1;center;17;blau;not attended;not attended;{'P7','P5','P9','PO3','PO7','O1','I1','POz','Oz','Iz','P8','P6','PO4','PO8','P10','O2','I2'}
10.3132051429058;3.29642059589943;-11.7654215230911;20.1137906358148;-1.37518881888411;0.552005838484786;22;2;[0.75 1.25] ;RDK2;center;20;grün;attended;primed;{'P7','P5','P9','PO3','PO7','O1','I1','POz','Oz','Iz','P8','P6','PO4','PO8','P10','O2','I2'}
11.1794197958519;2.40314846327402;5.56622524416603;79.9592340626804;0.58946096195894;1.06776354913452;22;2;[0.75 1.25] ;RDK3;center;23;orange;attended;nonprimed;{'P7','P5','P9','PO3','PO7','O1','I1','POz','Oz','Iz','P8','P6','PO4','PO8','P10','O2','I2'}
13.6024473134209;8.23420803633211;-21.2385608552387;-11.4348362414615;-3.6679929694439;-1.06313607379862;22;3;[0.75 1.25] ;RDK1;center;17;blau;attended;nonprimed;{'P7','P5','P9','PO3','PO7','O1','I1','POz','Oz','Iz','P8','P6','PO4','PO8','P10','O2','I2'}
11.0287632834318;3.19077511893678;-1.36218112220031;10.5234125425307;-0.152306420770705;0.303807511318863;22;3;[0.75 1.25] ;RDK2;center;20;grün;not attended;not attended;{'P7','P5','P9','PO3','PO7','O1','I1','POz','Oz','Iz','P8','P6','PO4','PO8','P10','O2','I2'}
11.0995489008286;2.12804374408938;-0.383702585138057;9.70662239772468;-0.0427533015945922;0.188285051697519;22;3;[0.75 1.25] ;RDK3;center;23;orange;attended;primed;{'P7','P5','P9','PO3','PO7','O1','I1','POz','Oz','Iz','P8','P6','PO4','PO8','P10','O2','I2'}
13.9459423393146;8.49199130901924;-19.2170782007754;-4.6405326509088;-3.31753616419313;-0.413250661273887;22;1;[1 1.5] ;RDK1;center;17;blau;attended;primed;{'P7','P5','P9','PO3','PO7','O1','I1','POz','Oz','Iz','P8','P6','PO4','PO8','P10','O2','I2'}
10.5657244311199;3.15540313450999;-10.4136791327046;44.6757880566769;-1.22817929082327;0.974386409531891;22;1;[1 1.5] ;RDK2;center;20;grün;attended;nonprimed;{'P7','P5','P9','PO3','PO7','O1','I1','POz','Oz','Iz','P8','P6','PO4','PO8','P10','O2','I2'}
10.941259999081;2.05366954231019;-2.67722822640318;4.23275300476829;-0.300980434158808;0.083396779567138;22;1;[1 1.5] ;RDK3;center;23;orange;not attended;not attended;{'P7','P5','P9','PO3','PO7','O1','I1','POz','Oz','Iz','P8','P6','PO4','PO8','P10','O2','I2'}
12.5152301831483;6.41544419419172;-24.7159770086291;-22.8760844189412;-4.10878868016722;-1.90291483342917;22;2;[1 1.5] ;RDK1;center;17;blau;not attended;not attended;{'P7','P5','P9','PO3','PO7','O1','I1','POz','Oz','Iz','P8','P6','PO4','PO8','P10','O2','I2'}
10.357693042151;3.40908746616873;-11.3848055086873;24.219105620181;-1.33070091963893;0.664672708754086;22;2;[1 1.5] ;RDK2;center;20;grün;attended;primed;{'P7','P5','P9','PO3','PO7','O1','I1','POz','Oz','Iz','P8','P6','PO4','PO8','P10','O2','I2'}
11.0365616099327;2.72371146471421;4.21722863180956;103.96452257882;0.446602776039779;1.38832655057471;22;2;[1 1.5] ;RDK3;center;23;orange;attended;nonprimed;{'P7','P5','P9','PO3','PO7','O1','I1','POz','Oz','Iz','P8','P6','PO4','PO8','P10','O2','I2'}
14.3007028027358;8.1391555572527;-17.1954937540042;-12.4571978745631;-2.96973748012905;-1.15818855287802;22;3;[1 1.5] ;RDK1;center;17;blau;attended;nonprimed;{'P7','P5','P9','PO3','PO7','O1','I1','POz','Oz','Iz','P8','P6','PO4','PO8','P10','O2','I2'}
11.0767534760868;3.12804227163889;-0.932971807487371;8.35044575439088;-0.104316228115721;0.24107466402097;22;3;[1 1.5] ;RDK2;center;20;grün;not attended;not attended;{'P7','P5','P9','PO3','PO7','O1','I1','POz','Oz','Iz','P8','P6','PO4','PO8','P10','O2','I2'}
11.6996538973502;2.95592103446771;5.00212330272054;52.3860182228569;0.557351694926956;1.01616234207585;22;3;[1 1.5] ;RDK3;center;23;orange;attended;primed;{'P7','P5','P9','PO3','PO7','O1','I1','POz','Oz','Iz','P8','P6','PO4','PO8','P10','O2','I2'}
14.6072366162123;8.73146145133411;-15.3864812746498;-1.95144073051268;-2.65624188729541;-0.17378051895901;22;1;[1.25 1.75] ;RDK1;center;17;blau;attended;primed;{'P7','P5','P9','PO3','PO7','O1','I1','POz','Oz','Iz','P8','P6','PO4','PO8','P10','O2','I2'}
10.5188200851371;1.12163184320225;-10.8113790553815;-48.5729829415445;-1.27508363680602;-1.05938488177584;22;1;[1.25 1.75] ;RDK2;center;20;grün;attended;nonprimed;{'P7','P5','P9','PO3','PO7','O1','I1','POz','Oz','Iz','P8','P6','PO4','PO8','P10','O2','I2'}
11.2635089390958;2.07083558645184;0.189183872931942;5.10400517179024;0.0212685058559234;0.10056282370878;22;1;[1.25 1.75] ;RDK3;center;23;orange;not attended;not attended;{'P7','P5','P9','PO3','PO7','O1','I1','POz','Oz','Iz','P8','P6','PO4','PO8','P10','O2','I2'}
12.9519100275514;6.46194864587007;-22.0891763054201;-22.3170264181512;-3.67210883576406;-1.85641038175082;22;2;[1.25 1.75] ;RDK1;center;17;blau;not attended;not attended;{'P7','P5','P9','PO3','PO7','O1','I1','POz','Oz','Iz','P8','P6','PO4','PO8','P10','O2','I2'}
10.1943659178272;1.4103611647341;-12.7821499587264;-48.6097660375968;-1.49402804396271;-1.33405359268054;22;2;[1.25 1.75] ;RDK2;center;20;grün;attended;primed;{'P7','P5','P9','PO3','PO7','O1','I1','POz','Oz','Iz','P8','P6','PO4','PO8','P10','O2','I2'}
10.6924460096057;2.20548702324677;0.967776903766149;65.1574014274348;0.102487175712758;0.870102109107277;22;2;[1.25 1.75] ;RDK3;center;23;orange;attended;nonprimed;{'P7','P5','P9','PO3','PO7','O1','I1','POz','Oz','Iz','P8','P6','PO4','PO8','P10','O2','I2'}
13.8455859223103;7.65857668753663;-19.830729874053;-17.6261887608144;-3.42485436055455;-1.6387674225941;22;3;[1.25 1.75] ;RDK1;center;17;blau;attended;nonprimed;{'P7','P5','P9','PO3','PO7','O1','I1','POz','Oz','Iz','P8','P6','PO4','PO8','P10','O2','I2'}
10.6231482557582;1.11152207750271;-4.98987541625511;-61.4986300999808;-0.557921448444349;-1.77544553011521;22;3;[1.25 1.75] ;RDK2;center;20;grün;not attended;not attended;{'P7','P5','P9','PO3','PO7','O1','I1','POz','Oz','Iz','P8','P6','PO4','PO8','P10','O2','I2'}
11.3960770568157;2.67319132380895;2.27758007081602;37.8105088170903;0.253774854392487;0.733432631417098;22;3;[1.25 1.75] ;RDK3;center;23;orange;attended;primed;{'P7','P5','P9','PO3','PO7','O1','I1','POz','Oz','Iz','P8','P6','PO4','PO8','P10','O2','I2'}
7.24387083334081;1.31349045537176;0;0;0;0;23;1;[-0.5 0] ;RDK1;center;17;orange;attended;primed;{'P7','P5','P9','PO3','PO7','O1','I1','POz','Oz','Iz','P8','P6','PO4','PO8','P10','O2','I2'}
9.09711556628818;1.41699744774475;0;0;0;0;23;1;[-0.5 0] ;RDK2;center;23;blau;attended;nonprimed;{'P7','P5','P9','PO3','PO7','O1','I1','POz','Oz','Iz','P8','P6','PO4','PO8','P10','O2','I2'}
8.19020077437837;1.27608381407293;0;0;0;0;23;1;[-0.5 0] ;RDK3;center;20;grün;not attended;not attended;{'P7','P5','P9','PO3','PO7','O1','I1','POz','Oz','Iz','P8','P6','PO4','PO8','P10','O2','I2'}
7.52097239645358;1.22016538578461;0;0;0;0;23;2;[-0.5 0] ;RDK1;center;17;orange;not attended;not attended;{'P7','P5','P9','PO3','PO7','O1','I1','POz','Oz','Iz','P8','P6','PO4','PO8','P10','O2','I2'}
9.57597713233119;2.30483658847766;0;0;0;0;23;2;[-0.5 0] ;RDK2;center;23;blau;attended;primed;{'P7','P5','P9','PO3','PO7','O1','I1','POz','Oz','Iz','P8','P6','PO4','PO8','P10','O2','I2'}
8.17690309248359;1.32179465849475;0;0;0;0;23;2;[-0.5 0] ;RDK3;center;20;grün;attended;nonprimed;{'P7','P5','P9','PO3','PO7','O1','I1','POz','Oz','Iz','P8','P6','PO4','PO8','P10','O2','I2'}
8.02832788148077;1.42115972187724;0;0;0;0;23;3;[-0.5 0] ;RDK1;center;17;orange;attended;nonprimed;{'P7','P5','P9','PO3','PO7','O1','I1','POz','Oz','Iz','P8','P6','PO4','PO8','P10','O2','I2'}
9.39380249826077;0.479647646965754;0;0;0;0;23;3;[-0.5 0] ;RDK2;center;23;blau;not attended;not attended;{'P7','P5','P9','PO3','PO7','O1','I1','POz','Oz','Iz','P8','P6','PO4','PO8','P10','O2','I2'}
8.73418967216802;0.925402980584365;0;0;0;0;23;3;[-0.5 0] ;RDK3;center;20;grün;attended;primed;{'P7','P5','P9','PO3','PO7','O1','I1','POz','Oz','Iz','P8','P6','PO4','PO8','P10','O2','I2'}
7.65352692970863;1.99024766818431;5.65520984281389;51.5235729384116;0.409656096367814;0.676757212812545;23;1;[0.25 0.75] ;RDK1;center;17;orange;attended;primed;{'P7','P5','P9','PO3','PO7','O1','I1','POz','Oz','Iz','P8','P6','PO4','PO8','P10','O2','I2'}
8.60238438925592;1.39334667767335;-5.4383301325271;-1.66907640582182;-0.494731177032264;-0.023650770071405;23;1;[0.25 0.75] ;RDK2;center;23;blau;attended;nonprimed;{'P7','P5','P9','PO3','PO7','O1','I1','POz','Oz','Iz','P8','P6','PO4','PO8','P10','O2','I2'}
7.66208130417906;1.11254754991216;-6.44818710490517;-12.8154798577696;-0.528119470199309;-0.163536264160774;23;1;[0.25 0.75] ;RDK3;center;20;grün;not attended;not attended;{'P7','P5','P9','PO3','PO7','O1','I1','POz','Oz','Iz','P8','P6','PO4','PO8','P10','O2','I2'}
8.27301933754623;1.68316348766849;9.99933122274546;37.9455201137476;0.752046941092651;0.462998101883884;23;2;[0.25 0.75] ;RDK1;center;17;orange;not attended;not attended;{'P7','P5','P9','PO3','PO7','O1','I1','POz','Oz','Iz','P8','P6','PO4','PO8','P10','O2','I2'}
9.27472023726589;1.68111722043197;-3.14596506343128;-27.061327087733;-0.301256895065308;-0.623719368045686;23;2;[0.25 0.75] ;RDK2;center;23;blau;attended;primed;{'P7','P5','P9','PO3','PO7','O1','I1','POz','Oz','Iz','P8','P6','PO4','PO8','P10','O2','I2'}
7.72841913667739;1.308695642994;-5.48476545134129;-0.991002302556399;-0.448483955806197;-0.0130990155007504;23;2;[0.25 0.75] ;RDK3;center;20;grün;attended;nonprimed;{'P7','P5','P9','PO3','PO7','O1','I1','POz','Oz','Iz','P8','P6','PO4','PO8','P10','O2','I2'}
7.7575942445125;1.46712034279944;-3.37222944758879;3.23402220135329;-0.270733636968276;0.0459606209222008;23;3;[0.25 0.75] ;RDK1;center;17;orange;attended;nonprimed;{'P7','P5','P9','PO3','PO7','O1','I1','POz','Oz','Iz','P8','P6','PO4','PO8','P10','O2','I2'}
9.06344670300031;0.934345075413922;-3.51674197239757;94.7982193438411;-0.330355795260468;0.454697428448168;23;3;[0.25 0.75] ;RDK2;center;23;blau;not attended;not attended;{'P7','P5','P9','PO3','PO7','O1','I1','POz','Oz','Iz','P8','P6','PO4','PO8','P10','O2','I2'}
7.8646585078261;1.25384253438781;-9.95548753781625;35.4915167439863;-0.869531164341922;0.328439553803448;23;3;[0.25 0.75] ;RDK3;center;20;grün;attended;primed;{'P7','P5','P9','PO3','PO7','O1','I1','POz','Oz','Iz','P8','P6','PO4','PO8','P10','O2','I2'}
7.66625141558065;1.45139028435379;5.83086849500096;10.4987309514175;0.422380582239833;0.13789982898203;23;1;[0.75 1.25] ;RDK1;center;17;orange;attended;primed;{'P7','P5','P9','PO3','PO7','O1','I1','POz','Oz','Iz','P8','P6','PO4','PO8','P10','O2','I2'}
8.90855439755712;1.60740336189173;-2.07275775884207;13.4372799647607;-0.188561168731068;0.190405914146976;23;1;[0.75 1.25] ;RDK2;center;23;blau;attended;nonprimed;{'P7','P5','P9','PO3','PO7','O1','I1','POz','Oz','Iz','P8','P6','PO4','PO8','P10','O2','I2'}
8.07617450731372;1.17315970988295;-1.39222798324254;-8.06562257548533;-0.114026267064643;-0.102924104189981;23;1;[0.75 1.25] ;RDK3;center;20;grün;not attended;not attended;{'P7','P5','P9','PO3','PO7','O1','I1','POz','Oz','Iz','P8','P6','PO4','PO8','P10','O2','I2'}
7.59665209783148;1.05147816813909;1.00624889161391;-13.8249469793838;0.0756797013779025;-0.168687217645516;23;2;[0.75 1.25] ;RDK1;center;17;orange;not attended;not attended;{'P7','P5','P9','PO3','PO7','O1','I1','POz','Oz','Iz','P8','P6','PO4','PO8','P10','O2','I2'}
9.18930536697353;1.11589467957009;-4.03793534606666;-51.5846509401719;-0.386671765357661;-1.18894190890757;23;2;[0.75 1.25] ;RDK2;center;23;blau;attended;primed;{'P7','P5','P9','PO3','PO7','O1','I1','POz','Oz','Iz','P8','P6','PO4','PO8','P10','O2','I2'}
7.44059553836805;1.06392103534748;-9.00472398642427;-19.5093558208908;-0.736307554115537;-0.25787362314727;23;2;[0.75 1.25] ;RDK3;center;20;grün;attended;nonprimed;{'P7','P5','P9','PO3','PO7','O1','I1','POz','Oz','Iz','P8','P6','PO4','PO8','P10','O2','I2'}
7.56676130165342;1.31264019956416;-5.74922432966481;-7.63598353109342;-0.461566579827356;-0.108519522313079;23;3;[0.75 1.25] ;RDK1;center;17;orange;attended;nonprimed;{'P7','P5','P9','PO3','PO7','O1','I1','POz','Oz','Iz','P8','P6','PO4','PO8','P10','O2','I2'}
8.92539282190314;0.610715571997426;-4.98636921996556;27.3258767890985;-0.468409676357631;0.131067925031672;23;3;[0.75 1.25] ;RDK2;center;23;blau;not attended;not attended;{'P7','P5','P9','PO3','PO7','O1','I1','POz','Oz','Iz','P8','P6','PO4','PO8','P10','O2','I2'}
7.68115837649522;1.10350652945932;-12.0564280740129;19.2460530830023;-1.0530312956728;0.178103548874952;23;3;[0.75 1.25] ;RDK3;center;20;grün;attended;primed;{'P7','P5','P9','PO3','PO7','O1','I1','POz','Oz','Iz','P8','P6','PO4','PO8','P10','O2','I2'}
7.38757418291601;1.37568043785937;1.98379226909713;4.73471141212087;0.143703349575198;0.0621899824876053;23;1;[1 1.5] ;RDK1;center;17;orange;attended;primed;{'P7','P5','P9','PO3','PO7','O1','I1','POz','Oz','Iz','P8','P6','PO4','PO8','P10','O2','I2'}
8.9624900688413;0.951825015482859;-1.47987014637663;-32.8280359998;-0.13462549744688;-0.465172432261894;23;1;[1 1.5] ;RDK2;center;23;blau;attended;nonprimed;{'P7','P5','P9','PO3','PO7','O1','I1','POz','Oz','Iz','P8','P6','PO4','PO8','P10','O2','I2'}
7.52730008379906;0.994707202884407;-8.09382710925813;-22.0500102019509;-0.662900690579306;-0.281376611188526;23;1;[1 1.5] ;RDK3;center;20;grün;not attended;not attended;{'P7','P5','P9','PO3','PO7','O1','I1','POz','Oz','Iz','P8','P6','PO4','PO8','P10','O2','I2'}
7.34860840102666;0.838011237560894;-2.29177806194577;-31.3198647229265;-0.17236399542692;-0.382154148223713;23;2;[1 1.5] ;RDK1;center;17;orange;not attended;not attended;{'P7','P5','P9','PO3','PO7','O1','I1','POz','Oz','Iz','P8','P6','PO4','PO8','P10','O2','I2'}
9.28091365935036;0.854266508031485;-3.0812884043406;-62.935918654618;-0.295063472980829;-1.45057008044617;23;2;[1 1.5] ;RDK2;center;23;blau;attended;primed;{'P7','P5','P9','PO3','PO7','O1','I1','POz','Oz','Iz','P8','P6','PO4','PO8','P10','O2','I2'}
7.50462076674759;1.39419843162077;-8.22172304272479;5.47768692063504;-0.672282325735999;0.0724037731260196;23;2;[1 1.5] ;RDK3;center;20;grün;attended;nonprimed;{'P7','P5','P9','PO3','PO7','O1','I1','POz','Oz','Iz','P8','P6','PO4','PO8','P10','O2','I2'}
7.63074368696946;1.57677233812496;-4.95226652897961;10.9496922726018;-0.39758419451131;0.155612616247721;23;3;[1 1.5] ;RDK1;center;17;orange;attended;nonprimed;{'P7','P5','P9','PO3','PO7','O1','I1','POz','Oz','Iz','P8','P6','PO4','PO8','P10','O2','I2'}
9.37990251925197;0.943046159132034;-0.147969674808279;96.6122767614382;-0.0138999790088086;0.46339851216628;23;3;[1 1.5] ;RDK2;center;23;blau;not attended;not attended;{'P7','P5','P9','PO3','PO7','O1','I1','POz','Oz','Iz','P8','P6','PO4','PO8','P10','O2','I2'}
7.66688681080331;0.773009304614628;-12.2198269264261;-16.4678177147759;-1.06730286136472;-0.152393675969737;23;3;[1 1.5] ;RDK3;center;20;grün;attended;primed;{'P7','P5','P9','PO3','PO7','O1','I1','POz','Oz','Iz','P8','P6','PO4','PO8','P10','O2','I2'}
6.77193526660695;1.02458766965845;-6.51496385829691;-21.9950426386271;-0.471935566733865;-0.288902785713317;23;1;[1.25 1.75] ;RDK1;center;17;orange;attended;primed;{'P7','P5','P9','PO3','PO7','O1','I1','POz','Oz','Iz','P8','P6','PO4','PO8','P10','O2','I2'}
8.35108526475829;0.862177743361546;-8.20073457453386;-39.1546015320098;-0.746030301529897;-0.554819704383207;23;1;[1.25 1.75] ;RDK2;center;23;blau;attended;nonprimed;{'P7','P5','P9','PO3','PO7','O1','I1','POz','Oz','Iz','P8','P6','PO4','PO8','P10','O2','I2'}
7.26487808529608;1.59585861861706;-11.2979243680692;25.0590753536389;-0.925322689082289;0.319774804544125;23;1;[1.25 1.75] ;RDK3;center;20;grün;not attended;not attended;{'P7','P5','P9','PO3','PO7','O1','I1','POz','Oz','Iz','P8','P6','PO4','PO8','P10','O2','I2'}
7.40170132304748;1.08973608203064;-1.58584644536576;-10.6894774490016;-0.119271073406099;-0.130429303753969;23;2;[1.25 1.75] ;RDK1;center;17;orange;not attended;not attended;{'P7','P5','P9','PO3','PO7','O1','I1','POz','Oz','Iz','P8','P6','PO4','PO8','P10','O2','I2'}
8.87967782430519;1.32284552573618;-7.27131339605122;-42.6056696448957;-0.696299308025999;-0.981991062741474;23;2;[1.25 1.75] ;RDK2;center;23;blau;attended;primed;{'P7','P5','P9','PO3','PO7','O1','I1','POz','Oz','Iz','P8','P6','PO4','PO8','P10','O2','I2'}
7.70420514943913;1.42954936421295;-5.78089207733157;8.15215169963768;-0.472697943044464;0.1077547057182;23;2;[1.25 1.75] ;RDK3;center;20;grün;attended;nonprimed;{'P7','P5','P9','PO3','PO7','O1','I1','POz','Oz','Iz','P8','P6','PO4','PO8','P10','O2','I2'}
7.40100852612457;1.37547221233672;-7.81382330937513;-3.21480470049976;-0.627319355356208;-0.0456875095405189;23;3;[1.25 1.75] ;RDK1;center;17;orange;attended;nonprimed;{'P7','P5','P9','PO3','PO7','O1','I1','POz','Oz','Iz','P8','P6','PO4','PO8','P10','O2','I2'}
9.69521533310144;0.973749988017039;3.20863500053858;103.013606795941;0.301412834840663;0.494102341051285;23;3;[1.25 1.75] ;RDK2;center;23;blau;not attended;not attended;{'P7','P5','P9','PO3','PO7','O1','I1','POz','Oz','Iz','P8','P6','PO4','PO8','P10','O2','I2'}
7.49386269798106;1.14239434941727;-14.2008248130829;23.4483109937551;-1.24032697418696;0.216991368832901;23;3;[1.25 1.75] ;RDK3;center;20;grün;attended;primed;{'P7','P5','P9','PO3','PO7','O1','I1','POz','Oz','Iz','P8','P6','PO4','PO8','P10','O2','I2'}
5.83728714550243;1.46380676335879;0;0;0;0;24;1;[-0.5 0] ;RDK1;center;23;blau;attended;primed;{'P7','P5','P9','PO3','PO7','O1','I1','POz','Oz','Iz','P8','P6','PO4','PO8','P10','O2','I2'}
7.03550483738135;1.69918683265669;0;0;0;0;24;1;[-0.5 0] ;RDK2;center;17;grün;attended;nonprimed;{'P7','P5','P9','PO3','PO7','O1','I1','POz','Oz','Iz','P8','P6','PO4','PO8','P10','O2','I2'}
6.73477747321668;1.69143374324924;0;0;0;0;24;1;[-0.5 0] ;RDK3;center;20;orange;not attended;not attended;{'P7','P5','P9','PO3','PO7','O1','I1','POz','Oz','Iz','P8','P6','PO4','PO8','P10','O2','I2'}
5.54393303664022;0.910124373179755;0;0;0;0;24;2;[-0.5 0] ;RDK1;center;23;blau;not attended;not attended;{'P7','P5','P9','PO3','PO7','O1','I1','POz','Oz','Iz','P8','P6','PO4','PO8','P10','O2','I2'}
6.41083506113803;1.40966420044187;0;0;0;0;24;2;[-0.5 0] ;RDK2;center;17;grün;attended;primed;{'P7','P5','P9','PO3','PO7','O1','I1','POz','Oz','Iz','P8','P6','PO4','PO8','P10','O2','I2'}
6.51172654876882;1.67478258825198;0;0;0;0;24;2;[-0.5 0] ;RDK3;center;20;orange;attended;nonprimed;{'P7','P5','P9','PO3','PO7','O1','I1','POz','Oz','Iz','P8','P6','PO4','PO8','P10','O2','I2'}
5.76724469068363;0.74304190385935;0;0;0;0;24;3;[-0.5 0] ;RDK1;center;23;blau;attended;nonprimed;{'P7','P5','P9','PO3','PO7','O1','I1','POz','Oz','Iz','P8','P6','PO4','PO8','P10','O2','I2'}
6.69632435708024;1.63344083355563;0;0;0;0;24;3;[-0.5 0] ;RDK2;center;17;grün;not attended;not attended;{'P7','P5','P9','PO3','PO7','O1','I1','POz','Oz','Iz','P8','P6','PO4','PO8','P10','O2','I2'}
6.64430992419903;1.86727865181897;0;0;0;0;24;3;[-0.5 0] ;RDK3;center;20;orange;attended;primed;{'P7','P5','P9','PO3','PO7','O1','I1','POz','Oz','Iz','P8','P6','PO4','PO8','P10','O2','I2'}
5.88184059043815;1.78631663484271;0.763256009601188;22.0322708950949;0.0445534449357252;0.322509871483928;24;1;[0.25 0.75] ;RDK1;center;23;blau;attended;primed;{'P7','P5','P9','PO3','PO7','O1','I1','POz','Oz','Iz','P8','P6','PO4','PO8','P10','O2','I2'}
5.87978952071246;1.02390240813812;-16.4268996096527;-39.7416229657781;-1.15571531666889;-0.675284424518568;24;1;[0.25 0.75] ;RDK2;center;17;grün;attended;nonprimed;{'P7','P5','P9','PO3','PO7','O1','I1','POz','Oz','Iz','P8','P6','PO4','PO8','P10','O2','I2'}
6.18538241688482;1.97425177814734;-8.1575829122303;16.7206097210057;-0.54939505633186;0.282818034898102;24;1;[0.25 0.75] ;RDK3;center;20;orange;not attended;not attended;{'P7','P5','P9','PO3','PO7','O1','I1','POz','Oz','Iz','P8','P6','PO4','PO8','P10','O2','I2'}
6.09571951223175;1.31543024207942;9.95297872367391;44.5330199743602;0.55178647559153;0.40530586889966;24;2;[0.25 0.75] ;RDK1;center;23;blau;not attended;not attended;{'P7','P5','P9','PO3','PO7','O1','I1','POz','Oz','Iz','P8','P6','PO4','PO8','P10','O2','I2'}
6.45264269108147;2.83785512436569;0.652140158727033;101.314265019722;0.0418076299434338;1.42819092392382;24;2;[0.25 0.75] ;RDK2;center;17;grün;attended;primed;{'P7','P5','P9','PO3','PO7','O1','I1','POz','Oz','Iz','P8','P6','PO4','PO8','P10','O2','I2'}
6.10160812101753;1.82297123179716;-6.29815187538598;8.84823168002069;-0.41011842775129;0.148188643545182;24;2;[0.25 0.75] ;RDK3;center;20;orange;attended;nonprimed;{'P7','P5','P9','PO3','PO7','O1','I1','POz','Oz','Iz','P8','P6','PO4','PO8','P10','O2','I2'}
5.87958800954517;1.62833589854823;1.94795478407588;119.144558347339;0.112343318861534;0.88529399468888;24;3;[0.25 0.75] ;RDK1;center;23;blau;attended;nonprimed;{'P7','P5','P9','PO3','PO7','O1','I1','POz','Oz','Iz','P8','P6','PO4','PO8','P10','O2','I2'}
6.30900772880105;1.46717596741823;-5.78401833043926;-10.1788116668711;-0.38731662827919;-0.166264866137397;24;3;[0.25 0.75] ;RDK2;center;17;grün;not attended;not attended;{'P7','P5','P9','PO3','PO7','O1','I1','POz','Oz','Iz','P8','P6','PO4','PO8','P10','O2','I2'}
6.95815790616549;2.779857578995;4.7235602424776;48.8721341234776;0.313847981966459;0.912578927176031;24;3;[0.25 0.75] ;RDK3;center;20;orange;attended;primed;{'P7','P5','P9','PO3','PO7','O1','I1','POz','Oz','Iz','P8','P6','PO4','PO8','P10','O2','I2'}
6.23621834349309;2.06422097994461;6.83418834891534;41.0173140072221;0.39893119799066;0.600414216585828;24;1;[0.75 1.25] ;RDK1;center;23;blau;attended;primed;{'P7','P5','P9','PO3','PO7','O1','I1','POz','Oz','Iz','P8','P6','PO4','PO8','P10','O2','I2'}
6.03070839713602;1.35799769080366;-14.281795883454;-20.0795542488741;-1.00479644024534;-0.341189141853026;24;1;[0.75 1.25] ;RDK2;center;17;grün;attended;nonprimed;{'P7','P5','P9','PO3','PO7','O1','I1','POz','Oz','Iz','P8','P6','PO4','PO8','P10','O2','I2'}
6.19182994786431;1.54444780354114;-8.06184803449862;-8.69002053995544;-0.542947525352375;-0.146985939708096;24;1;[0.75 1.25] ;RDK3;center;20;orange;not attended;not attended;{'P7','P5','P9','PO3','PO7','O1','I1','POz','Oz','Iz','P8','P6','PO4','PO8','P10','O2','I2'}
6.1817717865042;1.66043199767354;11.5051669211815;82.4401199005796;0.637838749863983;0.750307624493789;24;2;[0.75 1.25] ;RDK1;center;23;blau;not attended;not attended;{'P7','P5','P9','PO3','PO7','O1','I1','POz','Oz','Iz','P8','P6','PO4','PO8','P10','O2','I2'}
6.00575853580803;1.12582488728864;-6.31862341593445;-20.1352430645722;-0.405076525330004;-0.283839313153228;24;2;[0.75 1.25] ;RDK2;center;17;grün;attended;primed;{'P7','P5','P9','PO3','PO7','O1','I1','POz','Oz','Iz','P8','P6','PO4','PO8','P10','O2','I2'}
6.57020103877486;2.61844093227818;0.897987493303165;56.345125071495;0.0584744900060459;0.9436583440262;24;2;[0.75 1.25] ;RDK3;center;20;orange;attended;nonprimed;{'P7','P5','P9','PO3','PO7','O1','I1','POz','Oz','Iz','P8','P6','PO4','PO8','P10','O2','I2'}
6.28806967864749;2.1343897869684;9.0307419902816;187.250258145928;0.520824987963853;1.39134788310905;24;3;[0.75 1.25] ;RDK1;center;23;blau;attended;nonprimed;{'P7','P5','P9','PO3','PO7','O1','I1','POz','Oz','Iz','P8','P6','PO4','PO8','P10','O2','I2'}
5.98463031285489;1.11751337962992;-10.628129795906;-31.5853163045184;-0.711694044225356;-0.515927453925707;24;3;[0.75 1.25] ;RDK2;center;17;grün;not attended;not attended;{'P7','P5','P9','PO3','PO7','O1','I1','POz','Oz','Iz','P8','P6','PO4','PO8','P10','O2','I2'}
6.33008789368884;1.89343032807247;-4.72918984958501;1.40052349594533;-0.31422203051019;0.0261516762534959;24;3;[0.75 1.25] ;RDK3;center;20;orange;attended;primed;{'P7','P5','P9','PO3','PO7','O1','I1','POz','Oz','Iz','P8','P6','PO4','PO8','P10','O2','I2'}
6.30845687723807;1.96942727126147;8.07172441565902;34.5414791459574;0.471169731735644;0.505620507902689;24;1;[1 1.5] ;RDK1;center;23;blau;attended;primed;{'P7','P5','P9','PO3','PO7','O1','I1','POz','Oz','Iz','P8','P6','PO4','PO8','P10','O2','I2'}
6.30401633228112;2.04101692821106;-10.3971004499017;20.1172754511001;-0.731488505100232;0.341830095554369;24;1;[1 1.5] ;RDK2;center;17;grün;attended;nonprimed;{'P7','P5','P9','PO3','PO7','O1','I1','POz','Oz','Iz','P8','P6','PO4','PO8','P10','O2','I2'}
6.21057115960445;2.22107590836098;-7.78357289007594;31.3132079353164;-0.524206313612235;0.52964216511174;24;1;[1 1.5] ;RDK3;center;20;orange;not attended;not attended;{'P7','P5','P9','PO3','PO7','O1','I1','POz','Oz','Iz','P8','P6','PO4','PO8','P10','O2','I2'}
6.20040419953981;2.42131445391685;11.8412534668245;166.042150421416;0.656471162899587;1.5111900807371;24;2;[1 1.5] ;RDK1;center;23;blau;not attended;not attended;{'P7','P5','P9','PO3','PO7','O1','I1','POz','Oz','Iz','P8','P6','PO4','PO8','P10','O2','I2'}
6.28722665536458;2.07248755601736;-1.92811707982881;47.0199466913983;-0.123608405773456;0.662823355575493;24;2;[1 1.5] ;RDK2;center;17;grün;attended;primed;{'P7','P5','P9','PO3','PO7','O1','I1','POz','Oz','Iz','P8','P6','PO4','PO8','P10','O2','I2'}
6.67744954570926;2.9011043917;2.54499318574386;73.2227461671888;0.16572299694044;1.22632180344802;24;2;[1 1.5] ;RDK3;center;20;orange;attended;nonprimed;{'P7','P5','P9','PO3','PO7','O1','I1','POz','Oz','Iz','P8','P6','PO4','PO8','P10','O2','I2'}
6.17607728388514;1.83201490227993;7.08887198529893;146.556068071594;0.408832593201511;1.08897299842058;24;3;[1 1.5] ;RDK1;center;23;blau;attended;nonprimed;{'P7','P5','P9','PO3','PO7','O1','I1','POz','Oz','Iz','P8','P6','PO4','PO8','P10','O2','I2'}
6.18092701769522;1.86312915809554;-7.69672004971016;14.0616249956192;-0.51539733938502;0.22968832453991;24;3;[1 1.5] ;RDK2;center;17;grün;not attended;not attended;{'P7','P5','P9','PO3','PO7','O1','I1','POz','Oz','Iz','P8','P6','PO4','PO8','P10','O2','I2'}
6.29986436118907;2.43119394509501;-5.18406827706014;30.1998468587811;-0.344445563009961;0.563915293276041;24;3;[1 1.5] ;RDK3;center;20;orange;attended;primed;{'P7','P5','P9','PO3','PO7','O1','I1','POz','Oz','Iz','P8','P6','PO4','PO8','P10','O2','I2'}
6.20671670577105;1.3624060143173;6.32878854611887;-6.92719500822734;0.369429560268626;-0.101400749041484;24;1;[1.25 1.75] ;RDK1;center;23;blau;attended;primed;{'P7','P5','P9','PO3','PO7','O1','I1','POz','Oz','Iz','P8','P6','PO4','PO8','P10','O2','I2'}
6.28213697105511;2.1890050504542;-10.7080854002603;28.8266250881713;-0.753367866326241;0.489818217797517;24;1;[1.25 1.75] ;RDK2;center;17;grün;attended;nonprimed;{'P7','P5','P9','PO3','PO7','O1','I1','POz','Oz','Iz','P8','P6','PO4','PO8','P10','O2','I2'}
6.49279479958892;1.94466194577886;-3.59303146377281;14.9712161969272;-0.241982673627759;0.253228202529622;24;1;[1.25 1.75] ;RDK3;center;20;orange;not attended;not attended;{'P7','P5','P9','PO3','PO7','O1','I1','POz','Oz','Iz','P8','P6','PO4','PO8','P10','O2','I2'}
6.05113432310286;1.89822674741572;9.14876285681141;108.567840105609;0.507201286462637;0.988102374235969;24;2;[1.25 1.75] ;RDK1;center;23;blau;not attended;not attended;{'P7','P5','P9','PO3','PO7','O1','I1','POz','Oz','Iz','P8','P6','PO4','PO8','P10','O2','I2'}
6.25151807042808;2.15875314911027;-2.48512072437674;53.1395312751498;-0.159316990709952;0.749088948668398;24;2;[1.25 1.75] ;RDK2;center;17;grün;attended;primed;{'P7','P5','P9','PO3','PO7','O1','I1','POz','Oz','Iz','P8','P6','PO4','PO8','P10','O2','I2'}
6.68028965039491;2.57795794867822;2.58860841842263;53.9279167792704;0.16856310162609;0.903175360426239;24;2;[1.25 1.75] ;RDK3;center;20;orange;attended;nonprimed;{'P7','P5','P9','PO3','PO7','O1','I1','POz','Oz','Iz','P8','P6','PO4','PO8','P10','O2','I2'}
6.23569649269139;1.13412236762802;8.12262747867256;52.6323564979853;0.468451802007753;0.39108046376867;24;3;[1.25 1.75] ;RDK1;center;23;blau;attended;nonprimed;{'P7','P5','P9','PO3','PO7','O1','I1','POz','Oz','Iz','P8','P6','PO4','PO8','P10','O2','I2'}
6.12530608846052;1.50571676454932;-8.52733885293312;-7.81932631917109;-0.571018268619728;-0.127724069006303;24;3;[1.25 1.75] ;RDK2;center;17;grün;not attended;not attended;{'P7','P5','P9','PO3','PO7','O1','I1','POz','Oz','Iz','P8','P6','PO4','PO8','P10','O2','I2'}
6.52107307058654;2.41577681265266;-1.85477280588097;29.3741997371083;-0.123236853612494;0.548498160833687;24;3;[1.25 1.75] ;RDK3;center;20;orange;attended;primed;{'P7','P5','P9','PO3','PO7','O1','I1','POz','Oz','Iz','P8','P6','PO4','PO8','P10','O2','I2'}
9.96114254860856;5.38399510200207;0;0;0;0;25;1;[-0.5 0] ;RDK1;center;17;blau;attended;primed;{'P7','P5','P9','PO3','PO7','O1','I1','POz','Oz','Iz','P8','P6','PO4','PO8','P10','O2','I2'}
6.60221169652982;2.27870369362076;0;0;0;0;25;1;[-0.5 0] ;RDK2;center;23;orange;attended;nonprimed;{'P7','P5','P9','PO3','PO7','O1','I1','POz','Oz','Iz','P8','P6','PO4','PO8','P10','O2','I2'}
7.00502235749189;1.54947186082736;0;0;0;0;25;1;[-0.5 0] ;RDK3;center;20;grün;not attended;not attended;{'P7','P5','P9','PO3','PO7','O1','I1','POz','Oz','Iz','P8','P6','PO4','PO8','P10','O2','I2'}
9.85438865773818;5.42026760351604;0;0;0;0;25;2;[-0.5 0] ;RDK1;center;17;blau;not attended;not attended;{'P7','P5','P9','PO3','PO7','O1','I1','POz','Oz','Iz','P8','P6','PO4','PO8','P10','O2','I2'}
6.46345697484944;2.58401413686675;0;0;0;0;25;2;[-0.5 0] ;RDK2;center;23;orange;attended;primed;{'P7','P5','P9','PO3','PO7','O1','I1','POz','Oz','Iz','P8','P6','PO4','PO8','P10','O2','I2'}
6.83688628080204;1.08553621280787;0;0;0;0;25;2;[-0.5 0] ;RDK3;center;20;grün;attended;nonprimed;{'P7','P5','P9','PO3','PO7','O1','I1','POz','Oz','Iz','P8','P6','PO4','PO8','P10','O2','I2'}
9.90657951821029;5.54666269257058;0;0;0;0;25;3;[-0.5 0] ;RDK1;center;17;blau;attended;nonprimed;{'P7','P5','P9','PO3','PO7','O1','I1','POz','Oz','Iz','P8','P6','PO4','PO8','P10','O2','I2'}
6.37511793520656;2.25566094007967;0;0;0;0;25;3;[-0.5 0] ;RDK2;center;23;orange;not attended;not attended;{'P7','P5','P9','PO3','PO7','O1','I1','POz','Oz','Iz','P8','P6','PO4','PO8','P10','O2','I2'}
6.96860466391792;1.24481380255514;0;0;0;0;25;3;[-0.5 0] ;RDK3;center;20;grün;attended;primed;{'P7','P5','P9','PO3','PO7','O1','I1','POz','Oz','Iz','P8','P6','PO4','PO8','P10','O2','I2'}
9.78418600073767;5.94442157885608;-1.77646838208949;10.4091193665018;-0.176956547870894;0.560426476854005;25;1;[0.25 0.75] ;RDK1;center;17;blau;attended;primed;{'P7','P5','P9','PO3','PO7','O1','I1','POz','Oz','Iz','P8','P6','PO4','PO8','P10','O2','I2'}
6.18499853168677;2.33042696023958;-6.31929395814946;2.26985486369391;-0.417213164843046;0.0517232666188234;25;1;[0.25 0.75] ;RDK2;center;23;orange;attended;nonprimed;{'P7','P5','P9','PO3','PO7','O1','I1','POz','Oz','Iz','P8','P6','PO4','PO8','P10','O2','I2'}
6.39333926930147;1.23291599952797;-8.73206475260167;-20.4299199812744;-0.611683088190415;-0.316555861299394;25;1;[0.25 0.75] ;RDK3;center;20;grün;not attended;not attended;{'P7','P5','P9','PO3','PO7','O1','I1','POz','Oz','Iz','P8','P6','PO4','PO8','P10','O2','I2'}
9.25720866233515;4.93515447901385;-6.0600410248087;-8.94998476066947;-0.59717999540303;-0.48511312450219;25;2;[0.25 0.75] ;RDK1;center;17;blau;not attended;not attended;{'P7','P5','P9','PO3','PO7','O1','I1','POz','Oz','Iz','P8','P6','PO4','PO8','P10','O2','I2'}
6.42579680006968;2.80563525889254;-0.58266303815907;8.57662188700419;-0.037660174779762;0.221621122025796;25;2;[0.25 0.75] ;RDK2;center;23;orange;attended;primed;{'P7','P5','P9','PO3','PO7','O1','I1','POz','Oz','Iz','P8','P6','PO4','PO8','P10','O2','I2'}
6.38250450419085;0.869581932530684;-6.64603385150772;-19.8937886851874;-0.45438177661119;-0.215954280277183;25;2;[0.25 0.75] ;RDK3;center;20;grün;attended;nonprimed;{'P7','P5','P9','PO3','PO7','O1','I1','POz','Oz','Iz','P8','P6','PO4','PO8','P10','O2','I2'}
8.64482678762928;4.7449742474707;-12.7365124184554;-14.4535279957386;-1.26175273058102;-0.801688445099878;25;3;[0.25 0.75] ;RDK1;center;17;blau;attended;nonprimed;{'P7','P5','P9','PO3','PO7','O1','I1','POz','Oz','Iz','P8','P6','PO4','PO8','P10','O2','I2'}
6.24302588005411;2.46223645485364;-2.07199390654353;9.15809247318353;-0.132092055152444;0.206575514773977;25;3;[0.25 0.75] ;RDK2;center;23;orange;not attended;not attended;{'P7','P5','P9','PO3','PO7','O1','I1','POz','Oz','Iz','P8','P6','PO4','PO8','P10','O2','I2'}
6.30064297909111;1.61450209620312;-9.58530031536138;29.6982804086161;-0.667961684826812;0.369688293647982;25;3;[0.25 0.75] ;RDK3;center;20;grün;attended;primed;{'P7','P5','P9','PO3','PO7','O1','I1','POz','Oz','Iz','P8','P6','PO4','PO8','P10','O2','I2'}
9.26315009647904;5.48241888613722;-7.00715253017857;1.82808086319681;-0.697992452129519;0.0984237841351536;25;1;[0.75 1.25] ;RDK1;center;17;blau;attended;primed;{'P7','P5','P9','PO3','PO7','O1','I1','POz','Oz','Iz','P8','P6','PO4','PO8','P10','O2','I2'}
6.47012627826017;2.42385658581332;-2.00062379609959;6.36997660551131;-0.132085418269646;0.145152892192564;25;1;[0.75 1.25] ;RDK2;center;23;orange;attended;nonprimed;{'P7','P5','P9','PO3','PO7','O1','I1','POz','Oz','Iz','P8','P6','PO4','PO8','P10','O2','I2'}
6.39930643754847;1.63599395050722;-8.64688060981851;5.58397295667288;-0.605715919943417;0.086522089679856;25;1;[0.75 1.25] ;RDK3;center;20;grün;not attended;not attended;{'P7','P5','P9','PO3','PO7','O1','I1','POz','Oz','Iz','P8','P6','PO4','PO8','P10','O2','I2'}
9.32762448280645;5.60345687100251;-5.34547797156434;3.3797089163575;-0.52676417493173;0.183189267486469;25;2;[0.75 1.25] ;RDK1;center;17;blau;not attended;not attended;{'P7','P5','P9','PO3','PO7','O1','I1','POz','Oz','Iz','P8','P6','PO4','PO8','P10','O2','I2'}
6.41532162195957;2.29470883518862;-0.744730769883373;-11.1959643544723;-0.0481353528898767;-0.289305301678127;25;2;[0.75 1.25] ;RDK2;center;23;orange;attended;primed;{'P7','P5','P9','PO3','PO7','O1','I1','POz','Oz','Iz','P8','P6','PO4','PO8','P10','O2','I2'}
6.60625665112318;1.78557388342883;-3.37331381869643;64.4877307971363;-0.230629629678856;0.700037670620966;25;2;[0.75 1.25] ;RDK3;center;20;grün;attended;nonprimed;{'P7','P5','P9','PO3','PO7','O1','I1','POz','Oz','Iz','P8','P6','PO4','PO8','P10','O2','I2'}
9.11065031716187;5.59105123491848;-8.03434928862525;0.80027477436766;-0.795929201048423;0.044388542347904;25;3;[0.75 1.25] ;RDK1;center;17;blau;attended;nonprimed;{'P7','P5','P9','PO3','PO7','O1','I1','POz','Oz','Iz','P8','P6','PO4','PO8','P10','O2','I2'}
6.24757367777069;2.26680328430633;-2.00065722284918;0.493972477364935;-0.127544257435863;0.0111423442266645;25;3;[0.75 1.25] ;RDK2;center;23;orange;not attended;not attended;{'P7','P5','P9','PO3','PO7','O1','I1','POz','Oz','Iz','P8','P6','PO4','PO8','P10','O2','I2'}
6.62126064516301;2.02293644043115;-4.98441274123923;62.5091589022249;-0.347344018754916;0.778122637876019;25;3;[0.75 1.25] ;RDK3;center;20;grün;attended;primed;{'P7','P5','P9','PO3','PO7','O1','I1','POz','Oz','Iz','P8','P6','PO4','PO8','P10','O2','I2'}
9.34003279112043;5.40671204981221;-6.23532646438124;0.421934778538269;-0.62110975748813;0.0227169478101432;25;1;[1 1.5] ;RDK1;center;17;blau;attended;primed;{'P7','P5','P9','PO3','PO7','O1','I1','POz','Oz','Iz','P8','P6','PO4','PO8','P10','O2','I2'}
6.80925888497366;2.97886508514439;3.13602771254156;30.7263025677157;0.207047188443835;0.700161391523629;25;1;[1 1.5] ;RDK2;center;23;orange;attended;nonprimed;{'P7','P5','P9','PO3','PO7','O1','I1','POz','Oz','Iz','P8','P6','PO4','PO8','P10','O2','I2'}
6.98911187875325;2.74104091214918;-0.227129592550435;76.9016257375309;-0.0159104787386379;1.19156905132182;25;1;[1 1.5] ;RDK3;center;20;grün;not attended;not attended;{'P7','P5','P9','PO3','PO7','O1','I1','POz','Oz','Iz','P8','P6','PO4','PO8','P10','O2','I2'}
9.40322916540086;5.54654163850379;-4.5782595755755;2.32966422000707;-0.451159492337325;0.126274034987747;25;2;[1 1.5] ;RDK1;center;17;blau;not attended;not attended;{'P7','P5','P9','PO3','PO7','O1','I1','POz','Oz','Iz','P8','P6','PO4','PO8','P10','O2','I2'}
6.62550082141997;2.74296668509013;2.50707705181721;6.15138075119517;0.162043846570529;0.158952548223383;25;2;[1 1.5] ;RDK2;center;23;orange;attended;primed;{'P7','P5','P9','PO3','PO7','O1','I1','POz','Oz','Iz','P8','P6','PO4','PO8','P10','O2','I2'}
6.7694722117342;2.69530806997243;-0.986034669863345;148.292782697751;-0.0674140690678389;1.60977185716456;25;2;[1 1.5] ;RDK3;center;20;grün;attended;nonprimed;{'P7','P5','P9','PO3','PO7','O1','I1','POz','Oz','Iz','P8','P6','PO4','PO8','P10','O2','I2'}
9.35575006666227;5.9129080842523;-5.56023853173029;6.60298655211695;-0.550829451548029;0.366245391681723;25;3;[1 1.5] ;RDK1;center;17;blau;attended;nonprimed;{'P7','P5','P9','PO3','PO7','O1','I1','POz','Oz','Iz','P8','P6','PO4','PO8','P10','O2','I2'}
6.14769797195676;2.51871620206272;-3.56730597866853;11.6620036863236;-0.227419963249793;0.263055261983051;25;3;[1 1.5] ;RDK2;center;23;orange;not attended;not attended;{'P7','P5','P9','PO3','PO7','O1','I1','POz','Oz','Iz','P8','P6','PO4','PO8','P10','O2','I2'}
6.99861579567059;2.54052646896418;0.430661993326464;104.08887367327;0.0300111317526701;1.29571266640905;25;3;[1 1.5] ;RDK3;center;20;grün;attended;primed;{'P7','P5','P9','PO3','PO7','O1','I1','POz','Oz','Iz','P8','P6','PO4','PO8','P10','O2','I2'}
9.36924734158753;5.40393490489252;-5.9420413284188;0.370353288082215;-0.591895207021031;0.0199398028904501;25;1;[1.25 1.75] ;RDK1;center;17;blau;attended;primed;{'P7','P5','P9','PO3','PO7','O1','I1','POz','Oz','Iz','P8','P6','PO4','PO8','P10','O2','I2'}
6.68861698888546;3.03707868346262;1.30873253278219;33.2809830415833;0.0864052923556367;0.758374989841858;25;1;[1.25 1.75] ;RDK2;center;23;orange;attended;nonprimed;{'P7','P5','P9','PO3','PO7','O1','I1','POz','Oz','Iz','P8','P6','PO4','PO8','P10','O2','I2'}
6.46387268407312;1.14149439591088;-7.72516697023816;-26.3300983535534;-0.541149673418762;-0.40797746491648;25;1;[1.25 1.75] ;RDK3;center;20;grün;not attended;not attended;{'P7','P5','P9','PO3','PO7','O1','I1','POz','Oz','Iz','P8','P6','PO4','PO8','P10','O2','I2'}
9.1344812401819;5.44846001955179;-7.30544981084108;0.520129596875685;-0.719907417556279;0.0281924160357514;25;2;[1.25 1.75] ;RDK1;center;17;blau;not attended;not attended;{'P7','P5','P9','PO3','PO7','O1','I1','POz','Oz','Iz','P8','P6','PO4','PO8','P10','O2','I2'}
6.49323941679562;2.63535634532773;0.46078193236323;1.98691670174993;0.0297824419461765;0.0513422084609845;25;2;[1.25 1.75] ;RDK2;center;23;orange;attended;primed;{'P7','P5','P9','PO3','PO7','O1','I1','POz','Oz','Iz','P8','P6','PO4','PO8','P10','O2','I2'}
6.290091098164;1.15648788119333;-7.99772235752171;6.53609410246592;-0.546795182638039;0.070951668385467;25;2;[1.25 1.75] ;RDK3;center;20;grün;attended;nonprimed;{'P7','P5','P9','PO3','PO7','O1','I1','POz','Oz','Iz','P8','P6','PO4','PO8','P10','O2','I2'}
9.26142121871672;5.66736557931382;-6.51242235836943;2.17613533458449;-0.645158299493573;0.120702886743244;25;3;[1.25 1.75] ;RDK1;center;17;blau;attended;nonprimed;{'P7','P5','P9','PO3','PO7','O1','I1','POz','Oz','Iz','P8','P6','PO4','PO8','P10','O2','I2'}
6.32704810858852;2.35584724475356;-0.754022546823385;4.44154983108194;-0.0480698266180388;0.10018630467389;25;3;[1.25 1.75] ;RDK2;center;23;orange;not attended;not attended;{'P7','P5','P9','PO3','PO7','O1','I1','POz','Oz','Iz','P8','P6','PO4','PO8','P10','O2','I2'}
6.59139236389782;1.16010291651903;-5.4130248193478;-6.80510497732508;-0.377212300020106;-0.0847108860361092;25;3;[1.25 1.75] ;RDK3;center;20;grün;attended;primed;{'P7','P5','P9','PO3','PO7','O1','I1','POz','Oz','Iz','P8','P6','PO4','PO8','P10','O2','I2'}
8.27561688962565;1.46629359151713;0;0;0;0;26;1;[-0.5 0] ;RDK1;center;20;orange;attended;primed;{'P7','P5','P9','PO3','PO7','O1','I1','POz','Oz','Iz','P8','P6','PO4','PO8','P10','O2','I2'}
7.00580168525558;1.18521156327217;0;0;0;0;26;1;[-0.5 0] ;RDK2;center;23;grün;attended;nonprimed;{'P7','P5','P9','PO3','PO7','O1','I1','POz','Oz','Iz','P8','P6','PO4','PO8','P10','O2','I2'}
10.85690308696;4.4704372758779;0;0;0;0;26;1;[-0.5 0] ;RDK3;center;17;blau;not attended;not attended;{'P7','P5','P9','PO3','PO7','O1','I1','POz','Oz','Iz','P8','P6','PO4','PO8','P10','O2','I2'}
8.31109086852268;1.61739126427681;0;0;0;0;26;2;[-0.5 0] ;RDK1;center;20;orange;not attended;not attended;{'P7','P5','P9','PO3','PO7','O1','I1','POz','Oz','Iz','P8','P6','PO4','PO8','P10','O2','I2'}
6.85348186989176;0.878423441454296;0;0;0;0;26;2;[-0.5 0] ;RDK2;center;23;grün;attended;primed;{'P7','P5','P9','PO3','PO7','O1','I1','POz','Oz','Iz','P8','P6','PO4','PO8','P10','O2','I2'}
10.8050264362836;4.90856625861172;0;0;0;0;26;2;[-0.5 0] ;RDK3;center;17;blau;attended;nonprimed;{'P7','P5','P9','PO3','PO7','O1','I1','POz','Oz','Iz','P8','P6','PO4','PO8','P10','O2','I2'}
8.42710347197174;1.65628604543695;0;0;0;0;26;3;[-0.5 0] ;RDK1;center;20;orange;attended;nonprimed;{'P7','P5','P9','PO3','PO7','O1','I1','POz','Oz','Iz','P8','P6','PO4','PO8','P10','O2','I2'}
7.00086757500247;0.861196133885448;0;0;0;0;26;3;[-0.5 0] ;RDK2;center;23;grün;not attended;not attended;{'P7','P5','P9','PO3','PO7','O1','I1','POz','Oz','Iz','P8','P6','PO4','PO8','P10','O2','I2'}
11.0195003354172;5.07697995431822;0;0;0;0;26;3;[-0.5 0] ;RDK3;center;17;blau;attended;primed;{'P7','P5','P9','PO3','PO7','O1','I1','POz','Oz','Iz','P8','P6','PO4','PO8','P10','O2','I2'}
7.87388811284061;2.54224858996016;-4.85436653415713;73.379233508739;-0.401728776785043;1.07595499844303;26;1;[0.25 0.75] ;RDK1;center;20;orange;attended;primed;{'P7','P5','P9','PO3','PO7','O1','I1','POz','Oz','Iz','P8','P6','PO4','PO8','P10','O2','I2'}
7.01343360745529;1.27150017542267;0.108937171541368;7.28043961301474;0.00763192219971476;0.0862886121504987;26;1;[0.25 0.75] ;RDK2;center;23;grün;attended;nonprimed;{'P7','P5','P9','PO3','PO7','O1','I1','POz','Oz','Iz','P8','P6','PO4','PO8','P10','O2','I2'}
9.29344824967881;4.08735179361715;-14.4005599456724;-8.56930672817748;-1.56345483728124;-0.38308548226076;26;1;[0.25 0.75] ;RDK3;center;17;blau;not attended;not attended;{'P7','P5','P9','PO3','PO7','O1','I1','POz','Oz','Iz','P8','P6','PO4','PO8','P10','O2','I2'}
7.630706346952;1.46957346217125;-8.18646471725583;-9.13927293725362;-0.68038452157068;-0.147817802105554;26;2;[0.25 0.75] ;RDK1;center;20;orange;not attended;not attended;{'P7','P5','P9','PO3','PO7','O1','I1','POz','Oz','Iz','P8','P6','PO4','PO8','P10','O2','I2'}
7.0440271386194;1.22327132868618;2.7802695380976;39.2575916076382;0.190545268727643;0.344847887231888;26;2;[0.25 0.75] ;RDK2;center;23;grün;attended;primed;{'P7','P5','P9','PO3','PO7','O1','I1','POz','Oz','Iz','P8','P6','PO4','PO8','P10','O2','I2'}
9.29351406831008;4.29550947430986;-13.9889742693993;-12.4895285507514;-1.5115123679735;-0.613056784301861;26;2;[0.25 0.75] ;RDK3;center;17;blau;attended;nonprimed;{'P7','P5','P9','PO3','PO7','O1','I1','POz','Oz','Iz','P8','P6','PO4','PO8','P10','O2','I2'}
7.88336703140811;1.47350042171743;-6.45223406087372;-11.0358729534124;-0.543736440563633;-0.18278562371952;26;3;[0.25 0.75] ;RDK1;center;20;orange;attended;nonprimed;{'P7','P5','P9','PO3','PO7','O1','I1','POz','Oz','Iz','P8','P6','PO4','PO8','P10','O2','I2'}
7.11556429237262;0.907292598782621;1.63832148146452;5.35260936311919;0.114696717370149;0.046096464897173;26;3;[0.25 0.75] ;RDK2;center;23;grün;not attended;not attended;{'P7','P5','P9','PO3','PO7','O1','I1','POz','Oz','Iz','P8','P6','PO4','PO8','P10','O2','I2'}
10.6480020807879;5.93874757160428;-3.37128039676418;16.9740204814692;-0.371498254629282;0.861767617286061;26;3;[0.25 0.75] ;RDK3;center;17;blau;attended;primed;{'P7','P5','P9','PO3','PO7','O1','I1','POz','Oz','Iz','P8','P6','PO4','PO8','P10','O2','I2'}
7.95133919305931;3.2049177787962;-3.91847158817682;118.572719497476;-0.324277696566344;1.73862418727907;26;1;[0.75 1.25] ;RDK1;center;20;orange;attended;primed;{'P7','P5','P9','PO3','PO7','O1','I1','POz','Oz','Iz','P8','P6','PO4','PO8','P10','O2','I2'}
7.09294575048248;1.58054508693617;1.24388427109359;33.3555236815737;0.0871440652269042;0.395333523664;26;1;[0.75 1.25] ;RDK2;center;23;grün;attended;nonprimed;{'P7','P5','P9','PO3','PO7','O1','I1','POz','Oz','Iz','P8','P6','PO4','PO8','P10','O2','I2'}
9.0366164440483;4.21012519603401;-16.7661682924852;-5.82296683254039;-1.82028664291175;-0.260312079843892;26;1;[0.75 1.25] ;RDK3;center;17;blau;not attended;not attended;{'P7','P5','P9','PO3','PO7','O1','I1','POz','Oz','Iz','P8','P6','PO4','PO8','P10','O2','I2'}
7.76340878818909;3.10299352350818;-6.58977370116205;91.8517548625214;-0.547682080333588;1.48560225923137;26;2;[0.75 1.25] ;RDK1;center;20;orange;not attended;not attended;{'P7','P5','P9','PO3','PO7','O1','I1','POz','Oz','Iz','P8','P6','PO4','PO8','P10','O2','I2'}
7.28331060323241;1.5312741659076;6.27168410890442;74.3207311695208;0.429828733340647;0.6528507244533;26;2;[0.75 1.25] ;RDK2;center;23;grün;attended;primed;{'P7','P5','P9','PO3','PO7','O1','I1','POz','Oz','Iz','P8','P6','PO4','PO8','P10','O2','I2'}
9.49727907871229;5.05297889105335;-12.1031388982061;2.94205323577466;-1.30774735757129;0.144412632441629;26;2;[0.75 1.25] ;RDK3;center;17;blau;attended;nonprimed;{'P7','P5','P9','PO3','PO7','O1','I1','POz','Oz','Iz','P8','P6','PO4','PO8','P10','O2','I2'}
8.23231584238251;3.17285907430347;-2.31144224391089;91.5646806929678;-0.194787629589236;1.51657302886652;26;3;[0.75 1.25] ;RDK1;center;20;orange;attended;nonprimed;{'P7','P5','P9','PO3','PO7','O1','I1','POz','Oz','Iz','P8','P6','PO4','PO8','P10','O2','I2'}
7.34227766062879;1.61140100725366;4.87668252496829;87.1119648416814;0.341410085626317;0.750204873368211;26;3;[0.75 1.25] ;RDK2;center;23;grün;not attended;not attended;{'P7','P5','P9','PO3','PO7','O1','I1','POz','Oz','Iz','P8','P6','PO4','PO8','P10','O2','I2'}
9.68828467114479;5.0999034821178;-12.0805447048611;0.451518973993248;-1.3312156642724;0.0229235277995805;26;3;[0.75 1.25] ;RDK3;center;17;blau;attended;primed;{'P7','P5','P9','PO3','PO7','O1','I1','POz','Oz','Iz','P8','P6','PO4','PO8','P10','O2','I2'}
8.20659522017742;3.67794915831467;-0.83403654819687;150.833065055492;-0.0690216694482313;2.21165556679754;26;1;[1 1.5] ;RDK1;center;20;orange;attended;primed;{'P7','P5','P9','PO3','PO7','O1','I1','POz','Oz','Iz','P8','P6','PO4','PO8','P10','O2','I2'}
7.05453507393194;1.54220924883811;0.695614732842453;30.1210093310536;0.0487333886763626;0.356997685565938;26;1;[1 1.5] ;RDK2;center;23;grün;attended;nonprimed;{'P7','P5','P9','PO3','PO7','O1','I1','POz','Oz','Iz','P8','P6','PO4','PO8','P10','O2','I2'}
9.04891025966109;4.52703164659474;-16.6529332795693;1.26596946169484;-1.80799282729895;0.0565943707168373;26;1;[1 1.5] ;RDK3;center;17;blau;not attended;not attended;{'P7','P5','P9','PO3','PO7','O1','I1','POz','Oz','Iz','P8','P6','PO4','PO8','P10','O2','I2'}
8.08981600929709;2.99069121709237;-2.6624045233778;84.9083325196276;-0.221274859225588;1.37329995281556;26;2;[1 1.5] ;RDK1;center;20;orange;not attended;not attended;{'P7','P5','P9','PO3','PO7','O1','I1','POz','Oz','Iz','P8','P6','PO4','PO8','P10','O2','I2'}
7.18837073701539;1.37456594171567;4.88640480096467;56.4810177925096;0.334888867123634;0.496142500261376;26;2;[1 1.5] ;RDK2;center;23;grün;attended;primed;{'P7','P5','P9','PO3','PO7','O1','I1','POz','Oz','Iz','P8','P6','PO4','PO8','P10','O2','I2'}
9.60558768742764;4.98090447397793;-11.1007479336486;1.47371373951195;-1.19943874885594;0.0723382153662087;26;2;[1 1.5] ;RDK3;center;17;blau;attended;nonprimed;{'P7','P5','P9','PO3','PO7','O1','I1','POz','Oz','Iz','P8','P6','PO4','PO8','P10','O2','I2'}
8.2997016324177;3.51137137197261;-1.51181055243683;112.002714244101;-0.127401839554039;1.85508532653567;26;3;[1 1.5] ;RDK1;center;20;orange;attended;nonprimed;{'P7','P5','P9','PO3','PO7','O1','I1','POz','Oz','Iz','P8','P6','PO4','PO8','P10','O2','I2'}
7.628613972556;1.81949624028141;8.9666943536395;111.275477059147;0.627746397553526;0.958300106395963;26;3;[1 1.5] ;RDK2;center;23;grün;not attended;not attended;{'P7','P5','P9','PO3','PO7','O1','I1','POz','Oz','Iz','P8','P6','PO4','PO8','P10','O2','I2'}
9.60081678494069;5.30167023089137;-12.8743001705511;4.42566798756092;-1.41868355047649;0.224690276573146;26;3;[1 1.5] ;RDK3;center;17;blau;attended;primed;{'P7','P5','P9','PO3','PO7','O1','I1','POz','Oz','Iz','P8','P6','PO4','PO8','P10','O2','I2'}
7.78600468139303;2.66519825517862;-5.91632279215826;81.7642981322053;-0.489612208232621;1.19890466366149;26;1;[1.25 1.75] ;RDK1;center;20;orange;attended;primed;{'P7','P5','P9','PO3','PO7','O1','I1','POz','Oz','Iz','P8','P6','PO4','PO8','P10','O2','I2'}
7.01429366633903;0.904599780612941;0.121213552209509;-23.6760922146684;0.00849198108345117;-0.280611782659233;26;1;[1.25 1.75] ;RDK2;center;23;grün;attended;nonprimed;{'P7','P5','P9','PO3','PO7','O1','I1','POz','Oz','Iz','P8','P6','PO4','PO8','P10','O2','I2'}
8.90004984178155;4.16752962208442;-18.0240463556207;-6.77579473999006;-1.9568532451785;-0.30290765379349;26;1;[1.25 1.75] ;RDK3;center;17;blau;not attended;not attended;{'P7','P5','P9','PO3','PO7','O1','I1','POz','Oz','Iz','P8','P6','PO4','PO8','P10','O2','I2'}
7.69089623921597;2.07876064335059;-7.46225301970435;28.5255268322524;-0.620194629306706;0.461369379073786;26;2;[1.25 1.75] ;RDK1;center;20;orange;not attended;not attended;{'P7','P5','P9','PO3','PO7','O1','I1','POz','Oz','Iz','P8','P6','PO4','PO8','P10','O2','I2'}
7.0047990811896;0.824772803222432;2.2078881095841;-6.10760547817824;0.151317211297842;-0.0536506382318643;26;2;[1.25 1.75] ;RDK2;center;23;grün;attended;primed;{'P7','P5','P9','PO3','PO7','O1','I1','POz','Oz','Iz','P8','P6','PO4','PO8','P10','O2','I2'}
9.1338985279135;4.23591294968964;-15.4662084190593;-13.7036615883906;-1.67112790837007;-0.672653308922079;26;2;[1.25 1.75] ;RDK3;center;17;blau;attended;nonprimed;{'P7','P5','P9','PO3','PO7','O1','I1','POz','Oz','Iz','P8','P6','PO4','PO8','P10','O2','I2'}
7.62623151718761;1.944530509446;-9.50352582530648;17.4030605886687;-0.800871954784133;0.288244464009056;26;3;[1.25 1.75] ;RDK1;center;20;orange;attended;nonprimed;{'P7','P5','P9','PO3','PO7','O1','I1','POz','Oz','Iz','P8','P6','PO4','PO8','P10','O2','I2'}
7.22237917740421;1.19750110899431;3.16405931162975;39.0509155668825;0.221511602401733;0.336304975108863;26;3;[1.25 1.75] ;RDK2;center;23;grün;not attended;not attended;{'P7','P5','P9','PO3','PO7','O1','I1','POz','Oz','Iz','P8','P6','PO4','PO8','P10','O2','I2'}
9.33316679346076;4.88505289592355;-15.3031761026085;-3.78033910162349;-1.68633354195642;-0.191927058394678;26;3;[1.25 1.75] ;RDK3;center;17;blau;attended;primed;{'P7','P5','P9','PO3','PO7','O1','I1','POz','Oz','Iz','P8','P6','PO4','PO8','P10','O2','I2'}
4.41497381240534;0.607297111825166;0;0;0;0;27;1;[-0.5 0] ;RDK1;center;23;blau;attended;primed;{'P7','P5','P9','PO3','PO7','O1','I1','POz','Oz','Iz','P8','P6','PO4','PO8','P10','O2','I2'}
7.48865536435157;4.25304814323581;0;0;0;0;27;1;[-0.5 0] ;RDK2;center;17;orange;attended;nonprimed;{'P7','P5','P9','PO3','PO7','O1','I1','POz','Oz','Iz','P8','P6','PO4','PO8','P10','O2','I2'}
5.21307874049536;0.606393791903737;0;0;0;0;27;1;[-0.5 0] ;RDK3;center;20;grün;not attended;not attended;{'P7','P5','P9','PO3','PO7','O1','I1','POz','Oz','Iz','P8','P6','PO4','PO8','P10','O2','I2'}
4.46763876120969;0.867587240438116;0;0;0;0;27;2;[-0.5 0] ;RDK1;center;23;blau;not attended;not attended;{'P7','P5','P9','PO3','PO7','O1','I1','POz','Oz','Iz','P8','P6','PO4','PO8','P10','O2','I2'}
7.46802268092988;4.15637335949893;0;0;0;0;27;2;[-0.5 0] ;RDK2;center;17;orange;attended;primed;{'P7','P5','P9','PO3','PO7','O1','I1','POz','Oz','Iz','P8','P6','PO4','PO8','P10','O2','I2'}
5.2304436782906;0.665677003798442;0;0;0;0;27;2;[-0.5 0] ;RDK3;center;20;grün;attended;nonprimed;{'P7','P5','P9','PO3','PO7','O1','I1','POz','Oz','Iz','P8','P6','PO4','PO8','P10','O2','I2'}
4.36210261750545;0.669145793093545;0;0;0;0;27;3;[-0.5 0] ;RDK1;center;23;blau;attended;nonprimed;{'P7','P5','P9','PO3','PO7','O1','I1','POz','Oz','Iz','P8','P6','PO4','PO8','P10','O2','I2'}
7.50710828703453;3.8333531979522;0;0;0;0;27;3;[-0.5 0] ;RDK2;center;17;orange;not attended;not attended;{'P7','P5','P9','PO3','PO7','O1','I1','POz','Oz','Iz','P8','P6','PO4','PO8','P10','O2','I2'}
5.41072401957275;0.695654253816713;0;0;0;0;27;3;[-0.5 0] ;RDK3;center;20;grün;attended;primed;{'P7','P5','P9','PO3','PO7','O1','I1','POz','Oz','Iz','P8','P6','PO4','PO8','P10','O2','I2'}
4.53207090213827;1.33195718462111;2.65227144505162;119.325460089553;0.117097089732934;0.724660072795946;27;1;[0.25 0.75] ;RDK1;center;23;blau;attended;primed;{'P7','P5','P9','PO3','PO7','O1','I1','POz','Oz','Iz','P8','P6','PO4','PO8','P10','O2','I2'}
5.96849531178021;2.74542367259437;-20.299506101026;-35.4480932231914;-1.52016005257136;-1.50762447064144;27;1;[0.25 0.75] ;RDK2;center;17;orange;attended;nonprimed;{'P7','P5','P9','PO3','PO7','O1','I1','POz','Oz','Iz','P8','P6','PO4','PO8','P10','O2','I2'}
4.70517535339114;0.728685843391656;-9.74286812817183;20.1671014975252;-0.507903387104224;0.122292051487918;27;1;[0.25 0.75] ;RDK3;center;20;grün;not attended;not attended;{'P7','P5','P9','PO3','PO7','O1','I1','POz','Oz','Iz','P8','P6','PO4','PO8','P10','O2','I2'}
4.19196262834299;0.620189568373413;-6.17051081345833;-28.5155959577935;-0.2756761328667;-0.247397672064704;27;2;[0.25 0.75] ;RDK1;center;23;blau;not attended;not attended;{'P7','P5','P9','PO3','PO7','O1','I1','POz','Oz','Iz','P8','P6','PO4','PO8','P10','O2','I2'}
6.66202686706819;3.82341503449695;-10.7926267540651;-8.01078960438069;-0.805995813861691;-0.332958325001989;27;2;[0.25 0.75] ;RDK2;center;17;orange;attended;primed;{'P7','P5','P9','PO3','PO7','O1','I1','POz','Oz','Iz','P8','P6','PO4','PO8','P10','O2','I2'}
4.68916062531968;0.629030927206596;-10.3487024478929;-5.50508375424389;-0.54128305297092;-0.0366460765918455;27;2;[0.25 0.75] ;RDK3;center;20;grün;attended;nonprimed;{'P7','P5','P9','PO3','PO7','O1','I1','POz','Oz','Iz','P8','P6','PO4','PO8','P10','O2','I2'}
4.40378730653098;1.16845522477077;0.955610004639729;74.6189301092143;0.0416846890255336;0.499309431677221;27;3;[0.25 0.75] ;RDK1;center;23;blau;attended;nonprimed;{'P7','P5','P9','PO3','PO7','O1','I1','POz','Oz','Iz','P8','P6','PO4','PO8','P10','O2','I2'}
6.21467251151935;2.77412227969364;-17.2161600192625;-27.631967720178;-1.29243577551518;-1.05923091825856;27;3;[0.25 0.75] ;RDK2;center;17;orange;not attended;not attended;{'P7','P5','P9','PO3','PO7','O1','I1','POz','Oz','Iz','P8','P6','PO4','PO8','P10','O2','I2'}
4.77125503466679;0.606813871575629;-11.8185474364011;-12.7707667643316;-0.63946898490595;-0.0888403822410835;27;3;[0.25 0.75] ;RDK3;center;20;grün;attended;primed;{'P7','P5','P9','PO3','PO7','O1','I1','POz','Oz','Iz','P8','P6','PO4','PO8','P10','O2','I2'}
4.39668770181647;0.927412918452763;-0.414183897025322;52.7115641412362;-0.0182861105888676;0.320115806627597;27;1;[0.75 1.25] ;RDK1;center;23;blau;attended;primed;{'P7','P5','P9','PO3','PO7','O1','I1','POz','Oz','Iz','P8','P6','PO4','PO8','P10','O2','I2'}
6.40201131358945;3.23260137514628;-14.5105362430604;-23.9933039486627;-1.08664405076212;-1.02044676808952;27;1;[0.75 1.25] ;RDK2;center;17;orange;attended;nonprimed;{'P7','P5','P9','PO3','PO7','O1','I1','POz','Oz','Iz','P8','P6','PO4','PO8','P10','O2','I2'}
4.80550588741561;1.23024452224846;-7.81827540631046;102.878812196638;-0.407572853079748;0.62385073034472;27;1;[0.75 1.25] ;RDK3;center;20;grün;not attended;not attended;{'P7','P5','P9','PO3','PO7','O1','I1','POz','Oz','Iz','P8','P6','PO4','PO8','P10','O2','I2'}
4.37016800733713;0.924920064831212;-2.18170624534032;6.60830654495834;-0.0974707538725568;0.0573328243930955;27;2;[0.75 1.25] ;RDK1;center;23;blau;not attended;not attended;{'P7','P5','P9','PO3','PO7','O1','I1','POz','Oz','Iz','P8','P6','PO4','PO8','P10','O2','I2'}
6.46621842837442;3.43976142597954;-13.4145850294971;-17.2412791522124;-1.00180425255547;-0.716611933519399;27;2;[0.75 1.25] ;RDK2;center;17;orange;attended;primed;{'P7','P5','P9','PO3','PO7','O1','I1','POz','Oz','Iz','P8','P6','PO4','PO8','P10','O2','I2'}
4.96666482455051;1.40284026370329;-5.04314490250463;110.738880222465;-0.263778853740088;0.737163259904849;27;2;[0.75 1.25] ;RDK3;center;20;grün;attended;nonprimed;{'P7','P5','P9','PO3','PO7','O1','I1','POz','Oz','Iz','P8','P6','PO4','PO8','P10','O2','I2'}
4.65245027024282;0.791947893157804;6.6561398985018;18.3520693594334;0.290347652737371;0.122802100064258;27;3;[0.75 1.25] ;RDK1;center;23;blau;attended;nonprimed;{'P7','P5','P9','PO3','PO7','O1','I1','POz','Oz','Iz','P8','P6','PO4','PO8','P10','O2','I2'}
6.4848977721115;3.50972293472398;-13.6165681356759;-8.44248485636825;-1.02221051492303;-0.323630263228222;27;3;[0.75 1.25] ;RDK2;center;17;orange;not attended;not attended;{'P7','P5','P9','PO3','PO7','O1','I1','POz','Oz','Iz','P8','P6','PO4','PO8','P10','O2','I2'}
4.76726732534521;1.19212167268425;-11.8922475421015;71.3669780848268;-0.643456694227537;0.496467418867538;27;3;[0.75 1.25] ;RDK3;center;20;grün;attended;primed;{'P7','P5','P9','PO3','PO7','O1','I1','POz','Oz','Iz','P8','P6','PO4','PO8','P10','O2','I2'}
4.37269654101376;0.972695764980165;-0.957588270915399;60.1680208978489;-0.0422772713915798;0.365398653154999;27;1;[1 1.5] ;RDK1;center;23;blau;attended;primed;{'P7','P5','P9','PO3','PO7','O1','I1','POz','Oz','Iz','P8','P6','PO4','PO8','P10','O2','I2'}
6.45877492481767;3.34258309667466;-13.7525415368488;-21.4073534062664;-1.02988043953391;-0.910465046561141;27;1;[1 1.5] ;RDK2;center;17;orange;attended;nonprimed;{'P7','P5','P9','PO3','PO7','O1','I1','POz','Oz','Iz','P8','P6','PO4','PO8','P10','O2','I2'}
5.079417233014;1.47599786627886;-2.56396486865001;143.405833962292;-0.133661507481364;0.869604074375122;27;1;[1 1.5] ;RDK3;center;20;grün;not attended;not attended;{'P7','P5','P9','PO3','PO7','O1','I1','POz','Oz','Iz','P8','P6','PO4','PO8','P10','O2','I2'}
4.47372741181387;1.005788133762;0.136283413445226;15.9293367724145;0.00608865060417862;0.138200893323885;27;2;[1 1.5] ;RDK1;center;23;blau;not attended;not attended;{'P7','P5','P9','PO3','PO7','O1','I1','POz','Oz','Iz','P8','P6','PO4','PO8','P10','O2','I2'}
6.4241055007434;3.21214421833465;-13.9784950419634;-22.7176208558443;-1.04391718018648;-0.944229141164285;27;2;[1 1.5] ;RDK2;center;17;orange;attended;primed;{'P7','P5','P9','PO3','PO7','O1','I1','POz','Oz','Iz','P8','P6','PO4','PO8','P10','O2','I2'}
5.0275577150319;1.57628332739232;-3.87894365636313;136.79401848011;-0.2028859632587;0.910606323593882;27;2;[1 1.5] ;RDK3;center;20;grün;attended;nonprimed;{'P7','P5','P9','PO3','PO7','O1','I1','POz','Oz','Iz','P8','P6','PO4','PO8','P10','O2','I2'}
4.51436627720276;0.866009810189316;3.49060242384642;29.4201979789253;0.152263659697313;0.196864017095771;27;3;[1 1.5] ;RDK1;center;23;blau;attended;nonprimed;{'P7','P5','P9','PO3','PO7','O1','I1','POz','Oz','Iz','P8','P6','PO4','PO8','P10','O2','I2'}
6.63030613601477;3.52847903589318;-11.6796257293114;-7.95319779617204;-0.876802151019756;-0.304874162059025;27;3;[1 1.5] ;RDK2;center;17;orange;not attended;not attended;{'P7','P5','P9','PO3','PO7','O1','I1','POz','Oz','Iz','P8','P6','PO4','PO8','P10','O2','I2'}
4.79761984337509;1.41637296511105;-11.3312779210289;103.603004989922;-0.613104176197655;0.720718711294335;27;3;[1 1.5] ;RDK3;center;20;grün;attended;primed;{'P7','P5','P9','PO3','PO7','O1','I1','POz','Oz','Iz','P8','P6','PO4','PO8','P10','O2','I2'}
4.56148526463573;0.852791169312745;3.31851237302292;40.4240449538402;0.146511452230393;0.245494057487578;27;1;[1.25 1.75] ;RDK1;center;23;blau;attended;primed;{'P7','P5','P9','PO3','PO7','O1','I1','POz','Oz','Iz','P8','P6','PO4','PO8','P10','O2','I2'}
6.47848990707915;3.32752657799699;-13.489276887826;-21.7613705292943;-1.01016545727242;-0.925521565238814;27;1;[1.25 1.75] ;RDK2;center;17;orange;attended;nonprimed;{'P7','P5','P9','PO3','PO7','O1','I1','POz','Oz','Iz','P8','P6','PO4','PO8','P10','O2','I2'}
4.81982322731708;0.837320989006245;-7.54363271215254;38.0820516611039;-0.393255513178278;0.230927197102508;27;1;[1.25 1.75] ;RDK3;center;20;grün;not attended;not attended;{'P7','P5','P9','PO3','PO7','O1','I1','POz','Oz','Iz','P8','P6','PO4','PO8','P10','O2','I2'}
4.32075025269349;0.918240384143941;-3.28783315677983;5.83839196162526;-0.1468885085162;0.0506531437058254;27;2;[1.25 1.75] ;RDK1;center;23;blau;not attended;not attended;{'P7','P5','P9','PO3','PO7','O1','I1','POz','Oz','Iz','P8','P6','PO4','PO8','P10','O2','I2'}
6.32488062802483;3.11930751800537;-15.307158290027;-24.9512195318898;-1.14314205290505;-1.03706584149356;27;2;[1.25 1.75] ;RDK2;center;17;orange;attended;primed;{'P7','P5','P9','PO3','PO7','O1','I1','POz','Oz','Iz','P8','P6','PO4','PO8','P10','O2','I2'}
4.74377266422116;0.617498604842036;-9.30458377918112;-7.23750387672899;-0.486671014069431;-0.0481783989564056;27;2;[1.25 1.75] ;RDK3;center;20;grün;attended;nonprimed;{'P7','P5','P9','PO3','PO7','O1','I1','POz','Oz','Iz','P8','P6','PO4','PO8','P10','O2','I2'}
4.35709168900192;0.871394910862273;-0.114874154574418;30.2249703810742;-0.0050109285035278;0.202249117768728;27;3;[1.25 1.75] ;RDK1;center;23;blau;attended;nonprimed;{'P7','P5','P9','PO3','PO7','O1','I1','POz','Oz','Iz','P8','P6','PO4','PO8','P10','O2','I2'}
6.39409524606903;2.994449510159;-14.8261221020053;-21.8843306231566;-1.1130130409655;-0.838903687793205;27;3;[1.25 1.75] ;RDK2;center;17;orange;not attended;not attended;{'P7','P5','P9','PO3','PO7','O1','I1','POz','Oz','Iz','P8','P6','PO4','PO8','P10','O2','I2'}
4.79659534147962;0.946053812406721;-11.3502125754627;35.9948289277596;-0.614128678093129;0.250399558590009;27;3;[1.25 1.75] ;RDK3;center;20;grün;attended;primed;{'P7','P5','P9','PO3','PO7','O1','I1','POz','Oz','Iz','P8','P6','PO4','PO8','P10','O2','I2'}
6.01761697967667;1.69709643950829;0;0;0;0;28;1;[-0.5 0] ;RDK1;center;20;grün;attended;primed;{'P7','P5','P9','PO3','PO7','O1','I1','POz','Oz','Iz','P8','P6','PO4','PO8','P10','O2','I2'}
9.64762735798348;6.44749610618229;0;0;0;0;28;1;[-0.5 0] ;RDK2;center;17;orange;attended;nonprimed;{'P7','P5','P9','PO3','PO7','O1','I1','POz','Oz','Iz','P8','P6','PO4','PO8','P10','O2','I2'}
5.03074034522561;1.79481284866506;0;0;0;0;28;1;[-0.5 0] ;RDK3;center;23;blau;not attended;not attended;{'P7','P5','P9','PO3','PO7','O1','I1','POz','Oz','Iz','P8','P6','PO4','PO8','P10','O2','I2'}
5.87331742075234;1.71566423895132;0;0;0;0;28;2;[-0.5 0] ;RDK1;center;20;grün;not attended;not attended;{'P7','P5','P9','PO3','PO7','O1','I1','POz','Oz','Iz','P8','P6','PO4','PO8','P10','O2','I2'}
9.34832834226513;6.22132455169885;0;0;0;0;28;2;[-0.5 0] ;RDK2;center;17;orange;attended;primed;{'P7','P5','P9','PO3','PO7','O1','I1','POz','Oz','Iz','P8','P6','PO4','PO8','P10','O2','I2'}
5.00640748636755;1.8951571907393;0;0;0;0;28;2;[-0.5 0] ;RDK3;center;23;blau;attended;nonprimed;{'P7','P5','P9','PO3','PO7','O1','I1','POz','Oz','Iz','P8','P6','PO4','PO8','P10','O2','I2'}
6.04465575239777;2.07497340899247;0;0;0;0;28;3;[-0.5 0] ;RDK1;center;20;grün;attended;nonprimed;{'P7','P5','P9','PO3','PO7','O1','I1','POz','Oz','Iz','P8','P6','PO4','PO8','P10','O2','I2'}
9.28656442780301;6.25137105247014;0;0;0;0;28;3;[-0.5 0] ;RDK2;center;17;orange;not attended;not attended;{'P7','P5','P9','PO3','PO7','O1','I1','POz','Oz','Iz','P8','P6','PO4','PO8','P10','O2','I2'}
4.94332574827099;1.62849518832038;0;0;0;0;28;3;[-0.5 0] ;RDK3;center;23;blau;attended;primed;{'P7','P5','P9','PO3','PO7','O1','I1','POz','Oz','Iz','P8','P6','PO4','PO8','P10','O2','I2'}
5.68678495355321;2.69509219880557;-5.49772488413239;58.8060723046732;-0.330832026123461;0.99799575929728;28;1;[0.25 0.75] ;RDK1;center;20;grün;attended;primed;{'P7','P5','P9','PO3','PO7','O1','I1','POz','Oz','Iz','P8','P6','PO4','PO8','P10','O2','I2'}
7.62931086466863;4.81019029358393;-20.9203404984821;-25.3944443801741;-2.01831649331486;-1.63730581259835;28;1;[0.25 0.75] ;RDK2;center;17;orange;attended;nonprimed;{'P7','P5','P9','PO3','PO7','O1','I1','POz','Oz','Iz','P8','P6','PO4','PO8','P10','O2','I2'}
4.69361493058874;1.96043320330559;-6.70130818730937;9.22772281041575;-0.33712541463688;0.165620354640538;28;1;[0.25 0.75] ;RDK3;center;23;blau;not attended;not attended;{'P7','P5','P9','PO3','PO7','O1','I1','POz','Oz','Iz','P8','P6','PO4','PO8','P10','O2','I2'}
5.38632748892944;1.67961464613272;-8.29156500382915;-2.1012032541195;-0.486989931822902;-0.0360495928186098;28;2;[0.25 0.75] ;RDK1;center;20;grün;not attended;not attended;{'P7','P5','P9','PO3','PO7','O1','I1','POz','Oz','Iz','P8','P6','PO4','PO8','P10','O2','I2'}
8.89331113159387;6.44076816366808;-4.8673644528944;3.52728121070798;-0.455017210671265;0.219443611969236;28;2;[0.25 0.75] ;RDK2;center;17;orange;attended;primed;{'P7','P5','P9','PO3','PO7','O1','I1','POz','Oz','Iz','P8','P6','PO4','PO8','P10','O2','I2'}
5.09506351807538;2.39191302495305;1.77085129305283;26.2118539106492;0.0886560317078331;0.496755834213749;28;2;[0.25 0.75] ;RDK3;center;23;blau;attended;nonprimed;{'P7','P5','P9','PO3','PO7','O1','I1','POz','Oz','Iz','P8','P6','PO4','PO8','P10','O2','I2'}
5.26472065567431;1.52160483045815;-12.9028869247695;-26.6687069885399;-0.779935096723462;-0.553368578534321;28;3;[0.25 0.75] ;RDK1;center;20;grün;attended;nonprimed;{'P7','P5','P9','PO3','PO7','O1','I1','POz','Oz','Iz','P8','P6','PO4','PO8','P10','O2','I2'}
7.87291471127471;4.93304632799658;-15.2225263445755;-21.0885694259445;-1.41364971652829;-1.31832472447357;28;3;[0.25 0.75] ;RDK2;center;17;orange;not attended;not attended;{'P7','P5','P9','PO3','PO7','O1','I1','POz','Oz','Iz','P8','P6','PO4','PO8','P10','O2','I2'}
5.70015570049372;3.75202812112834;15.3101371579132;130.39847756616;0.75682995222273;2.12353293280796;28;3;[0.25 0.75] ;RDK3;center;23;blau;attended;primed;{'P7','P5','P9','PO3','PO7','O1','I1','POz','Oz','Iz','P8','P6','PO4','PO8','P10','O2','I2'}
6.00761680905096;3.007911321804;-0.166181574192681;77.2386796519055;-0.0100001706257125;1.3108148822957;28;1;[0.75 1.25] ;RDK1;center;20;grün;attended;primed;{'P7','P5','P9','PO3','PO7','O1','I1','POz','Oz','Iz','P8','P6','PO4','PO8','P10','O2','I2'}
8.41479528435755;5.84398204384886;-12.7786037735564;-9.36044089665663;-1.23283207362594;-0.603514062333431;28;1;[0.75 1.25] ;RDK2;center;17;orange;attended;nonprimed;{'P7','P5','P9','PO3','PO7','O1','I1','POz','Oz','Iz','P8','P6','PO4','PO8','P10','O2','I2'}
5.22344648352576;2.81191309086338;3.83057214397931;56.6688745823733;0.19270613830014;1.01710024219832;28;1;[0.75 1.25] ;RDK3;center;23;blau;not attended;not attended;{'P7','P5','P9','PO3','PO7','O1','I1','POz','Oz','Iz','P8','P6','PO4','PO8','P10','O2','I2'}
6.21168665432822;3.73973176598009;5.7611262824024;117.975736806518;0.338369233575881;2.02406752702877;28;2;[0.75 1.25] ;RDK1;center;20;grün;not attended;not attended;{'P7','P5','P9','PO3','PO7','O1','I1','POz','Oz','Iz','P8','P6','PO4','PO8','P10','O2','I2'}
8.98308620625492;6.7605494074692;-3.9070315316045;8.66736418088183;-0.365242136010218;0.539224855770353;28;2;[0.75 1.25] ;RDK2;center;17;orange;attended;primed;{'P7','P5','P9','PO3','PO7','O1','I1','POz','Oz','Iz','P8','P6','PO4','PO8','P10','O2','I2'}
4.9193008550152;2.10065844614581;-1.73990294616534;10.8434939545224;-0.0871066313523512;0.205501255406513;28;2;[0.75 1.25] ;RDK3;center;23;blau;attended;nonprimed;{'P7','P5','P9','PO3','PO7','O1','I1','POz','Oz','Iz','P8','P6','PO4','PO8','P10','O2','I2'}
5.93283027976886;3.1156697818057;-1.84998910127431;50.1546847927343;-0.111825472628909;1.04069637281323;28;3;[0.75 1.25] ;RDK1;center;20;grün;attended;nonprimed;{'P7','P5','P9','PO3','PO7','O1','I1','POz','Oz','Iz','P8','P6','PO4','PO8','P10','O2','I2'}
9.31132223595321;7.27729477467041;0.266598141246788;16.4111794611021;0.0247578081502091;1.02592372220026;28;3;[0.75 1.25] ;RDK2;center;17;orange;not attended;not attended;{'P7','P5','P9','PO3','PO7','O1','I1','POz','Oz','Iz','P8','P6','PO4','PO8','P10','O2','I2'}
5.05610261243932;2.54709972785069;2.2813965720907;56.4081826043189;0.112776864168332;0.91860453953031;28;3;[0.75 1.25] ;RDK3;center;23;blau;attended;primed;{'P7','P5','P9','PO3','PO7','O1','I1','POz','Oz','Iz','P8','P6','PO4','PO8','P10','O2','I2'}
6.61646940913136;3.90122541960548;9.95165414278094;129.876471883696;0.598852429454683;2.20412898009719;28;1;[1 1.5] ;RDK1;center;20;grün;attended;primed;{'P7','P5','P9','PO3','PO7','O1','I1','POz','Oz','Iz','P8','P6','PO4','PO8','P10','O2','I2'}
8.33274542907784;5.68167341672457;-13.6290704451553;-11.8778309726065;-1.31488192890564;-0.765822689457716;28;1;[1 1.5] ;RDK2;center;17;orange;attended;nonprimed;{'P7','P5','P9','PO3','PO7','O1','I1','POz','Oz','Iz','P8','P6','PO4','PO8','P10','O2','I2'}
5.72218679518721;3.54440473539257;13.7444273111374;97.4804636610903;0.691446449961597;1.74959188672752;28;1;[1 1.5] ;RDK3;center;23;blau;not attended;not attended;{'P7','P5','P9','PO3','PO7','O1','I1','POz','Oz','Iz','P8','P6','PO4','PO8','P10','O2','I2'}
6.76427909799291;4.39040499669394;15.1696496786043;155.901177923806;0.89096167724057;2.67474075774262;28;2;[1 1.5] ;RDK1;center;20;grün;not attended;not attended;{'P7','P5','P9','PO3','PO7','O1','I1','POz','Oz','Iz','P8','P6','PO4','PO8','P10','O2','I2'}
8.8946825303643;6.11208926660443;-4.85269446356347;-1.75582039140832;-0.453645811900834;-0.109235285094421;28;2;[1 1.5] ;RDK2;center;17;orange;attended;primed;{'P7','P5','P9','PO3','PO7','O1','I1','POz','Oz','Iz','P8','P6','PO4','PO8','P10','O2','I2'}
5.34722995865938;2.57170363748235;6.80772536434346;35.6986982424996;0.340822472291834;0.676546446743054;28;2;[1 1.5] ;RDK3;center;23;blau;attended;nonprimed;{'P7','P5','P9','PO3','PO7','O1','I1','POz','Oz','Iz','P8','P6','PO4','PO8','P10','O2','I2'}
6.52350721747627;4.05757887223188;7.92189803180359;95.5484756887597;0.478851465078501;1.9826054632394;28;3;[1 1.5] ;RDK1;center;20;grün;attended;nonprimed;{'P7','P5','P9','PO3','PO7','O1','I1','POz','Oz','Iz','P8','P6','PO4','PO8','P10','O2','I2'}
9.19441841522493;6.82833294172632;-0.992250829620067;9.22936559697893;-0.0921460125780769;0.57696188925618;28;3;[1 1.5] ;RDK2;center;17;orange;not attended;not attended;{'P7','P5','P9','PO3','PO7','O1','I1','POz','Oz','Iz','P8','P6','PO4','PO8','P10','O2','I2'}
5.26486803719361;2.7588526622742;6.5045741530402;69.4111644947295;0.321542288922616;1.13035747395382;28;3;[1 1.5] ;RDK3;center;23;blau;attended;primed;{'P7','P5','P9','PO3','PO7','O1','I1','POz','Oz','Iz','P8','P6','PO4','PO8','P10','O2','I2'}
5.31048746238467;1.63886834667549;-11.75098913208;-3.43104207146139;-0.707129517292005;-0.0582280928328027;28;1;[1.25 1.75] ;RDK1;center;20;grün;attended;primed;{'P7','P5','P9','PO3','PO7','O1','I1','POz','Oz','Iz','P8','P6','PO4','PO8','P10','O2','I2'}
7.98918783394999;4.97152770401666;-17.190128334104;-22.8921177749976;-1.65843952403349;-1.47596840216563;28;1;[1.25 1.75] ;RDK2;center;17;orange;attended;nonprimed;{'P7','P5','P9','PO3','PO7','O1','I1','POz','Oz','Iz','P8','P6','PO4','PO8','P10','O2','I2'}
5.42717255510356;2.9794577095843;7.88019620718801;66.0038099125688;0.396432209877946;1.18464486091924;28;1;[1.25 1.75] ;RDK3;center;23;blau;not attended;not attended;{'P7','P5','P9','PO3','PO7','O1','I1','POz','Oz','Iz','P8','P6','PO4','PO8','P10','O2','I2'}
5.49306437116942;2.15301482922216;-6.47424653466471;25.4916189509296;-0.380253049582917;0.437350590270839;28;2;[1.25 1.75] ;RDK1;center;20;grün;not attended;not attended;{'P7','P5','P9','PO3','PO7','O1','I1','POz','Oz','Iz','P8','P6','PO4','PO8','P10','O2','I2'}
8.15416751404154;5.09694074748328;-12.7740573983118;-18.0730613693595;-1.1941608282236;-1.12438380421557;28;2;[1.25 1.75] ;RDK2;center;17;orange;attended;primed;{'P7','P5','P9','PO3','PO7','O1','I1','POz','Oz','Iz','P8','P6','PO4','PO8','P10','O2','I2'}
5.16781668857212;2.28518656081609;3.2240524296931;20.5803176634987;0.16140920220457;0.390029370076786;28;2;[1.25 1.75] ;RDK3;center;23;blau;attended;nonprimed;{'P7','P5','P9','PO3','PO7','O1','I1','POz','Oz','Iz','P8','P6','PO4','PO8','P10','O2','I2'}
5.45658829632927;1.72647808148311;-9.72871707102964;-16.7951707717827;-0.588067456068496;-0.348495327509367;28;3;[1.25 1.75] ;RDK1;center;20;grün;attended;nonprimed;{'P7','P5','P9','PO3','PO7','O1','I1','POz','Oz','Iz','P8','P6','PO4','PO8','P10','O2','I2'}
8.53009041833662;6.03503116331489;-8.14589739130635;-3.46067906287166;-0.756474009466388;-0.216339889155254;28;3;[1.25 1.75] ;RDK2;center;17;orange;not attended;not attended;{'P7','P5','P9','PO3','PO7','O1','I1','POz','Oz','Iz','P8','P6','PO4','PO8','P10','O2','I2'}
5.13435552778287;2.20252696643857;3.86439796282281;35.249215486491;0.191029779511879;0.57403177811819;28;3;[1.25 1.75] ;RDK3;center;23;blau;attended;primed;{'P7','P5','P9','PO3','PO7','O1','I1','POz','Oz','Iz','P8','P6','PO4','PO8','P10','O2','I2'}
