amplitude_induced;amplitude_evoked;modulation_induced;modulation_evoked;subtraction_induced;subtraction_evoked;subjects;condition;time;RDK_id;RDK_position;RDK_freq;RDK_color;RDK_isattended;RDK_isprimed;RDK_electrodes
6.97977078770081;3.35368429373832;0;0;0;0;1;1;[-0.75 0] ;RDK1;center;17;orange;attended;primed;{'P7','P5','P9','PO3','PO7','O1','I1','POz','Oz','Iz','P8','P6','PO4','PO8','P10','O2','I2'}
4.82400873667514;1.31746671102705;0;0;0;0;1;1;[-0.75 0] ;RDK2;center;20;blau;attended;nonprimed;{'P7','P5','P9','PO3','PO7','O1','I1','POz','Oz','Iz','P8','P6','PO4','PO8','P10','O2','I2'}
3.83164712746219;0.904402908325465;0;0;0;0;1;1;[-0.75 0] ;RDK3;center;23;grün;not attended;not attended;{'P7','P5','P9','PO3','PO7','O1','I1','POz','Oz','Iz','P8','P6','PO4','PO8','P10','O2','I2'}
6.75348112486067;3.53454834465527;0;0;0;0;1;2;[-0.75 0] ;RDK1;center;17;orange;not attended;not attended;{'P7','P5','P9','PO3','PO7','O1','I1','POz','Oz','Iz','P8','P6','PO4','PO8','P10','O2','I2'}
4.80630778942712;1.20931639417804;0;0;0;0;1;2;[-0.75 0] ;RDK2;center;20;blau;attended;primed;{'P7','P5','P9','PO3','PO7','O1','I1','POz','Oz','Iz','P8','P6','PO4','PO8','P10','O2','I2'}
3.64740996878611;0.568245701592972;0;0;0;0;1;2;[-0.75 0] ;RDK3;center;23;grün;attended;nonprimed;{'P7','P5','P9','PO3','PO7','O1','I1','POz','Oz','Iz','P8','P6','PO4','PO8','P10','O2','I2'}
6.90645660210519;3.71174170151016;0;0;0;0;1;3;[-0.75 0] ;RDK1;center;17;orange;attended;nonprimed;{'P7','P5','P9','PO3','PO7','O1','I1','POz','Oz','Iz','P8','P6','PO4','PO8','P10','O2','I2'}
4.79623205737291;1.2765595767293;0;0;0;0;1;3;[-0.75 0] ;RDK2;center;20;blau;not attended;not attended;{'P7','P5','P9','PO3','PO7','O1','I1','POz','Oz','Iz','P8','P6','PO4','PO8','P10','O2','I2'}
3.54609015948093;0.546132837148274;0;0;0;0;1;3;[-0.75 0] ;RDK3;center;23;grün;attended;primed;{'P7','P5','P9','PO3','PO7','O1','I1','POz','Oz','Iz','P8','P6','PO4','PO8','P10','O2','I2'}
6.11062837186442;3.57079820449536;-12.4523059893015;6.47389234467937;-0.869142415836387;0.217113910757039;1;1;[0.25 1] ;RDK1;center;17;orange;attended;primed;{'P7','P5','P9','PO3','PO7','O1','I1','POz','Oz','Iz','P8','P6','PO4','PO8','P10','O2','I2'}
4.44601384762725;1.14320153631776;-7.83570075597366;-13.2272924431952;-0.37799488904789;-0.174265174709294;1;1;[0.25 1] ;RDK2;center;20;blau;attended;nonprimed;{'P7','P5','P9','PO3','PO7','O1','I1','POz','Oz','Iz','P8','P6','PO4','PO8','P10','O2','I2'}
3.57745121614965;0.821040997070964;-6.63411589993926;-9.21734223619962;-0.254195911312535;-0.0833619112545009;1;1;[0.25 1] ;RDK3;center;23;grün;not attended;not attended;{'P7','P5','P9','PO3','PO7','O1','I1','POz','Oz','Iz','P8','P6','PO4','PO8','P10','O2','I2'}
5.62147224866427;3.2501223103493;-16.7618574075715;-8.04702628374176;-1.1320088761964;-0.284426034305969;1;2;[0.25 1] ;RDK1;center;17;orange;not attended;not attended;{'P7','P5','P9','PO3','PO7','O1','I1','POz','Oz','Iz','P8','P6','PO4','PO8','P10','O2','I2'}
4.43252094730533;1.77487938220684;-7.77700593674111;46.767164552765;-0.373786842121798;0.565562988028807;1;2;[0.25 1] ;RDK2;center;20;blau;attended;primed;{'P7','P5','P9','PO3','PO7','O1','I1','POz','Oz','Iz','P8','P6','PO4','PO8','P10','O2','I2'}
3.40758639870726;0.624868249933644;-6.57517449727949;9.96444815718649;-0.239823570078854;0.0566225483406723;1;2;[0.25 1] ;RDK3;center;23;grün;attended;nonprimed;{'P7','P5','P9','PO3','PO7','O1','I1','POz','Oz','Iz','P8','P6','PO4','PO8','P10','O2','I2'}
5.89339446050549;3.43373996369979;-14.6683342843406;-7.48979212904983;-1.0130621415997;-0.278001737810368;1;3;[0.25 1] ;RDK1;center;17;orange;attended;nonprimed;{'P7','P5','P9','PO3','PO7','O1','I1','POz','Oz','Iz','P8','P6','PO4','PO8','P10','O2','I2'}
4.41400984401617;1.48332168384375;-7.96921851954974;16.1968239386207;-0.382222213356743;0.206762107114447;1;3;[0.25 1] ;RDK2;center;20;blau;not attended;not attended;{'P7','P5','P9','PO3','PO7','O1','I1','POz','Oz','Iz','P8','P6','PO4','PO8','P10','O2','I2'}
3.47044061535624;0.688915722308116;-2.1333226376783;26.1443508699106;-0.0756495441246892;0.142782885159842;1;3;[0.25 1] ;RDK3;center;23;grün;attended;primed;{'P7','P5','P9','PO3','PO7','O1','I1','POz','Oz','Iz','P8','P6','PO4','PO8','P10','O2','I2'}
5.92821943598096;3.40069914996894;-15.0657003461032;1.40188676430877;-1.05155135171985;0.0470148562306196;1;1;[1 1.75] ;RDK1;center;17;orange;attended;primed;{'P7','P5','P9','PO3','PO7','O1','I1','POz','Oz','Iz','P8','P6','PO4','PO8','P10','O2','I2'}
4.69448166842914;2.04850783472147;-2.68505044904371;55.4883943234156;-0.129527068246004;0.731041123694424;1;1;[1 1.75] ;RDK2;center;20;blau;attended;nonprimed;{'P7','P5','P9','PO3','PO7','O1','I1','POz','Oz','Iz','P8','P6','PO4','PO8','P10','O2','I2'}
3.54306864306937;0.615625120092571;-7.53144730694309;-31.9302144624431;-0.288578484392814;-0.288777788232894;1;1;[1 1.75] ;RDK3;center;23;grün;not attended;not attended;{'P7','P5','P9','PO3','PO7','O1','I1','POz','Oz','Iz','P8','P6','PO4','PO8','P10','O2','I2'}
5.65467909989853;3.11624742201551;-16.2701576364412;-11.8346357681682;-1.09880202496214;-0.418300922639769;1;2;[1 1.75] ;RDK1;center;17;orange;not attended;not attended;{'P7','P5','P9','PO3','PO7','O1','I1','POz','Oz','Iz','P8','P6','PO4','PO8','P10','O2','I2'}
4.26934010734386;1.73616908564826;-11.1721451394454;43.5661580382631;-0.536967682083268;0.526852691470228;1;2;[1 1.75] ;RDK2;center;20;blau;attended;primed;{'P7','P5','P9','PO3','PO7','O1','I1','POz','Oz','Iz','P8','P6','PO4','PO8','P10','O2','I2'}
3.43027181215416;0.666171859494701;-5.95321497967553;17.2330661942909;-0.217138156631953;0.0979261579017294;1;2;[1 1.75] ;RDK3;center;23;grün;attended;nonprimed;{'P7','P5','P9','PO3','PO7','O1','I1','POz','Oz','Iz','P8','P6','PO4','PO8','P10','O2','I2'}
5.9478777555319;3.62227426017571;-13.8794594941942;-2.41038974500956;-0.958578846573291;-0.0894674413344441;1;3;[1 1.75] ;RDK1;center;17;orange;attended;nonprimed;{'P7','P5','P9','PO3','PO7','O1','I1','POz','Oz','Iz','P8','P6','PO4','PO8','P10','O2','I2'}
4.49403053279376;2.16802196265346;-6.30081115684539;69.8331987143276;-0.302201524579147;0.891462385924154;1;3;[1 1.75] ;RDK2;center;20;blau;not attended;not attended;{'P7','P5','P9','PO3','PO7','O1','I1','POz','Oz','Iz','P8','P6','PO4','PO8','P10','O2','I2'}
3.41371909849245;0.4041883940071;-3.73287353212302;-25.9908274115801;-0.132371060988482;-0.141944443141173;1;3;[1 1.75] ;RDK3;center;23;grün;attended;primed;{'P7','P5','P9','PO3','PO7','O1','I1','POz','Oz','Iz','P8','P6','PO4','PO8','P10','O2','I2'}
7.10264033321881;1.72456260322176;0;0;0;0;2;1;[-0.75 0] ;RDK1;center;17;grün;attended;primed;{'P7','P5','P9','PO3','PO7','O1','I1','POz','Oz','Iz','P8','P6','PO4','PO8','P10','O2','I2'}
6.38332135213446;1.60452455969957;0;0;0;0;2;1;[-0.75 0] ;RDK2;center;23;orange;attended;nonprimed;{'P7','P5','P9','PO3','PO7','O1','I1','POz','Oz','Iz','P8','P6','PO4','PO8','P10','O2','I2'}
7.36867821809933;2.79754251039406;0;0;0;0;2;1;[-0.75 0] ;RDK3;center;20;blau;not attended;not attended;{'P7','P5','P9','PO3','PO7','O1','I1','POz','Oz','Iz','P8','P6','PO4','PO8','P10','O2','I2'}
6.72738155088813;1.01576130557384;0;0;0;0;2;2;[-0.75 0] ;RDK1;center;17;grün;not attended;not attended;{'P7','P5','P9','PO3','PO7','O1','I1','POz','Oz','Iz','P8','P6','PO4','PO8','P10','O2','I2'}
5.668474620284;1.20645355355686;0;0;0;0;2;2;[-0.75 0] ;RDK2;center;23;orange;attended;primed;{'P7','P5','P9','PO3','PO7','O1','I1','POz','Oz','Iz','P8','P6','PO4','PO8','P10','O2','I2'}
7.19146718374744;2.02353837371412;0;0;0;0;2;2;[-0.75 0] ;RDK3;center;20;blau;attended;nonprimed;{'P7','P5','P9','PO3','PO7','O1','I1','POz','Oz','Iz','P8','P6','PO4','PO8','P10','O2','I2'}
6.89892390410825;1.83536057673159;0;0;0;0;2;3;[-0.75 0] ;RDK1;center;17;grün;attended;nonprimed;{'P7','P5','P9','PO3','PO7','O1','I1','POz','Oz','Iz','P8','P6','PO4','PO8','P10','O2','I2'}
5.63627387495602;1.54500077631139;0;0;0;0;2;3;[-0.75 0] ;RDK2;center;23;orange;not attended;not attended;{'P7','P5','P9','PO3','PO7','O1','I1','POz','Oz','Iz','P8','P6','PO4','PO8','P10','O2','I2'}
6.91323298027073;2.78206095058994;0;0;0;0;2;3;[-0.75 0] ;RDK3;center;20;blau;attended;primed;{'P7','P5','P9','PO3','PO7','O1','I1','POz','Oz','Iz','P8','P6','PO4','PO8','P10','O2','I2'}
6.63673068171713;1.82251615559354;-6.55966837181156;5.67990702041103;-0.465909651501685;0.0979535523717758;2;1;[0.25 1] ;RDK1;center;17;grün;attended;primed;{'P7','P5','P9','PO3','PO7','O1','I1','POz','Oz','Iz','P8','P6','PO4','PO8','P10','O2','I2'}
6.8613775046163;1.37181298866261;7.48914438283741;-14.5034595843477;0.478056152481839;-0.23271157103696;2;1;[0.25 1] ;RDK2;center;23;orange;attended;nonprimed;{'P7','P5','P9','PO3','PO7','O1','I1','POz','Oz','Iz','P8','P6','PO4','PO8','P10','O2','I2'}
7.06954444479619;2.28635399913356;-4.05953095588285;-18.27277009594;-0.299133773303139;-0.511188511260495;2;1;[0.25 1] ;RDK3;center;20;blau;not attended;not attended;{'P7','P5','P9','PO3','PO7','O1','I1','POz','Oz','Iz','P8','P6','PO4','PO8','P10','O2','I2'}
6.12702859041378;1.07572183552371;-8.92402126939112;5.90301379082325;-0.600352960474352;0.05996052994987;2;2;[0.25 1] ;RDK1;center;17;grün;not attended;not attended;{'P7','P5','P9','PO3','PO7','O1','I1','POz','Oz','Iz','P8','P6','PO4','PO8','P10','O2','I2'}
6.48857796569755;2.12824701170576;14.467796018331;76.4052172113282;0.820103345413553;0.921793458148905;2;2;[0.25 1] ;RDK2;center;23;orange;attended;primed;{'P7','P5','P9','PO3','PO7','O1','I1','POz','Oz','Iz','P8','P6','PO4','PO8','P10','O2','I2'}
6.54780079336727;2.19201570614431;-8.95041823780883;8.32587780981662;-0.643666390380169;0.168477332430188;2;2;[0.25 1] ;RDK3;center;20;blau;attended;nonprimed;{'P7','P5','P9','PO3','PO7','O1','I1','POz','Oz','Iz','P8','P6','PO4','PO8','P10','O2','I2'}
5.94563021595122;0.946954649565446;-13.8180055528565;-48.4049803852829;-0.953293688157025;-0.88840592716614;2;3;[0.25 1] ;RDK1;center;17;grün;attended;nonprimed;{'P7','P5','P9','PO3','PO7','O1','I1','POz','Oz','Iz','P8','P6','PO4','PO8','P10','O2','I2'}
6.1710608469415;1.15972862470204;9.48830705977106;-24.9366963121643;0.534786971985485;-0.385272151609352;2;3;[0.25 1] ;RDK2;center;23;orange;not attended;not attended;{'P7','P5','P9','PO3','PO7','O1','I1','POz','Oz','Iz','P8','P6','PO4','PO8','P10','O2','I2'}
7.05413559874798;3.01223029648017;2.0381581074927;8.27333944072748;0.140902618477248;0.230169345890235;2;3;[0.25 1] ;RDK3;center;20;blau;attended;primed;{'P7','P5','P9','PO3','PO7','O1','I1','POz','Oz','Iz','P8','P6','PO4','PO8','P10','O2','I2'}
6.30794748030097;1.97559104178826;-11.1886962542801;14.5560641346122;-0.794692852917839;0.251028438566497;2;1;[1 1.75] ;RDK1;center;17;grün;attended;primed;{'P7','P5','P9','PO3','PO7','O1','I1','POz','Oz','Iz','P8','P6','PO4','PO8','P10','O2','I2'}
7.01412008466764;1.75212781805528;9.88198302631666;9.19918972030862;0.630798732533175;0.14760325835571;2;1;[1 1.75] ;RDK2;center;23;orange;attended;nonprimed;{'P7','P5','P9','PO3','PO7','O1','I1','POz','Oz','Iz','P8','P6','PO4','PO8','P10','O2','I2'}
7.23593017094815;2.69407044169051;-1.80151776508729;-3.69867726117153;-0.132748047151177;-0.103472068703552;2;1;[1 1.75] ;RDK3;center;20;blau;not attended;not attended;{'P7','P5','P9','PO3','PO7','O1','I1','POz','Oz','Iz','P8','P6','PO4','PO8','P10','O2','I2'}
6.15687417552482;1.96205207961717;-8.48037785649298;93.1607424747034;-0.570507375363311;0.946290774043329;2;2;[1 1.75] ;RDK1;center;17;grün;not attended;not attended;{'P7','P5','P9','PO3','PO7','O1','I1','POz','Oz','Iz','P8','P6','PO4','PO8','P10','O2','I2'}
6.22207045447233;1.5054271229252;9.76622233091335;24.781191823499;0.553595834188332;0.298973569368345;2;2;[1 1.75] ;RDK2;center;23;orange;attended;primed;{'P7','P5','P9','PO3','PO7','O1','I1','POz','Oz','Iz','P8','P6','PO4','PO8','P10','O2','I2'}
7.20857954025269;2.37129599692056;0.237953620144671;17.1856203827824;0.0171123565052431;0.347757623206436;2;2;[1 1.75] ;RDK3;center;20;blau;attended;nonprimed;{'P7','P5','P9','PO3','PO7','O1','I1','POz','Oz','Iz','P8','P6','PO4','PO8','P10','O2','I2'}
6.3427273763251;1.67515522052799;-8.06207657185403;-8.72882191296093;-0.556196527783148;-0.160205356203593;2;3;[1 1.75] ;RDK1;center;17;grün;attended;nonprimed;{'P7','P5','P9','PO3','PO7','O1','I1','POz','Oz','Iz','P8','P6','PO4','PO8','P10','O2','I2'}
6.51097893283378;1.6465390571372;15.5192078540468;6.57205370913965;0.874705057877761;0.101538280825809;2;3;[1 1.75] ;RDK2;center;23;orange;not attended;not attended;{'P7','P5','P9','PO3','PO7','O1','I1','POz','Oz','Iz','P8','P6','PO4','PO8','P10','O2','I2'}
7.26937822410963;3.32911431034226;5.15164532795702;19.6636008149399;0.356145243838902;0.547053359752327;2;3;[1 1.75] ;RDK3;center;20;blau;attended;primed;{'P7','P5','P9','PO3','PO7','O1','I1','POz','Oz','Iz','P8','P6','PO4','PO8','P10','O2','I2'}
6.50400954889496;3.86618449343411;0;0;0;0;3;1;[-0.75 0] ;RDK1;center;23;orange;attended;primed;{'P7','P5','P9','PO3','PO7','O1','I1','POz','Oz','Iz','P8','P6','PO4','PO8','P10','O2','I2'}
11.6633711206428;7.81641164624313;0;0;0;0;3;1;[-0.75 0] ;RDK2;center;17;blau;attended;nonprimed;{'P7','P5','P9','PO3','PO7','O1','I1','POz','Oz','Iz','P8','P6','PO4','PO8','P10','O2','I2'}
6.2585653309369;2.00644426823202;0;0;0;0;3;1;[-0.75 0] ;RDK3;center;20;grün;not attended;not attended;{'P7','P5','P9','PO3','PO7','O1','I1','POz','Oz','Iz','P8','P6','PO4','PO8','P10','O2','I2'}
6.83580184522258;4.04866366971672;0;0;0;0;3;2;[-0.75 0] ;RDK1;center;23;orange;not attended;not attended;{'P7','P5','P9','PO3','PO7','O1','I1','POz','Oz','Iz','P8','P6','PO4','PO8','P10','O2','I2'}
11.3444064839393;7.16120814090401;0;0;0;0;3;2;[-0.75 0] ;RDK2;center;17;blau;attended;primed;{'P7','P5','P9','PO3','PO7','O1','I1','POz','Oz','Iz','P8','P6','PO4','PO8','P10','O2','I2'}
6.06315508579237;1.42179085294046;0;0;0;0;3;2;[-0.75 0] ;RDK3;center;20;grün;attended;nonprimed;{'P7','P5','P9','PO3','PO7','O1','I1','POz','Oz','Iz','P8','P6','PO4','PO8','P10','O2','I2'}
6.50302747903366;3.73380578609344;0;0;0;0;3;3;[-0.75 0] ;RDK1;center;23;orange;attended;nonprimed;{'P7','P5','P9','PO3','PO7','O1','I1','POz','Oz','Iz','P8','P6','PO4','PO8','P10','O2','I2'}
11.6807079552525;7.50322731344948;0;0;0;0;3;3;[-0.75 0] ;RDK2;center;17;blau;not attended;not attended;{'P7','P5','P9','PO3','PO7','O1','I1','POz','Oz','Iz','P8','P6','PO4','PO8','P10','O2','I2'}
6.01937280844779;1.38701088537728;0;0;0;0;3;3;[-0.75 0] ;RDK3;center;20;grün;attended;primed;{'P7','P5','P9','PO3','PO7','O1','I1','POz','Oz','Iz','P8','P6','PO4','PO8','P10','O2','I2'}
6.89272909250734;4.60764584336346;5.97661397465852;19.1781160777134;0.388719543612381;0.74146134992935;3;1;[0.25 1] ;RDK1;center;23;orange;attended;primed;{'P7','P5','P9','PO3','PO7','O1','I1','POz','Oz','Iz','P8','P6','PO4','PO8','P10','O2','I2'}
9.20127419432903;5.95636136991676;-21.1096508963528;-23.7967287357542;-2.46209692631372;-1.86005027632638;3;1;[0.25 1] ;RDK2;center;17;blau;attended;nonprimed;{'P7','P5','P9','PO3','PO7','O1','I1','POz','Oz','Iz','P8','P6','PO4','PO8','P10','O2','I2'}
5.09459213217999;1.36333773012075;-18.5980833818774;-32.0520508988741;-1.16397319875691;-0.643106538111268;3;1;[0.25 1] ;RDK3;center;20;grün;not attended;not attended;{'P7','P5','P9','PO3','PO7','O1','I1','POz','Oz','Iz','P8','P6','PO4','PO8','P10','O2','I2'}
5.88647301164688;3.44736982726943;-13.8876002416479;-14.8516619679935;-0.949328833575701;-0.60129384244729;3;2;[0.25 1] ;RDK1;center;23;orange;not attended;not attended;{'P7','P5','P9','PO3','PO7','O1','I1','POz','Oz','Iz','P8','P6','PO4','PO8','P10','O2','I2'}
10.1197434485768;7.30301335710206;-10.7953028401825;1.98018565314528;-1.22466303536256;0.141805216198054;3;2;[0.25 1] ;RDK2;center;17;blau;attended;primed;{'P7','P5','P9','PO3','PO7','O1','I1','POz','Oz','Iz','P8','P6','PO4','PO8','P10','O2','I2'}
5.29917849135075;1.44016271173887;-12.600314252753;1.29216324330756;-0.763976594441616;0.0183718587984056;3;2;[0.25 1] ;RDK3;center;20;grün;attended;nonprimed;{'P7','P5','P9','PO3','PO7','O1','I1','POz','Oz','Iz','P8','P6','PO4','PO8','P10','O2','I2'}
6.21266556433423;3.87030273571408;-4.46502672233182;3.65570566441964;-0.290361914699434;0.136496949620646;3;3;[0.25 1] ;RDK1;center;23;orange;attended;nonprimed;{'P7','P5','P9','PO3','PO7','O1','I1','POz','Oz','Iz','P8','P6','PO4','PO8','P10','O2','I2'}
9.01341796244971;6.02462279068399;-22.8350028356236;-19.7062472053206;-2.66728999280282;-1.47860452276549;3;3;[0.25 1] ;RDK2;center;17;blau;not attended;not attended;{'P7','P5','P9','PO3','PO7','O1','I1','POz','Oz','Iz','P8','P6','PO4','PO8','P10','O2','I2'}
5.7224812291866;2.38283971383561;-4.93226767487345;71.7967565328416;-0.296891579261192;0.995828828458333;3;3;[0.25 1] ;RDK3;center;20;grün;attended;primed;{'P7','P5','P9','PO3','PO7','O1','I1','POz','Oz','Iz','P8','P6','PO4','PO8','P10','O2','I2'}
6.38555276447831;3.84865177190142;-1.82128859938057;-0.453489003498442;-0.118456784416647;-0.0175327215326857;3;1;[1 1.75] ;RDK1;center;23;orange;attended;primed;{'P7','P5','P9','PO3','PO7','O1','I1','POz','Oz','Iz','P8','P6','PO4','PO8','P10','O2','I2'}
10.8328582237209;7.81334082842952;-7.1206933941417;-0.0392867974793765;-0.830512896921839;-0.00307081781361429;3;1;[1 1.75] ;RDK2;center;17;blau;attended;nonprimed;{'P7','P5','P9','PO3','PO7','O1','I1','POz','Oz','Iz','P8','P6','PO4','PO8','P10','O2','I2'}
5.85168841521664;2.30693987558061;-6.50112117083781;14.9765239985146;-0.406876915720254;0.300495607348589;3;1;[1 1.75] ;RDK3;center;20;grün;not attended;not attended;{'P7','P5','P9','PO3','PO7','O1','I1','POz','Oz','Iz','P8','P6','PO4','PO8','P10','O2','I2'}
6.29728789890514;3.75037173837491;-7.87784605976836;-7.36766389297737;-0.53851394631744;-0.298291931341812;3;2;[1 1.75] ;RDK1;center;23;orange;not attended;not attended;{'P7','P5','P9','PO3','PO7','O1','I1','POz','Oz','Iz','P8','P6','PO4','PO8','P10','O2','I2'}
10.0444533425758;6.63576116578072;-11.4589788650811;-7.33740682835338;-1.2999531413635;-0.525446975123288;3;2;[1 1.75] ;RDK2;center;17;blau;attended;primed;{'P7','P5','P9','PO3','PO7','O1','I1','POz','Oz','Iz','P8','P6','PO4','PO8','P10','O2','I2'}
6.43860795810751;3.28889773415225;6.19236795039158;131.320783035729;0.375452872315144;1.86710688121179;3;2;[1 1.75] ;RDK3;center;20;grün;attended;nonprimed;{'P7','P5','P9','PO3','PO7','O1','I1','POz','Oz','Iz','P8','P6','PO4','PO8','P10','O2','I2'}
7.1567286981177;4.56716816467802;10.0522598311575;22.3193820548579;0.653701219084036;0.833362378584584;3;3;[1 1.75] ;RDK1;center;23;orange;attended;nonprimed;{'P7','P5','P9','PO3','PO7','O1','I1','POz','Oz','Iz','P8','P6','PO4','PO8','P10','O2','I2'}
9.62575655501353;6.19687553174895;-17.592695649196;-17.4105318568572;-2.054951400239;-1.30635178170053;3;3;[1 1.75] ;RDK2;center;17;blau;not attended;not attended;{'P7','P5','P9','PO3','PO7','O1','I1','POz','Oz','Iz','P8','P6','PO4','PO8','P10','O2','I2'}
5.99489339120787;2.42032821894501;-0.406677207392159;74.4995835621483;-0.0244794172399185;1.03331733356774;3;3;[1 1.75] ;RDK3;center;20;grün;attended;primed;{'P7','P5','P9','PO3','PO7','O1','I1','POz','Oz','Iz','P8','P6','PO4','PO8','P10','O2','I2'}
6.35408973909611;2.892730402461;0;0;0;0;4;1;[-0.75 0] ;RDK1;center;17;grün;attended;primed;{'P7','P5','P9','PO3','PO7','O1','I1','POz','Oz','Iz','P8','P6','PO4','PO8','P10','O2','I2'}
6.97984973229974;4.40603824290215;0;0;0;0;4;1;[-0.75 0] ;RDK2;center;20;orange;attended;nonprimed;{'P7','P5','P9','PO3','PO7','O1','I1','POz','Oz','Iz','P8','P6','PO4','PO8','P10','O2','I2'}
4.54228426752047;1.3046366424717;0;0;0;0;4;1;[-0.75 0] ;RDK3;center;23;blau;not attended;not attended;{'P7','P5','P9','PO3','PO7','O1','I1','POz','Oz','Iz','P8','P6','PO4','PO8','P10','O2','I2'}
6.26642319088069;3.25799805357445;0;0;0;0;4;2;[-0.75 0] ;RDK1;center;17;grün;not attended;not attended;{'P7','P5','P9','PO3','PO7','O1','I1','POz','Oz','Iz','P8','P6','PO4','PO8','P10','O2','I2'}
7.04076293367067;4.43039243712145;0;0;0;0;4;2;[-0.75 0] ;RDK2;center;20;orange;attended;primed;{'P7','P5','P9','PO3','PO7','O1','I1','POz','Oz','Iz','P8','P6','PO4','PO8','P10','O2','I2'}
4.67062531337479;1.48487064641862;0;0;0;0;4;2;[-0.75 0] ;RDK3;center;23;blau;attended;nonprimed;{'P7','P5','P9','PO3','PO7','O1','I1','POz','Oz','Iz','P8','P6','PO4','PO8','P10','O2','I2'}
6.23190341492044;3.06874683822981;0;0;0;0;4;3;[-0.75 0] ;RDK1;center;17;grün;attended;nonprimed;{'P7','P5','P9','PO3','PO7','O1','I1','POz','Oz','Iz','P8','P6','PO4','PO8','P10','O2','I2'}
6.98324702336238;4.43698904632983;0;0;0;0;4;3;[-0.75 0] ;RDK2;center;20;orange;not attended;not attended;{'P7','P5','P9','PO3','PO7','O1','I1','POz','Oz','Iz','P8','P6','PO4','PO8','P10','O2','I2'}
4.52921896498667;1.47726221625352;0;0;0;0;4;3;[-0.75 0] ;RDK3;center;23;blau;attended;primed;{'P7','P5','P9','PO3','PO7','O1','I1','POz','Oz','Iz','P8','P6','PO4','PO8','P10','O2','I2'}
6.25716383748464;3.35973094909439;-1.52540970605263;16.1439360624857;-0.0969259016114661;0.467000546633388;4;1;[0.25 1] ;RDK1;center;17;grün;attended;primed;{'P7','P5','P9','PO3','PO7','O1','I1','POz','Oz','Iz','P8','P6','PO4','PO8','P10','O2','I2'}
6.75694024508895;4.10995155195305;-3.19361441521094;-6.72002090372401;-0.222909487210787;-0.296086690949099;4;1;[0.25 1] ;RDK2;center;20;orange;attended;nonprimed;{'P7','P5','P9','PO3','PO7','O1','I1','POz','Oz','Iz','P8','P6','PO4','PO8','P10','O2','I2'}
4.59793292235465;1.43831807091765;1.22512488335642;10.2466406426148;0.0556486548341777;0.13368142844595;4;1;[0.25 1] ;RDK3;center;23;blau;not attended;not attended;{'P7','P5','P9','PO3','PO7','O1','I1','POz','Oz','Iz','P8','P6','PO4','PO8','P10','O2','I2'}
5.7666014869828;2.60244713563523;-7.97618814869152;-20.1212802205331;-0.499821703897882;-0.655550917939228;4;2;[0.25 1] ;RDK1;center;17;grün;not attended;not attended;{'P7','P5','P9','PO3','PO7','O1','I1','POz','Oz','Iz','P8','P6','PO4','PO8','P10','O2','I2'}
6.44675735974204;4.00696973421725;-8.43666488311863;-9.55722791860196;-0.594005573928626;-0.423422702904201;4;2;[0.25 1] ;RDK2;center;20;orange;attended;primed;{'P7','P5','P9','PO3','PO7','O1','I1','POz','Oz','Iz','P8','P6','PO4','PO8','P10','O2','I2'}
4.64923761872684;1.73152136694792;-0.457919298015685;16.610923054085;-0.0213876946479488;0.246650720529292;4;2;[0.25 1] ;RDK3;center;23;blau;attended;nonprimed;{'P7','P5','P9','PO3','PO7','O1','I1','POz','Oz','Iz','P8','P6','PO4','PO8','P10','O2','I2'}
6.12456328620738;3.33493989873762;-1.72242927347157;8.6743245546236;-0.107340128713064;0.266193060507804;4;3;[0.25 1] ;RDK1;center;17;grün;attended;nonprimed;{'P7','P5','P9','PO3','PO7','O1','I1','POz','Oz','Iz','P8','P6','PO4','PO8','P10','O2','I2'}
6.12788013311533;3.61876420791333;-12.2488419410832;-18.4409929768323;-0.855366890247052;-0.818224838416501;4;3;[0.25 1] ;RDK2;center;20;orange;not attended;not attended;{'P7','P5','P9','PO3','PO7','O1','I1','POz','Oz','Iz','P8','P6','PO4','PO8','P10','O2','I2'}
4.59191164927245;1.72585485629501;1.38418311789359;16.8279292129972;0.0626926842857802;0.248592640041496;4;3;[0.25 1] ;RDK3;center;23;blau;attended;primed;{'P7','P5','P9','PO3','PO7','O1','I1','POz','Oz','Iz','P8','P6','PO4','PO8','P10','O2','I2'}
6.1958453094258;3.58710686896182;-2.49043428985029;24.0041887730038;-0.158244429670308;0.694376466500813;4;1;[1 1.75] ;RDK1;center;17;grün;attended;primed;{'P7','P5','P9','PO3','PO7','O1','I1','POz','Oz','Iz','P8','P6','PO4','PO8','P10','O2','I2'}
7.14760870092055;4.89999372009778;2.40347536200531;11.2108758472843;0.167758968620818;0.493955477195628;4;1;[1 1.75] ;RDK2;center;20;orange;attended;nonprimed;{'P7','P5','P9','PO3','PO7','O1','I1','POz','Oz','Iz','P8','P6','PO4','PO8','P10','O2','I2'}
4.69035677996156;1.59772175233558;3.25986890560508;22.4648841158272;0.148072512441091;0.293085109863885;4;1;[1 1.75] ;RDK3;center;23;blau;not attended;not attended;{'P7','P5','P9','PO3','PO7','O1','I1','POz','Oz','Iz','P8','P6','PO4','PO8','P10','O2','I2'}
5.67216861841366;2.86965433235082;-9.48315417528498;-11.9197039052116;-0.594254572467028;-0.388343721223633;4;2;[1 1.75] ;RDK1;center;17;grün;not attended;not attended;{'P7','P5','P9','PO3','PO7','O1','I1','POz','Oz','Iz','P8','P6','PO4','PO8','P10','O2','I2'}
6.73566131354457;4.53591818507441;-4.33336021962937;2.3818600598172;-0.305101620126094;0.105525747952957;4;2;[1 1.75] ;RDK2;center;20;orange;attended;primed;{'P7','P5','P9','PO3','PO7','O1','I1','POz','Oz','Iz','P8','P6','PO4','PO8','P10','O2','I2'}
4.91503149891331;1.98123888907389;5.23283648634025;33.4283827249509;0.24440618553852;0.49636824265527;4;2;[1 1.75] ;RDK3;center;23;blau;attended;nonprimed;{'P7','P5','P9','PO3','PO7','O1','I1','POz','Oz','Iz','P8','P6','PO4','PO8','P10','O2','I2'}
6.3897607542271;3.95436497863669;2.53305176278424;28.8592766719635;0.157857339306654;0.885618140406873;4;3;[1 1.75] ;RDK1;center;17;grün;attended;nonprimed;{'P7','P5','P9','PO3','PO7','O1','I1','POz','Oz','Iz','P8','P6','PO4','PO8','P10','O2','I2'}
6.45045102128076;4.08430992262396;-7.62963132048965;-7.94861380146061;-0.532796002081617;-0.352679123705868;4;3;[1 1.75] ;RDK2;center;20;orange;not attended;not attended;{'P7','P5','P9','PO3','PO7','O1','I1','POz','Oz','Iz','P8','P6','PO4','PO8','P10','O2','I2'}
4.71294009847339;1.56403305850148;4.0563535326285;5.87376034486402;0.183721133486717;0.0867708422479585;4;3;[1 1.75] ;RDK3;center;23;blau;attended;primed;{'P7','P5','P9','PO3','PO7','O1','I1','POz','Oz','Iz','P8','P6','PO4','PO8','P10','O2','I2'}
4.05721988073841;0.55445488849107;0;0;0;0;5;1;[-0.75 0] ;RDK1;center;20;blau;attended;primed;{'P7','P5','P9','PO3','PO7','O1','I1','POz','Oz','Iz','P8','P6','PO4','PO8','P10','O2','I2'}
4.02684345935804;0.429228318914164;0;0;0;0;5;1;[-0.75 0] ;RDK2;center;17;grün;attended;nonprimed;{'P7','P5','P9','PO3','PO7','O1','I1','POz','Oz','Iz','P8','P6','PO4','PO8','P10','O2','I2'}
3.78603264972635;0.659556355816207;0;0;0;0;5;1;[-0.75 0] ;RDK3;center;23;orange;not attended;not attended;{'P7','P5','P9','PO3','PO7','O1','I1','POz','Oz','Iz','P8','P6','PO4','PO8','P10','O2','I2'}
4.05735087502596;0.412136345056657;0;0;0;0;5;2;[-0.75 0] ;RDK1;center;20;blau;not attended;not attended;{'P7','P5','P9','PO3','PO7','O1','I1','POz','Oz','Iz','P8','P6','PO4','PO8','P10','O2','I2'}
4.05501643564906;0.68205607476817;0;0;0;0;5;2;[-0.75 0] ;RDK2;center;17;grün;attended;primed;{'P7','P5','P9','PO3','PO7','O1','I1','POz','Oz','Iz','P8','P6','PO4','PO8','P10','O2','I2'}
3.77569093315849;0.33822586178375;0;0;0;0;5;2;[-0.75 0] ;RDK3;center;23;orange;attended;nonprimed;{'P7','P5','P9','PO3','PO7','O1','I1','POz','Oz','Iz','P8','P6','PO4','PO8','P10','O2','I2'}
3.94275112281558;0.352872683974278;0;0;0;0;5;3;[-0.75 0] ;RDK1;center;20;blau;attended;nonprimed;{'P7','P5','P9','PO3','PO7','O1','I1','POz','Oz','Iz','P8','P6','PO4','PO8','P10','O2','I2'}
3.87891831117518;0.493592201348613;0;0;0;0;5;3;[-0.75 0] ;RDK2;center;17;grün;not attended;not attended;{'P7','P5','P9','PO3','PO7','O1','I1','POz','Oz','Iz','P8','P6','PO4','PO8','P10','O2','I2'}
3.79873382775492;0.467870804434853;0;0;0;0;5;3;[-0.75 0] ;RDK3;center;23;orange;attended;primed;{'P7','P5','P9','PO3','PO7','O1','I1','POz','Oz','Iz','P8','P6','PO4','PO8','P10','O2','I2'}
4.26727188658391;0.536179246237645;5.17723988395888;-3.29614593229782;0.210052005845498;-0.0182756422534248;5;1;[0.25 1] ;RDK1;center;20;blau;attended;primed;{'P7','P5','P9','PO3','PO7','O1','I1','POz','Oz','Iz','P8','P6','PO4','PO8','P10','O2','I2'}
3.88847879047308;0.39541211043278;-3.43605780262999;-7.87837311548554;-0.138364668884968;-0.0338162084813841;5;1;[0.25 1] ;RDK2;center;17;grün;attended;nonprimed;{'P7','P5','P9','PO3','PO7','O1','I1','POz','Oz','Iz','P8','P6','PO4','PO8','P10','O2','I2'}
3.96083253649025;0.295900701616819;4.6169672302361;-55.1364035828842;0.174799886763905;-0.363655654199388;5;1;[0.25 1] ;RDK3;center;23;orange;not attended;not attended;{'P7','P5','P9','PO3','PO7','O1','I1','POz','Oz','Iz','P8','P6','PO4','PO8','P10','O2','I2'}
4.35297584210046;0.316650837693549;7.28615730264173;-23.1684267860388;0.295624967074502;-0.095485507363108;5;2;[0.25 1] ;RDK1;center;20;blau;not attended;not attended;{'P7','P5','P9','PO3','PO7','O1','I1','POz','Oz','Iz','P8','P6','PO4','PO8','P10','O2','I2'}
3.7893735779896;0.522201642697483;-6.55096870444463;-23.4371392594108;-0.265642857659456;-0.159854432070687;5;2;[0.25 1] ;RDK2;center;17;grün;attended;primed;{'P7','P5','P9','PO3','PO7','O1','I1','POz','Oz','Iz','P8','P6','PO4','PO8','P10','O2','I2'}
4.17782772396485;0.367999266647645;10.6506808402866;8.80281735609289;0.402136790806352;0.0297734048638948;5;2;[0.25 1] ;RDK3;center;23;orange;attended;nonprimed;{'P7','P5','P9','PO3','PO7','O1','I1','POz','Oz','Iz','P8','P6','PO4','PO8','P10','O2','I2'}
4.00302134595845;0.28978550717302;1.52863371959004;-17.8781695683354;0.060270223142874;-0.0630871768012575;5;3;[0.25 1] ;RDK1;center;20;blau;attended;nonprimed;{'P7','P5','P9','PO3','PO7','O1','I1','POz','Oz','Iz','P8','P6','PO4','PO8','P10','O2','I2'}
3.92655575545125;0.404357864475088;1.22811156241245;-18.0785548535238;0.0476374442760759;-0.0892343368735249;5;3;[0.25 1] ;RDK2;center;17;grün;not attended;not attended;{'P7','P5','P9','PO3','PO7','O1','I1','POz','Oz','Iz','P8','P6','PO4','PO8','P10','O2','I2'}
4.12824360385739;0.489438826028612;8.67420016888138;4.60982420559688;0.329509776102472;0.0215680215937587;5;3;[0.25 1] ;RDK3;center;23;orange;attended;primed;{'P7','P5','P9','PO3','PO7','O1','I1','POz','Oz','Iz','P8','P6','PO4','PO8','P10','O2','I2'}
4.07424917911512;0.51945747657599;0.419728259184571;-6.31203956201457;0.0170292983767135;-0.0349974119150801;5;1;[1 1.75] ;RDK1;center;20;blau;attended;primed;{'P7','P5','P9','PO3','PO7','O1','I1','POz','Oz','Iz','P8','P6','PO4','PO8','P10','O2','I2'}
3.78576079536887;0.497568683589206;-5.98688939419583;15.9216812273536;-0.241082663989175;0.0683403646750418;5;1;[1 1.75] ;RDK2;center;17;grün;attended;nonprimed;{'P7','P5','P9','PO3','PO7','O1','I1','POz','Oz','Iz','P8','P6','PO4','PO8','P10','O2','I2'}
4.17707546372219;0.573070779645065;10.3285642300023;-13.1126893719513;0.391042813995845;-0.0864855761711414;5;1;[1 1.75] ;RDK3;center;23;orange;not attended;not attended;{'P7','P5','P9','PO3','PO7','O1','I1','POz','Oz','Iz','P8','P6','PO4','PO8','P10','O2','I2'}
4.21229598317211;0.577163242781324;3.81887376563552;40.0418210390983;0.154945108146149;0.165026897724667;5;2;[1 1.75] ;RDK1;center;20;blau;not attended;not attended;{'P7','P5','P9','PO3','PO7','O1','I1','POz','Oz','Iz','P8','P6','PO4','PO8','P10','O2','I2'}
3.8109636328339;0.510710559043679;-6.01854041008573;-25.1219103623893;-0.244052802815157;-0.171345515724491;5;2;[1 1.75] ;RDK2;center;17;grün;attended;primed;{'P7','P5','P9','PO3','PO7','O1','I1','POz','Oz','Iz','P8','P6','PO4','PO8','P10','O2','I2'}
4.21044307057135;0.533313213413522;11.5145054272005;57.6796081177564;0.434752137412852;0.195087351629772;5;2;[1 1.75] ;RDK3;center;23;orange;attended;nonprimed;{'P7','P5','P9','PO3','PO7','O1','I1','POz','Oz','Iz','P8','P6','PO4','PO8','P10','O2','I2'}
4.2330499860496;0.481201684987383;7.36285030911912;36.3669410643471;0.290298863234024;0.128329001013105;5;3;[1 1.75] ;RDK1;center;20;blau;attended;nonprimed;{'P7','P5','P9','PO3','PO7','O1','I1','POz','Oz','Iz','P8','P6','PO4','PO8','P10','O2','I2'}
3.90666537047511;0.51985917826988;0.715329818109223;5.32159480022159;0.0277470592999349;0.0262669769212671;5;3;[1 1.75] ;RDK2;center;17;grün;not attended;not attended;{'P7','P5','P9','PO3','PO7','O1','I1','POz','Oz','Iz','P8','P6','PO4','PO8','P10','O2','I2'}
4.11058675865242;0.707747850853663;8.20939147194233;51.2699326705288;0.311852930897501;0.23987704641881;5;3;[1 1.75] ;RDK3;center;23;orange;attended;primed;{'P7','P5','P9','PO3','PO7','O1','I1','POz','Oz','Iz','P8','P6','PO4','PO8','P10','O2','I2'}
7.64869139097395;1.04339605711434;0;0;0;0;6;1;[-0.75 0] ;RDK1;center;23;grün;attended;primed;{'P7','P5','P9','PO3','PO7','O1','I1','POz','Oz','Iz','P8','P6','PO4','PO8','P10','O2','I2'}
8.77559996730062;4.41887561606066;0;0;0;0;6;1;[-0.75 0] ;RDK2;center;17;orange;attended;nonprimed;{'P7','P5','P9','PO3','PO7','O1','I1','POz','Oz','Iz','P8','P6','PO4','PO8','P10','O2','I2'}
8.03734047056863;3.09180597792384;0;0;0;0;6;1;[-0.75 0] ;RDK3;center;20;blau;not attended;not attended;{'P7','P5','P9','PO3','PO7','O1','I1','POz','Oz','Iz','P8','P6','PO4','PO8','P10','O2','I2'}
7.33211839900297;1.29071946388186;0;0;0;0;6;2;[-0.75 0] ;RDK1;center;23;grün;not attended;not attended;{'P7','P5','P9','PO3','PO7','O1','I1','POz','Oz','Iz','P8','P6','PO4','PO8','P10','O2','I2'}
8.41904487221489;4.64099916721361;0;0;0;0;6;2;[-0.75 0] ;RDK2;center;17;orange;attended;primed;{'P7','P5','P9','PO3','PO7','O1','I1','POz','Oz','Iz','P8','P6','PO4','PO8','P10','O2','I2'}
8.46081007228178;2.81991164204222;0;0;0;0;6;2;[-0.75 0] ;RDK3;center;20;blau;attended;nonprimed;{'P7','P5','P9','PO3','PO7','O1','I1','POz','Oz','Iz','P8','P6','PO4','PO8','P10','O2','I2'}
6.93338406032027;1.03594597931361;0;0;0;0;6;3;[-0.75 0] ;RDK1;center;23;grün;attended;nonprimed;{'P7','P5','P9','PO3','PO7','O1','I1','POz','Oz','Iz','P8','P6','PO4','PO8','P10','O2','I2'}
8.60164485042451;4.41206528698157;0;0;0;0;6;3;[-0.75 0] ;RDK2;center;17;orange;not attended;not attended;{'P7','P5','P9','PO3','PO7','O1','I1','POz','Oz','Iz','P8','P6','PO4','PO8','P10','O2','I2'}
8.35510065544784;2.97988838631643;0;0;0;0;6;3;[-0.75 0] ;RDK3;center;20;blau;attended;primed;{'P7','P5','P9','PO3','PO7','O1','I1','POz','Oz','Iz','P8','P6','PO4','PO8','P10','O2','I2'}
6.97879150442408;2.20285818425778;-8.75835946709004;111.12387470105;-0.669899886549867;1.15946212714344;6;1;[0.25 1] ;RDK1;center;23;grün;attended;primed;{'P7','P5','P9','PO3','PO7','O1','I1','POz','Oz','Iz','P8','P6','PO4','PO8','P10','O2','I2'}
7.82586420283598;3.70203632952401;-10.8224596381275;-16.2222101009419;-0.949735764464641;-0.716839286536653;6;1;[0.25 1] ;RDK2;center;17;orange;attended;nonprimed;{'P7','P5','P9','PO3','PO7','O1','I1','POz','Oz','Iz','P8','P6','PO4','PO8','P10','O2','I2'}
7.20222885899954;2.1066659839984;-10.3903973537904;-31.8629306288801;-0.835111611569089;-0.98513999392544;6;1;[0.25 1] ;RDK3;center;20;blau;not attended;not attended;{'P7','P5','P9','PO3','PO7','O1','I1','POz','Oz','Iz','P8','P6','PO4','PO8','P10','O2','I2'}
7.4778729909146;1.64786652802612;1.98789195672899;27.6703864889531;0.145754591911627;0.357147064144255;6;2;[0.25 1] ;RDK1;center;23;grün;not attended;not attended;{'P7','P5','P9','PO3','PO7','O1','I1','POz','Oz','Iz','P8','P6','PO4','PO8','P10','O2','I2'}
8.24087918182304;4.74878485790745;-2.11622212609707;2.32246735692794;-0.178165690391852;0.107785690693833;6;2;[0.25 1] ;RDK2;center;17;orange;attended;primed;{'P7','P5','P9','PO3','PO7','O1','I1','POz','Oz','Iz','P8','P6','PO4','PO8','P10','O2','I2'}
7.38847899544832;2.18801708081189;-12.6740946513678;-22.4083106651065;-1.07233107683346;-0.631894561230328;6;2;[0.25 1] ;RDK3;center;20;blau;attended;nonprimed;{'P7','P5','P9','PO3','PO7','O1','I1','POz','Oz','Iz','P8','P6','PO4','PO8','P10','O2','I2'}
6.82718168232775;1.36221380703724;-1.53175386028755;31.4946758073047;-0.106202377992518;0.32626782772363;6;3;[0.25 1] ;RDK1;center;23;grün;attended;nonprimed;{'P7','P5','P9','PO3','PO7','O1','I1','POz','Oz','Iz','P8','P6','PO4','PO8','P10','O2','I2'}
7.49163676818571;3.67140360250732;-12.9046025677753;-16.7871877748428;-1.1100080822388;-0.740661684474254;6;3;[0.25 1] ;RDK2;center;17;orange;not attended;not attended;{'P7','P5','P9','PO3','PO7','O1','I1','POz','Oz','Iz','P8','P6','PO4','PO8','P10','O2','I2'}
7.78813673468197;3.55755098346132;-6.78584189642516;19.3853769757788;-0.566963920765873;0.577662597144891;6;3;[0.25 1] ;RDK3;center;20;blau;attended;primed;{'P7','P5','P9','PO3','PO7','O1','I1','POz','Oz','Iz','P8','P6','PO4','PO8','P10','O2','I2'}
7.12834756946132;1.40097799054368;-6.80304374845968;34.2709684391832;-0.520343821512627;0.357581933429338;6;1;[1 1.75] ;RDK1;center;23;grün;attended;primed;{'P7','P5','P9','PO3','PO7','O1','I1','POz','Oz','Iz','P8','P6','PO4','PO8','P10','O2','I2'}
8.19596735276787;4.30905687323523;-6.60504827809558;-2.48521914548334;-0.579632614532747;-0.109818742825435;6;1;[1 1.75] ;RDK2;center;17;orange;attended;nonprimed;{'P7','P5','P9','PO3','PO7','O1','I1','POz','Oz','Iz','P8','P6','PO4','PO8','P10','O2','I2'}
7.79637336083667;3.01359181301626;-2.99809508648213;-2.52972422804155;-0.240967109731958;-0.0782141649075765;6;1;[1 1.75] ;RDK3;center;20;blau;not attended;not attended;{'P7','P5','P9','PO3','PO7','O1','I1','POz','Oz','Iz','P8','P6','PO4','PO8','P10','O2','I2'}
7.24581643359154;1.02729587762604;-1.17703998646785;-20.409050427083;-0.0863019654114314;-0.263423586255825;6;2;[1 1.75] ;RDK1;center;23;grün;not attended;not attended;{'P7','P5','P9','PO3','PO7','O1','I1','POz','Oz','Iz','P8','P6','PO4','PO8','P10','O2','I2'}
8.22576775054586;4.66881668999184;-2.29571316702318;0.599386506568411;-0.193277121669027;0.0278175227782302;6;2;[1 1.75] ;RDK2;center;17;orange;attended;primed;{'P7','P5','P9','PO3','PO7','O1','I1','POz','Oz','Iz','P8','P6','PO4','PO8','P10','O2','I2'}
7.89243922298311;3.04306435611992;-6.71768831167477;7.91346476076438;-0.568370849298676;0.223152714077703;6;2;[1 1.75] ;RDK3;center;20;blau;attended;nonprimed;{'P7','P5','P9','PO3','PO7','O1','I1','POz','Oz','Iz','P8','P6','PO4','PO8','P10','O2','I2'}
7.09696331714613;1.28365179249064;2.35929894266236;23.9110743343155;0.163579256825857;0.247705813177031;6;3;[1 1.75] ;RDK1;center;23;grün;attended;nonprimed;{'P7','P5','P9','PO3','PO7','O1','I1','POz','Oz','Iz','P8','P6','PO4','PO8','P10','O2','I2'}
7.70556863077086;4.08408746352563;-10.4174984579772;-7.43365753049243;-0.896076219653652;-0.327977823455949;6;3;[1 1.75] ;RDK2;center;17;orange;not attended;not attended;{'P7','P5','P9','PO3','PO7','O1','I1','POz','Oz','Iz','P8','P6','PO4','PO8','P10','O2','I2'}
8.20223202424891;3.62550625488229;-1.82964439930785;21.6658406244518;-0.152868631198935;0.645617868565866;6;3;[1 1.75] ;RDK3;center;20;blau;attended;primed;{'P7','P5','P9','PO3','PO7','O1','I1','POz','Oz','Iz','P8','P6','PO4','PO8','P10','O2','I2'}
5.51861955677222;2.1263862856373;0;0;0;0;7;1;[-0.75 0] ;RDK1;center;20;blau;attended;primed;{'P7','P5','P9','PO3','PO7','O1','I1','POz','Oz','Iz','P8','P6','PO4','PO8','P10','O2','I2'}
12.2913820991689;9.75866416676551;0;0;0;0;7;1;[-0.75 0] ;RDK2;center;17;orange;attended;nonprimed;{'P7','P5','P9','PO3','PO7','O1','I1','POz','Oz','Iz','P8','P6','PO4','PO8','P10','O2','I2'}
4.19876144914066;1.48286300398645;0;0;0;0;7;1;[-0.75 0] ;RDK3;center;23;grün;not attended;not attended;{'P7','P5','P9','PO3','PO7','O1','I1','POz','Oz','Iz','P8','P6','PO4','PO8','P10','O2','I2'}
6.01023925267733;2.19126169929677;0;0;0;0;7;2;[-0.75 0] ;RDK1;center;20;blau;not attended;not attended;{'P7','P5','P9','PO3','PO7','O1','I1','POz','Oz','Iz','P8','P6','PO4','PO8','P10','O2','I2'}
12.6772493280437;9.82879887339216;0;0;0;0;7;2;[-0.75 0] ;RDK2;center;17;orange;attended;primed;{'P7','P5','P9','PO3','PO7','O1','I1','POz','Oz','Iz','P8','P6','PO4','PO8','P10','O2','I2'}
4.37949877410992;1.71196222008623;0;0;0;0;7;2;[-0.75 0] ;RDK3;center;23;grün;attended;nonprimed;{'P7','P5','P9','PO3','PO7','O1','I1','POz','Oz','Iz','P8','P6','PO4','PO8','P10','O2','I2'}
6.0201349517339;2.58521610687221;0;0;0;0;7;3;[-0.75 0] ;RDK1;center;20;blau;attended;nonprimed;{'P7','P5','P9','PO3','PO7','O1','I1','POz','Oz','Iz','P8','P6','PO4','PO8','P10','O2','I2'}
12.6979327093962;9.89521369243639;0;0;0;0;7;3;[-0.75 0] ;RDK2;center;17;orange;not attended;not attended;{'P7','P5','P9','PO3','PO7','O1','I1','POz','Oz','Iz','P8','P6','PO4','PO8','P10','O2','I2'}
4.43943185072679;1.4220039187783;0;0;0;0;7;3;[-0.75 0] ;RDK3;center;23;grün;attended;primed;{'P7','P5','P9','PO3','PO7','O1','I1','POz','Oz','Iz','P8','P6','PO4','PO8','P10','O2','I2'}
5.52548538074234;2.23307225647555;0.124411982009098;5.01724317725643;0.00686582397012181;0.106685970838253;7;1;[0.25 1] ;RDK1;center;20;blau;attended;primed;{'P7','P5','P9','PO3','PO7','O1','I1','POz','Oz','Iz','P8','P6','PO4','PO8','P10','O2','I2'}
10.8082521360924;8.93544284143059;-12.0664214252747;-8.435799319117;-1.48312996307649;-0.82322132533492;7;1;[0.25 1] ;RDK2;center;17;orange;attended;nonprimed;{'P7','P5','P9','PO3','PO7','O1','I1','POz','Oz','Iz','P8','P6','PO4','PO8','P10','O2','I2'}
4.10824885735145;1.19287019900607;-2.15569740947621;-19.5562775658159;-0.0905125917892109;-0.289992804980386;7;1;[0.25 1] ;RDK3;center;23;grün;not attended;not attended;{'P7','P5','P9','PO3','PO7','O1','I1','POz','Oz','Iz','P8','P6','PO4','PO8','P10','O2','I2'}
5.44444592182453;1.84944807350366;-9.41382376085549;-15.5989412813088;-0.565793330852802;-0.341813625793112;7;2;[0.25 1] ;RDK1;center;20;blau;not attended;not attended;{'P7','P5','P9','PO3','PO7','O1','I1','POz','Oz','Iz','P8','P6','PO4','PO8','P10','O2','I2'}
11.4705823190611;9.62124967898718;-9.51836615150596;-2.11164351899441;-1.20666700898253;-0.207549194404981;7;2;[0.25 1] ;RDK2;center;17;orange;attended;primed;{'P7','P5','P9','PO3','PO7','O1','I1','POz','Oz','Iz','P8','P6','PO4','PO8','P10','O2','I2'}
4.22341196029974;1.35786228650566;-3.56403373675809;-20.6838637807521;-0.156086813810185;-0.354099933580575;7;2;[0.25 1] ;RDK3;center;23;grün;attended;nonprimed;{'P7','P5','P9','PO3','PO7','O1','I1','POz','Oz','Iz','P8','P6','PO4','PO8','P10','O2','I2'}
5.84220318556911;2.54555392966551;-2.95561092220269;-1.53419194245583;-0.177931766164789;-0.0396621772067038;7;3;[0.25 1] ;RDK1;center;20;blau;attended;nonprimed;{'P7','P5','P9','PO3','PO7','O1','I1','POz','Oz','Iz','P8','P6','PO4','PO8','P10','O2','I2'}
9.45535911801714;7.40209127389468;-25.5362322796024;-25.195235757742;-3.24257359137902;-2.49312241854171;7;3;[0.25 1] ;RDK2;center;17;orange;not attended;not attended;{'P7','P5','P9','PO3','PO7','O1','I1','POz','Oz','Iz','P8','P6','PO4','PO8','P10','O2','I2'}
4.28544966343841;1.64683636308256;-3.46851111732169;15.8109581369802;-0.153982187288379;0.224832444304255;7;3;[0.25 1] ;RDK3;center;23;grün;attended;primed;{'P7','P5','P9','PO3','PO7','O1','I1','POz','Oz','Iz','P8','P6','PO4','PO8','P10','O2','I2'}
6.23377126050751;3.85090788349307;12.9588875692233;81.1010496777595;0.715151703735283;1.72452159785577;7;1;[1 1.75] ;RDK1;center;20;blau;attended;primed;{'P7','P5','P9','PO3','PO7','O1','I1','POz','Oz','Iz','P8','P6','PO4','PO8','P10','O2','I2'}
11.4414158191077;9.73269073564003;-6.91513999974559;-0.26615764905551;-0.849966280061196;-0.025973431125486;7;1;[1 1.75] ;RDK2;center;17;orange;attended;nonprimed;{'P7','P5','P9','PO3','PO7','O1','I1','POz','Oz','Iz','P8','P6','PO4','PO8','P10','O2','I2'}
3.93550719610706;0.872757941518164;-6.26980732824148;-41.1437240546236;-0.263254253033599;-0.610105062468289;7;1;[1 1.75] ;RDK3;center;23;grün;not attended;not attended;{'P7','P5','P9','PO3','PO7','O1','I1','POz','Oz','Iz','P8','P6','PO4','PO8','P10','O2','I2'}
6.38819125011496;3.47988973321958;6.28846842110762;58.8075826057819;0.377951997437628;1.28862803392281;7;2;[1 1.75] ;RDK1;center;20;blau;not attended;not attended;{'P7','P5','P9','PO3','PO7','O1','I1','POz','Oz','Iz','P8','P6','PO4','PO8','P10','O2','I2'}
10.8189736448262;8.90569074229417;-14.6583508388269;-9.3918712040895;-1.85827568321746;-0.923108131097992;7;2;[1 1.75] ;RDK2;center;17;orange;attended;primed;{'P7','P5','P9','PO3','PO7','O1','I1','POz','Oz','Iz','P8','P6','PO4','PO8','P10','O2','I2'}
4.28270432312564;0.940231105118855;-2.21017189356227;-45.0787468270476;-0.096794450984282;-0.771731114967376;7;2;[1 1.75] ;RDK3;center;23;grün;attended;nonprimed;{'P7','P5','P9','PO3','PO7','O1','I1','POz','Oz','Iz','P8','P6','PO4','PO8','P10','O2','I2'}
6.55076239982881;3.87629073885232;8.81421184656477;49.9406849798;0.530627448094916;1.2910746319801;7;3;[1 1.75] ;RDK1;center;20;blau;attended;nonprimed;{'P7','P5','P9','PO3','PO7','O1','I1','POz','Oz','Iz','P8','P6','PO4','PO8','P10','O2','I2'}
9.94376924135027;8.16418759963092;-21.6898571687018;-17.4935695843397;-2.75416346804589;-1.73102609280547;7;3;[1 1.75] ;RDK2;center;17;orange;not attended;not attended;{'P7','P5','P9','PO3','PO7','O1','I1','POz','Oz','Iz','P8','P6','PO4','PO8','P10','O2','I2'}
4.10125630581541;1.08648381973891;-7.61754107918148;-23.5948786503805;-0.33817554491138;-0.335520099039396;7;3;[1 1.75] ;RDK3;center;23;grün;attended;primed;{'P7','P5','P9','PO3','PO7','O1','I1','POz','Oz','Iz','P8','P6','PO4','PO8','P10','O2','I2'}
5.64549392380865;1.41723813817782;0;0;0;0;8;1;[-0.75 0] ;RDK1;center;20;grün;attended;primed;{'P7','P5','P9','PO3','PO7','O1','I1','POz','Oz','Iz','P8','P6','PO4','PO8','P10','O2','I2'}
5.20796992228581;1.948425882812;0;0;0;0;8;1;[-0.75 0] ;RDK2;center;23;blau;attended;nonprimed;{'P7','P5','P9','PO3','PO7','O1','I1','POz','Oz','Iz','P8','P6','PO4','PO8','P10','O2','I2'}
10.066193630253;6.60540963891405;0;0;0;0;8;1;[-0.75 0] ;RDK3;center;17;orange;not attended;not attended;{'P7','P5','P9','PO3','PO7','O1','I1','POz','Oz','Iz','P8','P6','PO4','PO8','P10','O2','I2'}
5.8911926843462;1.39834190426369;0;0;0;0;8;2;[-0.75 0] ;RDK1;center;20;grün;not attended;not attended;{'P7','P5','P9','PO3','PO7','O1','I1','POz','Oz','Iz','P8','P6','PO4','PO8','P10','O2','I2'}
5.31023018608266;1.93162687129564;0;0;0;0;8;2;[-0.75 0] ;RDK2;center;23;blau;attended;primed;{'P7','P5','P9','PO3','PO7','O1','I1','POz','Oz','Iz','P8','P6','PO4','PO8','P10','O2','I2'}
10.0928361642415;6.3420882626896;0;0;0;0;8;2;[-0.75 0] ;RDK3;center;17;orange;attended;nonprimed;{'P7','P5','P9','PO3','PO7','O1','I1','POz','Oz','Iz','P8','P6','PO4','PO8','P10','O2','I2'}
5.70087510967686;1.40218055159764;0;0;0;0;8;3;[-0.75 0] ;RDK1;center;20;grün;attended;nonprimed;{'P7','P5','P9','PO3','PO7','O1','I1','POz','Oz','Iz','P8','P6','PO4','PO8','P10','O2','I2'}
5.14592648631307;1.908210283828;0;0;0;0;8;3;[-0.75 0] ;RDK2;center;23;blau;not attended;not attended;{'P7','P5','P9','PO3','PO7','O1','I1','POz','Oz','Iz','P8','P6','PO4','PO8','P10','O2','I2'}
10.1164507304921;6.81532331289749;0;0;0;0;8;3;[-0.75 0] ;RDK3;center;17;orange;attended;primed;{'P7','P5','P9','PO3','PO7','O1','I1','POz','Oz','Iz','P8','P6','PO4','PO8','P10','O2','I2'}
6.04021277147181;2.3148387104138;6.99175046488869;63.3344917876719;0.394718847663154;0.897600572235983;8;1;[0.25 1] ;RDK1;center;20;grün;attended;primed;{'P7','P5','P9','PO3','PO7','O1','I1','POz','Oz','Iz','P8','P6','PO4','PO8','P10','O2','I2'}
4.93303684195782;1.79862374363981;-5.27908348993163;-7.6883673376372;-0.274933080327996;-0.149802139172187;8;1;[0.25 1] ;RDK2;center;23;blau;attended;nonprimed;{'P7','P5','P9','PO3','PO7','O1','I1','POz','Oz','Iz','P8','P6','PO4','PO8','P10','O2','I2'}
9.06816578990194;5.19441885430349;-9.9146497376288;-21.3611397588134;-0.998027840351089;-1.41099078461056;8;1;[0.25 1] ;RDK3;center;17;orange;not attended;not attended;{'P7','P5','P9','PO3','PO7','O1','I1','POz','Oz','Iz','P8','P6','PO4','PO8','P10','O2','I2'}
5.584561043735;1.07188154851419;-5.20491616962315;-23.3462470626165;-0.306631640611191;-0.326460355749497;8;2;[0.25 1] ;RDK1;center;20;grün;not attended;not attended;{'P7','P5','P9','PO3','PO7','O1','I1','POz','Oz','Iz','P8','P6','PO4','PO8','P10','O2','I2'}
5.88821774262648;3.08126357925963;10.8844162360164;59.516500057429;0.577987556543825;1.14963670796399;8;2;[0.25 1] ;RDK2;center;23;blau;attended;primed;{'P7','P5','P9','PO3','PO7','O1','I1','POz','Oz','Iz','P8','P6','PO4','PO8','P10','O2','I2'}
9.01622365934277;5.24600853315845;-10.6670958230065;-17.2826312742975;-1.07661250489869;-1.09607972953115;8;2;[0.25 1] ;RDK3;center;17;orange;attended;nonprimed;{'P7','P5','P9','PO3','PO7','O1','I1','POz','Oz','Iz','P8','P6','PO4','PO8','P10','O2','I2'}
5.38698187349069;1.09593222833057;-5.5060535469959;-21.8408622853973;-0.313893236186169;-0.306248323267065;8;3;[0.25 1] ;RDK1;center;20;grün;attended;nonprimed;{'P7','P5','P9','PO3','PO7','O1','I1','POz','Oz','Iz','P8','P6','PO4','PO8','P10','O2','I2'}
4.91743564713595;1.81094958987171;-4.44022742619542;-5.09695890335383;-0.228490839177128;-0.0972606939562846;8;3;[0.25 1] ;RDK2;center;23;blau;not attended;not attended;{'P7','P5','P9','PO3','PO7','O1','I1','POz','Oz','Iz','P8','P6','PO4','PO8','P10','O2','I2'}
11.0956045707426;8.19930139224454;9.67882774636841;20.3068587623418;0.979153840250559;1.38397807934705;8;3;[0.25 1] ;RDK3;center;17;orange;attended;primed;{'P7','P5','P9','PO3','PO7','O1','I1','POz','Oz','Iz','P8','P6','PO4','PO8','P10','O2','I2'}
5.54814140397499;2.26206603214752;-1.72442874171028;59.6108636376325;-0.097352519833664;0.8448278939697;8;1;[1 1.75] ;RDK1;center;20;grün;attended;primed;{'P7','P5','P9','PO3','PO7','O1','I1','POz','Oz','Iz','P8','P6','PO4','PO8','P10','O2','I2'}
5.37689024506651;1.97096519799254;3.24349651210265;1.15679612857598;0.168920322780695;0.0225393151805413;8;1;[1 1.75] ;RDK2;center;23;blau;attended;nonprimed;{'P7','P5','P9','PO3','PO7','O1','I1','POz','Oz','Iz','P8','P6','PO4','PO8','P10','O2','I2'}
9.46430692413813;5.86488998152012;-5.9792879833543;-11.2108059586698;-0.601886706114895;-0.740519657393926;8;1;[1 1.75] ;RDK3;center;17;orange;not attended;not attended;{'P7','P5','P9','PO3','PO7','O1','I1','POz','Oz','Iz','P8','P6','PO4','PO8','P10','O2','I2'}
5.60377907860872;1.9381965749404;-4.87869980048646;38.6067719940765;-0.287413605737471;0.53985467067671;8;2;[1 1.75] ;RDK1;center;20;grün;not attended;not attended;{'P7','P5','P9','PO3','PO7','O1','I1','POz','Oz','Iz','P8','P6','PO4','PO8','P10','O2','I2'}
5.20225612718056;1.94062081963768;-2.03332162860069;0.465615201138792;-0.107974058902101;0.00899394834203426;8;2;[1 1.75] ;RDK2;center;23;blau;attended;primed;{'P7','P5','P9','PO3','PO7','O1','I1','POz','Oz','Iz','P8','P6','PO4','PO8','P10','O2','I2'}
9.94343832499301;6.51587826526003;-1.48023644511105;2.74026464741646;-0.149397839248451;0.173790002570432;8;2;[1 1.75] ;RDK3;center;17;orange;attended;nonprimed;{'P7','P5','P9','PO3','PO7','O1','I1','POz','Oz','Iz','P8','P6','PO4','PO8','P10','O2','I2'}
5.79535390672641;2.57358659176805;1.65726831814246;83.5417406721065;0.0944787970495442;1.17140604017041;8;3;[1 1.75] ;RDK1;center;20;grün;attended;nonprimed;{'P7','P5','P9','PO3','PO7','O1','I1','POz','Oz','Iz','P8','P6','PO4','PO8','P10','O2','I2'}
4.97452235437626;1.44129474016067;-3.33087020175483;-24.468767809524;-0.171404131936812;-0.466915543667332;8;3;[1 1.75] ;RDK2;center;23;blau;not attended;not attended;{'P7','P5','P9','PO3','PO7','O1','I1','POz','Oz','Iz','P8','P6','PO4','PO8','P10','O2','I2'}
10.3790449945096;7.31182772109951;2.5957153453634;7.2851189210998;0.26259426401751;0.49650440820202;8;3;[1 1.75] ;RDK3;center;17;orange;attended;primed;{'P7','P5','P9','PO3','PO7','O1','I1','POz','Oz','Iz','P8','P6','PO4','PO8','P10','O2','I2'}
4.58791977355922;1.60441233372796;0;0;0;0;9;1;[-0.75 0] ;RDK1;center;23;blau;attended;primed;{'P7','P5','P9','PO3','PO7','O1','I1','POz','Oz','Iz','P8','P6','PO4','PO8','P10','O2','I2'}
6.06636870500729;2.52524531211249;0;0;0;0;9;1;[-0.75 0] ;RDK2;center;17;orange;attended;nonprimed;{'P7','P5','P9','PO3','PO7','O1','I1','POz','Oz','Iz','P8','P6','PO4','PO8','P10','O2','I2'}
5.03820764640877;1.15712750357116;0;0;0;0;9;1;[-0.75 0] ;RDK3;center;20;grün;not attended;not attended;{'P7','P5','P9','PO3','PO7','O1','I1','POz','Oz','Iz','P8','P6','PO4','PO8','P10','O2','I2'}
4.60606234753294;1.57389092809053;0;0;0;0;9;2;[-0.75 0] ;RDK1;center;23;blau;not attended;not attended;{'P7','P5','P9','PO3','PO7','O1','I1','POz','Oz','Iz','P8','P6','PO4','PO8','P10','O2','I2'}
5.88132766145387;2.79187626293881;0;0;0;0;9;2;[-0.75 0] ;RDK2;center;17;orange;attended;primed;{'P7','P5','P9','PO3','PO7','O1','I1','POz','Oz','Iz','P8','P6','PO4','PO8','P10','O2','I2'}
5.3762760572304;1.04458009279691;0;0;0;0;9;2;[-0.75 0] ;RDK3;center;20;grün;attended;nonprimed;{'P7','P5','P9','PO3','PO7','O1','I1','POz','Oz','Iz','P8','P6','PO4','PO8','P10','O2','I2'}
4.5892102448649;1.49676750492456;0;0;0;0;9;3;[-0.75 0] ;RDK1;center;23;blau;attended;nonprimed;{'P7','P5','P9','PO3','PO7','O1','I1','POz','Oz','Iz','P8','P6','PO4','PO8','P10','O2','I2'}
6.14238649363971;2.417960917653;0;0;0;0;9;3;[-0.75 0] ;RDK2;center;17;orange;not attended;not attended;{'P7','P5','P9','PO3','PO7','O1','I1','POz','Oz','Iz','P8','P6','PO4','PO8','P10','O2','I2'}
5.29631306035486;1.30776365809311;0;0;0;0;9;3;[-0.75 0] ;RDK3;center;20;grün;attended;primed;{'P7','P5','P9','PO3','PO7','O1','I1','POz','Oz','Iz','P8','P6','PO4','PO8','P10','O2','I2'}
4.95809549443862;2.1017319562748;8.06848722623192;30.9969957281046;0.370175720879395;0.497319622546839;9;1;[0.25 1] ;RDK1;center;23;blau;attended;primed;{'P7','P5','P9','PO3','PO7','O1','I1','POz','Oz','Iz','P8','P6','PO4','PO8','P10','O2','I2'}
5.29757674139549;2.02343269333041;-12.6730174342555;-19.8718364657526;-0.768791963611792;-0.501812618782078;9;1;[0.25 1] ;RDK2;center;17;orange;attended;nonprimed;{'P7','P5','P9','PO3','PO7','O1','I1','POz','Oz','Iz','P8','P6','PO4','PO8','P10','O2','I2'}
5.60394649699802;0.906327644691748;11.2289705048681;-21.6743494649803;0.565738850589251;-0.250799858879416;9;1;[0.25 1] ;RDK3;center;20;grün;not attended;not attended;{'P7','P5','P9','PO3','PO7','O1','I1','POz','Oz','Iz','P8','P6','PO4','PO8','P10','O2','I2'}
4.4646470395688;1.05046412952211;-3.07019960422115;-33.2568661033871;-0.141415307964135;-0.523426798568423;9;2;[0.25 1] ;RDK1;center;23;blau;not attended;not attended;{'P7','P5','P9','PO3','PO7','O1','I1','POz','Oz','Iz','P8','P6','PO4','PO8','P10','O2','I2'}
6.09047463360955;3.1229086936245;3.55611834937246;11.856987900217;0.209146972155679;0.331032430685686;9;2;[0.25 1] ;RDK2;center;17;orange;attended;primed;{'P7','P5','P9','PO3','PO7','O1','I1','POz','Oz','Iz','P8','P6','PO4','PO8','P10','O2','I2'}
5.78540578363168;0.955223036972106;7.6099092019476;-8.55435178604147;0.409129726401281;-0.0893570558248064;9;2;[0.25 1] ;RDK3;center;20;grün;attended;nonprimed;{'P7','P5','P9','PO3','PO7','O1','I1','POz','Oz','Iz','P8','P6','PO4','PO8','P10','O2','I2'}
4.53547069929304;1.29164364704719;-1.17099768161614;-13.7044569181579;-0.0537395455718581;-0.205123857877373;9;3;[0.25 1] ;RDK1;center;23;blau;attended;nonprimed;{'P7','P5','P9','PO3','PO7','O1','I1','POz','Oz','Iz','P8','P6','PO4','PO8','P10','O2','I2'}
5.735469866662;2.19469383864651;-6.62473172925633;-9.23369262821697;-0.406916626977705;-0.223267079006493;9;3;[0.25 1] ;RDK2;center;17;orange;not attended;not attended;{'P7','P5','P9','PO3','PO7','O1','I1','POz','Oz','Iz','P8','P6','PO4','PO8','P10','O2','I2'}
5.87204815899085;1.44892936580861;10.8704884336541;10.7944357408841;0.575735098635988;0.141165707715496;9;3;[0.25 1] ;RDK3;center;20;grün;attended;primed;{'P7','P5','P9','PO3','PO7','O1','I1','POz','Oz','Iz','P8','P6','PO4','PO8','P10','O2','I2'}
4.86402975164388;1.41943469319948;6.0181954286975;-11.5293080612685;0.276109978084651;-0.184977640528485;9;1;[1 1.75] ;RDK1;center;23;blau;attended;primed;{'P7','P5','P9','PO3','PO7','O1','I1','POz','Oz','Iz','P8','P6','PO4','PO8','P10','O2','I2'}
5.80230677936951;2.36245779942603;-4.35288289384412;-6.44640391591413;-0.264061925637775;-0.162787512686458;9;1;[1 1.75] ;RDK2;center;17;orange;attended;nonprimed;{'P7','P5','P9','PO3','PO7','O1','I1','POz','Oz','Iz','P8','P6','PO4','PO8','P10','O2','I2'}
5.93576785665831;1.42775218249446;17.8150698272494;23.3876282508269;0.897560210249543;0.270624678923298;9;1;[1 1.75] ;RDK3;center;20;grün;not attended;not attended;{'P7','P5','P9','PO3','PO7','O1','I1','POz','Oz','Iz','P8','P6','PO4','PO8','P10','O2','I2'}
5.00323704572824;1.24149241571513;8.6228684769766;-21.1195392541384;0.397174698195306;-0.332398512375402;9;2;[1 1.75] ;RDK1;center;23;blau;not attended;not attended;{'P7','P5','P9','PO3','PO7','O1','I1','POz','Oz','Iz','P8','P6','PO4','PO8','P10','O2','I2'}
5.95367981082174;2.49385640308328;1.23020096027071;-10.6745368271381;0.0723521493678723;-0.298019859855531;9;2;[1 1.75] ;RDK2;center;17;orange;attended;primed;{'P7','P5','P9','PO3','PO7','O1','I1','POz','Oz','Iz','P8','P6','PO4','PO8','P10','O2','I2'}
6.11803771899297;1.33429529318982;13.7969414863843;27.7350872748477;0.741761661762565;0.289715200392908;9;2;[1 1.75] ;RDK3;center;20;grün;attended;nonprimed;{'P7','P5','P9','PO3','PO7','O1','I1','POz','Oz','Iz','P8','P6','PO4','PO8','P10','O2','I2'}
4.84758717873517;1.51697779915451;5.63009581353096;1.35026276047931;0.258376933870273;0.0202102942299518;9;3;[1 1.75] ;RDK1;center;23;blau;attended;nonprimed;{'P7','P5','P9','PO3','PO7','O1','I1','POz','Oz','Iz','P8','P6','PO4','PO8','P10','O2','I2'}
5.79185434164505;2.70677911480088;-5.70677459579644;11.9447008030312;-0.350532151994662;0.288818197147878;9;3;[1 1.75] ;RDK2;center;17;orange;not attended;not attended;{'P7','P5','P9','PO3','PO7','O1','I1','POz','Oz','Iz','P8','P6','PO4','PO8','P10','O2','I2'}
6.11015075687909;1.72002298044403;15.3661176605315;31.523992871315;0.813837696524227;0.412259322350921;9;3;[1 1.75] ;RDK3;center;20;grün;attended;primed;{'P7','P5','P9','PO3','PO7','O1','I1','POz','Oz','Iz','P8','P6','PO4','PO8','P10','O2','I2'}
5.38468385821554;0.824063021116532;0;0;0;0;10;1;[-0.75 0] ;RDK1;center;23;grün;attended;primed;{'P7','P5','P9','PO3','PO7','O1','I1','POz','Oz','Iz','P8','P6','PO4','PO8','P10','O2','I2'}
8.27929900890022;3.52446081061169;0;0;0;0;10;1;[-0.75 0] ;RDK2;center;20;orange;attended;nonprimed;{'P7','P5','P9','PO3','PO7','O1','I1','POz','Oz','Iz','P8','P6','PO4','PO8','P10','O2','I2'}
11.5892199801104;3.47900592390768;0;0;0;0;10;1;[-0.75 0] ;RDK3;center;17;blau;not attended;not attended;{'P7','P5','P9','PO3','PO7','O1','I1','POz','Oz','Iz','P8','P6','PO4','PO8','P10','O2','I2'}
5.34580969486841;0.877509519862373;0;0;0;0;10;2;[-0.75 0] ;RDK1;center;23;grün;not attended;not attended;{'P7','P5','P9','PO3','PO7','O1','I1','POz','Oz','Iz','P8','P6','PO4','PO8','P10','O2','I2'}
7.84469060552606;2.90516231354006;0;0;0;0;10;2;[-0.75 0] ;RDK2;center;20;orange;attended;primed;{'P7','P5','P9','PO3','PO7','O1','I1','POz','Oz','Iz','P8','P6','PO4','PO8','P10','O2','I2'}
11.6087223307579;3.82004536762496;0;0;0;0;10;2;[-0.75 0] ;RDK3;center;17;blau;attended;nonprimed;{'P7','P5','P9','PO3','PO7','O1','I1','POz','Oz','Iz','P8','P6','PO4','PO8','P10','O2','I2'}
5.4430209231053;0.670459319563473;0;0;0;0;10;3;[-0.75 0] ;RDK1;center;23;grün;attended;nonprimed;{'P7','P5','P9','PO3','PO7','O1','I1','POz','Oz','Iz','P8','P6','PO4','PO8','P10','O2','I2'}
8.00841509055228;3.71183169103855;0;0;0;0;10;3;[-0.75 0] ;RDK2;center;20;orange;not attended;not attended;{'P7','P5','P9','PO3','PO7','O1','I1','POz','Oz','Iz','P8','P6','PO4','PO8','P10','O2','I2'}
11.3027721400714;4.06403419928313;0;0;0;0;10;3;[-0.75 0] ;RDK3;center;17;blau;attended;primed;{'P7','P5','P9','PO3','PO7','O1','I1','POz','Oz','Iz','P8','P6','PO4','PO8','P10','O2','I2'}
5.44023393182194;1.08071056156676;1.03163110535527;31.1441642051231;0.0555500736063959;0.256647540450231;10;1;[0.25 1] ;RDK1;center;23;grün;attended;primed;{'P7','P5','P9','PO3','PO7','O1','I1','POz','Oz','Iz','P8','P6','PO4','PO8','P10','O2','I2'}
7.66417778671058;3.31014137570135;-7.42962926605737;-6.08091411500591;-0.615121222189649;-0.214319434910338;10;1;[0.25 1] ;RDK2;center;20;orange;attended;nonprimed;{'P7','P5','P9','PO3','PO7','O1','I1','POz','Oz','Iz','P8','P6','PO4','PO8','P10','O2','I2'}
9.88185803598948;3.65684987975461;-14.7323283797454;5.11191874163799;-1.70736194412093;0.177843955846933;10;1;[0.25 1] ;RDK3;center;17;blau;not attended;not attended;{'P7','P5','P9','PO3','PO7','O1','I1','POz','Oz','Iz','P8','P6','PO4','PO8','P10','O2','I2'}
5.1987051133117;1.04315477690546;-2.7517736311848;18.8767475786545;-0.147104581556709;0.165645257043083;10;2;[0.25 1] ;RDK1;center;23;grün;not attended;not attended;{'P7','P5','P9','PO3','PO7','O1','I1','POz','Oz','Iz','P8','P6','PO4','PO8','P10','O2','I2'}
7.14148528112006;2.67258334348644;-8.96409252788935;-8.00571344911224;-0.703205324405999;-0.232578970053617;10;2;[0.25 1] ;RDK2;center;20;orange;attended;primed;{'P7','P5','P9','PO3','PO7','O1','I1','POz','Oz','Iz','P8','P6','PO4','PO8','P10','O2','I2'}
9.983686816099;3.31835502493975;-13.9984011018449;-13.1330990709446;-1.62503551465893;-0.501690342685216;10;2;[0.25 1] ;RDK3;center;17;blau;attended;nonprimed;{'P7','P5','P9','PO3','PO7','O1','I1','POz','Oz','Iz','P8','P6','PO4','PO8','P10','O2','I2'}
4.9572877873123;0.761286336732649;-8.92396231164748;13.546984062853;-0.485733135793004;0.0908270171691761;10;3;[0.25 1] ;RDK1;center;23;grün;attended;nonprimed;{'P7','P5','P9','PO3','PO7','O1','I1','POz','Oz','Iz','P8','P6','PO4','PO8','P10','O2','I2'}
7.33591873074009;2.70914332184317;-8.3973714175424;-27.0133037447837;-0.67249635981219;-1.00268836919539;10;3;[0.25 1] ;RDK2;center;20;orange;not attended;not attended;{'P7','P5','P9','PO3','PO7','O1','I1','POz','Oz','Iz','P8','P6','PO4','PO8','P10','O2','I2'}
10.1677264217877;4.13960019920476;-10.0421888030427;1.85938395732399;-1.13504571828367;0.0755659999216309;10;3;[0.25 1] ;RDK3;center;17;blau;attended;primed;{'P7','P5','P9','PO3','PO7','O1','I1','POz','Oz','Iz','P8','P6','PO4','PO8','P10','O2','I2'}
5.08818439229042;1.46214974095109;-5.50634863127101;77.4317865847215;-0.296499465925122;0.638086719834562;10;1;[1 1.75] ;RDK1;center;23;grün;attended;primed;{'P7','P5','P9','PO3','PO7','O1','I1','POz','Oz','Iz','P8','P6','PO4','PO8','P10','O2','I2'}
8.03949936266938;3.76818395362181;-2.89637620253913;6.91518947455168;-0.239799646230844;0.243723143010118;10;1;[1 1.75] ;RDK2;center;20;orange;attended;nonprimed;{'P7','P5','P9','PO3','PO7','O1','I1','POz','Oz','Iz','P8','P6','PO4','PO8','P10','O2','I2'}
10.013434157652;3.37321827921393;-13.596996391153;-3.04074344820121;-1.5757858224584;-0.105787644693755;10;1;[1 1.75] ;RDK3;center;17;blau;not attended;not attended;{'P7','P5','P9','PO3','PO7','O1','I1','POz','Oz','Iz','P8','P6','PO4','PO8','P10','O2','I2'}
5.27837800655969;1.39136418484455;-1.26139335587359;58.5583008903158;-0.0674316883087158;0.513854664982174;10;2;[1 1.75] ;RDK1;center;23;grün;not attended;not attended;{'P7','P5','P9','PO3','PO7','O1','I1','POz','Oz','Iz','P8','P6','PO4','PO8','P10','O2','I2'}
7.78340377419243;3.67432214933283;-0.781252370749386;26.4756234860944;-0.0612868313336268;0.769159835792775;10;2;[1 1.75] ;RDK2;center;20;orange;attended;primed;{'P7','P5','P9','PO3','PO7','O1','I1','POz','Oz','Iz','P8','P6','PO4','PO8','P10','O2','I2'}
10.5664183219633;4.15478000705598;-8.97862813061645;8.76258282867282;-1.04230400879459;0.334734639431017;10;2;[1 1.75] ;RDK3;center;17;blau;attended;nonprimed;{'P7','P5','P9','PO3','PO7','O1','I1','POz','Oz','Iz','P8','P6','PO4','PO8','P10','O2','I2'}
5.18628578919631;1.40812590044009;-4.71677653890998;110.024062512383;-0.256735133908992;0.737666580876614;10;3;[1 1.75] ;RDK1;center;23;grün;attended;nonprimed;{'P7','P5','P9','PO3','PO7','O1','I1','POz','Oz','Iz','P8','P6','PO4','PO8','P10','O2','I2'}
7.48761085147771;3.26017394189921;-6.50321234833313;-12.1680557399674;-0.52080423907457;-0.451657749139346;10;3;[1 1.75] ;RDK2;center;20;orange;not attended;not attended;{'P7','P5','P9','PO3','PO7','O1','I1','POz','Oz','Iz','P8','P6','PO4','PO8','P10','O2','I2'}
10.3799427451052;4.48948005880166;-8.16462884971862;10.4685600232787;-0.922829394966229;0.425445859518526;10;3;[1 1.75] ;RDK3;center;17;blau;attended;primed;{'P7','P5','P9','PO3','PO7','O1','I1','POz','Oz','Iz','P8','P6','PO4','PO8','P10','O2','I2'}
7.12151638199301;3.77846179612621;0;0;0;0;11;1;[-0.75 0] ;RDK1;center;17;blau;attended;primed;{'P7','P5','P9','PO3','PO7','O1','I1','POz','Oz','Iz','P8','P6','PO4','PO8','P10','O2','I2'}
6.02424434515146;1.80227703530325;0;0;0;0;11;1;[-0.75 0] ;RDK2;center;20;grün;attended;nonprimed;{'P7','P5','P9','PO3','PO7','O1','I1','POz','Oz','Iz','P8','P6','PO4','PO8','P10','O2','I2'}
5.67973863269409;2.24107104844974;0;0;0;0;11;1;[-0.75 0] ;RDK3;center;23;orange;not attended;not attended;{'P7','P5','P9','PO3','PO7','O1','I1','POz','Oz','Iz','P8','P6','PO4','PO8','P10','O2','I2'}
7.04368054057678;3.89686452910911;0;0;0;0;11;2;[-0.75 0] ;RDK1;center;17;blau;not attended;not attended;{'P7','P5','P9','PO3','PO7','O1','I1','POz','Oz','Iz','P8','P6','PO4','PO8','P10','O2','I2'}
5.70053881649518;1.49096466562125;0;0;0;0;11;2;[-0.75 0] ;RDK2;center;20;grün;attended;primed;{'P7','P5','P9','PO3','PO7','O1','I1','POz','Oz','Iz','P8','P6','PO4','PO8','P10','O2','I2'}
5.65029040720668;2.30190257425631;0;0;0;0;11;2;[-0.75 0] ;RDK3;center;23;orange;attended;nonprimed;{'P7','P5','P9','PO3','PO7','O1','I1','POz','Oz','Iz','P8','P6','PO4','PO8','P10','O2','I2'}
7.28228493729328;4.09670223936236;0;0;0;0;11;3;[-0.75 0] ;RDK1;center;17;blau;attended;nonprimed;{'P7','P5','P9','PO3','PO7','O1','I1','POz','Oz','Iz','P8','P6','PO4','PO8','P10','O2','I2'}
6.02366739808165;1.37967126772684;0;0;0;0;11;3;[-0.75 0] ;RDK2;center;20;grün;not attended;not attended;{'P7','P5','P9','PO3','PO7','O1','I1','POz','Oz','Iz','P8','P6','PO4','PO8','P10','O2','I2'}
5.63964901358833;2.50580434534884;0;0;0;0;11;3;[-0.75 0] ;RDK3;center;23;orange;attended;primed;{'P7','P5','P9','PO3','PO7','O1','I1','POz','Oz','Iz','P8','P6','PO4','PO8','P10','O2','I2'}
7.12238177886376;4.68815362439975;0.0121518623889649;24.0757185690267;0.000865396870747048;0.90969182827354;11;1;[0.25 1] ;RDK1;center;17;blau;attended;primed;{'P7','P5','P9','PO3','PO7','O1','I1','POz','Oz','Iz','P8','P6','PO4','PO8','P10','O2','I2'}
5.54143909199745;1.53910225155296;-8.01437035904083;-14.6023490615031;-0.482805253154012;-0.26317478375029;11;1;[0.25 1] ;RDK2;center;20;grün;attended;nonprimed;{'P7','P5','P9','PO3','PO7','O1','I1','POz','Oz','Iz','P8','P6','PO4','PO8','P10','O2','I2'}
5.12593533981979;1.78817523240504;-9.75050664631745;-20.208900398673;-0.553803292874297;-0.452895816044705;11;1;[0.25 1] ;RDK3;center;23;orange;not attended;not attended;{'P7','P5','P9','PO3','PO7','O1','I1','POz','Oz','Iz','P8','P6','PO4','PO8','P10','O2','I2'}
6.50280282292431;3.77073759541792;-7.67890756170184;-3.23662608102067;-0.540877717652472;-0.126126933691189;11;2;[0.25 1] ;RDK1;center;17;blau;not attended;not attended;{'P7','P5','P9','PO3','PO7','O1','I1','POz','Oz','Iz','P8','P6','PO4','PO8','P10','O2','I2'}
5.40563529864695;1.44183590839621;-5.17325690327533;-3.29509869401009;-0.294903517848226;-0.0491287572250376;11;2;[0.25 1] ;RDK2;center;20;grün;attended;primed;{'P7','P5','P9','PO3','PO7','O1','I1','POz','Oz','Iz','P8','P6','PO4','PO8','P10','O2','I2'}
5.37230086434481;2.03075830962054;-4.91991601895907;-11.7791372957376;-0.277989542861869;-0.271144264635769;11;2;[0.25 1] ;RDK3;center;23;orange;attended;nonprimed;{'P7','P5','P9','PO3','PO7','O1','I1','POz','Oz','Iz','P8','P6','PO4','PO8','P10','O2','I2'}
7.03846051250648;4.03807644067307;-3.34818572585861;-1.43104856696684;-0.243824424786805;-0.0586257986892935;11;3;[0.25 1] ;RDK1;center;17;blau;attended;nonprimed;{'P7','P5','P9','PO3','PO7','O1','I1','POz','Oz','Iz','P8','P6','PO4','PO8','P10','O2','I2'}
5.49072012426627;1.30310411658559;-8.84755479668593;-5.54966628154837;-0.532947273815379;-0.0765671511412476;11;3;[0.25 1] ;RDK2;center;20;grün;not attended;not attended;{'P7','P5','P9','PO3','PO7','O1','I1','POz','Oz','Iz','P8','P6','PO4','PO8','P10','O2','I2'}
5.53872452278482;2.58458379740359;-1.78955269309025;3.14387881883018;-0.100924490803507;0.0787794520547487;11;3;[0.25 1] ;RDK3;center;23;orange;attended;primed;{'P7','P5','P9','PO3','PO7','O1','I1','POz','Oz','Iz','P8','P6','PO4','PO8','P10','O2','I2'}
7.14066742448246;4.57560747268513;0.268918043043032;21.097095050059;0.0191510424894448;0.797145676558913;11;1;[1 1.75] ;RDK1;center;17;blau;attended;primed;{'P7','P5','P9','PO3','PO7','O1','I1','POz','Oz','Iz','P8','P6','PO4','PO8','P10','O2','I2'}
6.40996334455671;2.15220379168631;6.40277812960381;19.4158139691432;0.385718999405253;0.349926756383067;11;1;[1 1.75] ;RDK2;center;20;grün;attended;nonprimed;{'P7','P5','P9','PO3','PO7','O1','I1','POz','Oz','Iz','P8','P6','PO4','PO8','P10','O2','I2'}
5.37971232487605;1.98232379906318;-5.28239637808341;-11.5456959548673;-0.300026307818037;-0.258747249386564;11;1;[1 1.75] ;RDK3;center;23;orange;not attended;not attended;{'P7','P5','P9','PO3','PO7','O1','I1','POz','Oz','Iz','P8','P6','PO4','PO8','P10','O2','I2'}
6.58738446882947;3.74933638400082;-6.47809151932301;-3.78581662273014;-0.456296071747309;-0.147528145108287;11;2;[1 1.75] ;RDK1;center;17;blau;not attended;not attended;{'P7','P5','P9','PO3','PO7','O1','I1','POz','Oz','Iz','P8','P6','PO4','PO8','P10','O2','I2'}
5.95406040562763;2.14304730026431;4.4473267754771;43.7356196078161;0.253521589132456;0.652082634643057;11;2;[1 1.75] ;RDK2;center;20;grün;attended;primed;{'P7','P5','P9','PO3','PO7','O1','I1','POz','Oz','Iz','P8','P6','PO4','PO8','P10','O2','I2'}
5.58698419532085;2.28891807125578;-1.1204063388508;-0.564077000727248;-0.0633062118858225;-0.0129845030005282;11;2;[1 1.75] ;RDK3;center;23;orange;attended;nonprimed;{'P7','P5','P9','PO3','PO7','O1','I1','POz','Oz','Iz','P8','P6','PO4','PO8','P10','O2','I2'}
7.05480725409219;4.47894768571962;-3.12371302633545;9.33056453760592;-0.227477683201094;0.382245446357253;11;3;[1 1.75] ;RDK1;center;17;blau;attended;nonprimed;{'P7','P5','P9','PO3','PO7','O1','I1','POz','Oz','Iz','P8','P6','PO4','PO8','P10','O2','I2'}
6.384424302373;2.00597579986262;5.98899109878215;45.3952000586109;0.360756904291351;0.626304532135773;11;3;[1 1.75] ;RDK2;center;20;grün;not attended;not attended;{'P7','P5','P9','PO3','PO7','O1','I1','POz','Oz','Iz','P8','P6','PO4','PO8','P10','O2','I2'}
5.458771324805;2.36553984988329;-3.20725081201889;-5.59758369506793;-0.180877688783327;-0.140264495465551;11;3;[1 1.75] ;RDK3;center;23;orange;attended;primed;{'P7','P5','P9','PO3','PO7','O1','I1','POz','Oz','Iz','P8','P6','PO4','PO8','P10','O2','I2'}
5.29737200672271;1.08951008309741;0;0;0;0;12;1;[-0.75 0] ;RDK1;center;17;grün;attended;primed;{'P7','P5','P9','PO3','PO7','O1','I1','POz','Oz','Iz','P8','P6','PO4','PO8','P10','O2','I2'}
4.90195463361783;1.72619829134704;0;0;0;0;12;1;[-0.75 0] ;RDK2;center;20;orange;attended;nonprimed;{'P7','P5','P9','PO3','PO7','O1','I1','POz','Oz','Iz','P8','P6','PO4','PO8','P10','O2','I2'}
3.82074967984161;1.16237628702664;0;0;0;0;12;1;[-0.75 0] ;RDK3;center;23;blau;not attended;not attended;{'P7','P5','P9','PO3','PO7','O1','I1','POz','Oz','Iz','P8','P6','PO4','PO8','P10','O2','I2'}
5.36410007217891;1.15734148932393;0;0;0;0;12;2;[-0.75 0] ;RDK1;center;17;grün;not attended;not attended;{'P7','P5','P9','PO3','PO7','O1','I1','POz','Oz','Iz','P8','P6','PO4','PO8','P10','O2','I2'}
4.82310233396642;1.67462434299391;0;0;0;0;12;2;[-0.75 0] ;RDK2;center;20;orange;attended;primed;{'P7','P5','P9','PO3','PO7','O1','I1','POz','Oz','Iz','P8','P6','PO4','PO8','P10','O2','I2'}
4.02762345814597;1.13932857230913;0;0;0;0;12;2;[-0.75 0] ;RDK3;center;23;blau;attended;nonprimed;{'P7','P5','P9','PO3','PO7','O1','I1','POz','Oz','Iz','P8','P6','PO4','PO8','P10','O2','I2'}
5.48571883822998;1.23477202461721;0;0;0;0;12;3;[-0.75 0] ;RDK1;center;17;grün;attended;nonprimed;{'P7','P5','P9','PO3','PO7','O1','I1','POz','Oz','Iz','P8','P6','PO4','PO8','P10','O2','I2'}
4.76529501897717;1.56078395395797;0;0;0;0;12;3;[-0.75 0] ;RDK2;center;20;orange;not attended;not attended;{'P7','P5','P9','PO3','PO7','O1','I1','POz','Oz','Iz','P8','P6','PO4','PO8','P10','O2','I2'}
3.87999503321238;1.12958821546438;0;0;0;0;12;3;[-0.75 0] ;RDK3;center;23;blau;attended;primed;{'P7','P5','P9','PO3','PO7','O1','I1','POz','Oz','Iz','P8','P6','PO4','PO8','P10','O2','I2'}
4.97494280823755;1.45856975558387;-6.08658780383881;33.8739106881182;-0.322429198485155;0.369059672486458;12;1;[0.25 1] ;RDK1;center;17;grün;attended;primed;{'P7','P5','P9','PO3','PO7','O1','I1','POz','Oz','Iz','P8','P6','PO4','PO8','P10','O2','I2'}
4.59900185964766;1.49537226517276;-6.18024434360352;-13.3719299417307;-0.302952773970177;-0.230826026174278;12;1;[0.25 1] ;RDK2;center;20;orange;attended;nonprimed;{'P7','P5','P9','PO3','PO7','O1','I1','POz','Oz','Iz','P8','P6','PO4','PO8','P10','O2','I2'}
3.71068188183987;0.818579837073028;-2.88079060982337;-29.5770357491588;-0.110067798001733;-0.343796449953614;12;1;[0.25 1] ;RDK3;center;23;blau;not attended;not attended;{'P7','P5','P9','PO3','PO7','O1','I1','POz','Oz','Iz','P8','P6','PO4','PO8','P10','O2','I2'}
5.02584224696612;1.17196262617726;-6.30595664997315;1.26333817530979;-0.33825782521278;0.0146211368533282;12;2;[0.25 1] ;RDK1;center;17;grün;not attended;not attended;{'P7','P5','P9','PO3','PO7','O1','I1','POz','Oz','Iz','P8','P6','PO4','PO8','P10','O2','I2'}
4.55402923385482;1.72880366525499;-5.57883871168711;3.23531199625429;-0.269073100111603;0.0541793222610767;12;2;[0.25 1] ;RDK2;center;20;orange;attended;primed;{'P7','P5','P9','PO3','PO7','O1','I1','POz','Oz','Iz','P8','P6','PO4','PO8','P10','O2','I2'}
3.93115316688745;1.04259508794249;-2.39521624255637;-8.49039396691129;-0.0964702912585231;-0.0967334843666305;12;2;[0.25 1] ;RDK3;center;23;blau;attended;nonprimed;{'P7','P5','P9','PO3','PO7','O1','I1','POz','Oz','Iz','P8','P6','PO4','PO8','P10','O2','I2'}
4.94180477690373;0.942054946059825;-9.91509184786703;-23.7061637874511;-0.543914061326246;-0.292717078557381;12;3;[0.25 1] ;RDK1;center;17;grün;attended;nonprimed;{'P7','P5','P9','PO3','PO7','O1','I1','POz','Oz','Iz','P8','P6','PO4','PO8','P10','O2','I2'}
4.50396315868084;1.54523884076878;-5.48406466452983;-0.995981099739485;-0.261331860296327;-0.0155451131891879;12;3;[0.25 1] ;RDK2;center;20;orange;not attended;not attended;{'P7','P5','P9','PO3','PO7','O1','I1','POz','Oz','Iz','P8','P6','PO4','PO8','P10','O2','I2'}
4.05188194227434;1.3171896729534;4.43008064676969;16.6079510144233;0.171886909061967;0.187601457489022;12;3;[0.25 1] ;RDK3;center;23;blau;attended;primed;{'P7','P5','P9','PO3','PO7','O1','I1','POz','Oz','Iz','P8','P6','PO4','PO8','P10','O2','I2'}
4.92591459287238;1.14685292252049;-7.0121073879449;5.26317657015676;-0.371457413850328;0.0573428394230782;12;1;[1 1.75] ;RDK1;center;17;grün;attended;primed;{'P7','P5','P9','PO3','PO7','O1','I1','POz','Oz','Iz','P8','P6','PO4','PO8','P10','O2','I2'}
4.99858643350558;2.16911765434084;1.97129119117183;25.6586607236281;0.0966317998877475;0.442919362993801;12;1;[1 1.75] ;RDK2;center;20;orange;attended;nonprimed;{'P7','P5','P9','PO3','PO7','O1','I1','POz','Oz','Iz','P8','P6','PO4','PO8','P10','O2','I2'}
4.02589826454404;1.10059587524285;5.36932806105581;-5.3150096464739;0.205148584702436;-0.0617804117837912;12;1;[1 1.75] ;RDK3;center;23;blau;not attended;not attended;{'P7','P5','P9','PO3','PO7','O1','I1','POz','Oz','Iz','P8','P6','PO4','PO8','P10','O2','I2'}
4.96487572829648;1.10443670845409;-7.44252229657344;-4.57123341363529;-0.399224343882427;-0.05290478086984;12;2;[1 1.75] ;RDK1;center;17;grün;not attended;not attended;{'P7','P5','P9','PO3','PO7','O1','I1','POz','Oz','Iz','P8','P6','PO4','PO8','P10','O2','I2'}
4.70526234165036;1.92772366827969;-2.44324055673003;15.1137970939371;-0.11783999231606;0.253099325285778;12;2;[1 1.75] ;RDK2;center;20;orange;attended;primed;{'P7','P5','P9','PO3','PO7','O1','I1','POz','Oz','Iz','P8','P6','PO4','PO8','P10','O2','I2'}
4.05978205193222;1.20039061453547;0.798450851238508;5.35947607305169;0.0321585937862485;0.061062042226349;12;2;[1 1.75] ;RDK3;center;23;blau;attended;nonprimed;{'P7','P5','P9','PO3','PO7','O1','I1','POz','Oz','Iz','P8','P6','PO4','PO8','P10','O2','I2'}
5.16447963110462;1.31389616935501;-5.85591818681338;6.40799622605122;-0.321239207125357;0.0791241447378068;12;3;[1 1.75] ;RDK1;center;17;grün;attended;nonprimed;{'P7','P5','P9','PO3','PO7','O1','I1','POz','Oz','Iz','P8','P6','PO4','PO8','P10','O2','I2'}
4.78988365566029;1.89978627219998;0.515994006356424;21.7200027833671;0.0245886366831236;0.339002318242017;12;3;[1 1.75] ;RDK2;center;20;orange;not attended;not attended;{'P7','P5','P9','PO3','PO7','O1','I1','POz','Oz','Iz','P8','P6','PO4','PO8','P10','O2','I2'}
4.21677259729998;1.52747571791998;8.67984523703824;35.2241194630407;0.336777564087605;0.397887502455603;12;3;[1 1.75] ;RDK3;center;23;blau;attended;primed;{'P7','P5','P9','PO3','PO7','O1','I1','POz','Oz','Iz','P8','P6','PO4','PO8','P10','O2','I2'}
6.70192776761983;1.02942079298906;0;0;0;0;13;1;[-0.75 0] ;RDK1;center;23;orange;attended;primed;{'P7','P5','P9','PO3','PO7','O1','I1','POz','Oz','Iz','P8','P6','PO4','PO8','P10','O2','I2'}
8.23932796150311;1.53151547628965;0;0;0;0;13;1;[-0.75 0] ;RDK2;center;17;grün;attended;nonprimed;{'P7','P5','P9','PO3','PO7','O1','I1','POz','Oz','Iz','P8','P6','PO4','PO8','P10','O2','I2'}
7.70597074258381;2.31793327841958;0;0;0;0;13;1;[-0.75 0] ;RDK3;center;20;blau;not attended;not attended;{'P7','P5','P9','PO3','PO7','O1','I1','POz','Oz','Iz','P8','P6','PO4','PO8','P10','O2','I2'}
6.93300050416144;0.870905542198349;0;0;0;0;13;2;[-0.75 0] ;RDK1;center;23;orange;not attended;not attended;{'P7','P5','P9','PO3','PO7','O1','I1','POz','Oz','Iz','P8','P6','PO4','PO8','P10','O2','I2'}
8.51583824114562;1.83190675234902;0;0;0;0;13;2;[-0.75 0] ;RDK2;center;17;grün;attended;primed;{'P7','P5','P9','PO3','PO7','O1','I1','POz','Oz','Iz','P8','P6','PO4','PO8','P10','O2','I2'}
7.5582959900075;2.23844285356513;0;0;0;0;13;2;[-0.75 0] ;RDK3;center;20;blau;attended;nonprimed;{'P7','P5','P9','PO3','PO7','O1','I1','POz','Oz','Iz','P8','P6','PO4','PO8','P10','O2','I2'}
6.65756003781142;0.872504029861268;0;0;0;0;13;3;[-0.75 0] ;RDK1;center;23;orange;attended;nonprimed;{'P7','P5','P9','PO3','PO7','O1','I1','POz','Oz','Iz','P8','P6','PO4','PO8','P10','O2','I2'}
8.58647270332095;2.08780340961606;0;0;0;0;13;3;[-0.75 0] ;RDK2;center;17;grün;not attended;not attended;{'P7','P5','P9','PO3','PO7','O1','I1','POz','Oz','Iz','P8','P6','PO4','PO8','P10','O2','I2'}
8.35397048449624;2.53681761417454;0;0;0;0;13;3;[-0.75 0] ;RDK3;center;20;blau;attended;primed;{'P7','P5','P9','PO3','PO7','O1','I1','POz','Oz','Iz','P8','P6','PO4','PO8','P10','O2','I2'}
6.7216880213621;1.4300591805402;0.294844325803401;38.9188163168754;0.0197602537422696;0.400638387551135;13;1;[0.25 1] ;RDK1;center;23;orange;attended;primed;{'P7','P5','P9','PO3','PO7','O1','I1','POz','Oz','Iz','P8','P6','PO4','PO8','P10','O2','I2'}
7.03752641764162;1.85016577599815;-14.5861598115369;20.8062082715927;-1.20180154386149;0.318650299708498;13;1;[0.25 1] ;RDK2;center;17;grün;attended;nonprimed;{'P7','P5','P9','PO3','PO7','O1','I1','POz','Oz','Iz','P8','P6','PO4','PO8','P10','O2','I2'}
7.52527000030241;2.21648746975002;-2.344944567241;-4.37656293276606;-0.180700742281401;-0.101445808669561;13;1;[0.25 1] ;RDK3;center;20;blau;not attended;not attended;{'P7','P5','P9','PO3','PO7','O1','I1','POz','Oz','Iz','P8','P6','PO4','PO8','P10','O2','I2'}
6.98369755680205;1.08444032521404;0.731242592729986;24.5187075600284;0.0506970526406132;0.213534783015693;13;2;[0.25 1] ;RDK1;center;23;orange;not attended;not attended;{'P7','P5','P9','PO3','PO7','O1','I1','POz','Oz','Iz','P8','P6','PO4','PO8','P10','O2','I2'}
7.57917176975923;2.54121166858738;-10.9991106554929;38.7194880595763;-0.936666471386387;0.709304916238354;13;2;[0.25 1] ;RDK2;center;17;grün;attended;primed;{'P7','P5','P9','PO3','PO7','O1','I1','POz','Oz','Iz','P8','P6','PO4','PO8','P10','O2','I2'}
7.32360427304091;2.27632234484901;-3.10508767157124;1.69222507617528;-0.234691716966586;0.0378794912838827;13;2;[0.25 1] ;RDK3;center;20;blau;attended;nonprimed;{'P7','P5','P9','PO3','PO7','O1','I1','POz','Oz','Iz','P8','P6','PO4','PO8','P10','O2','I2'}
6.8986127732566;1.06022446525043;3.62073693779905;21.5151367746703;0.241052735445186;0.187720435389162;13;3;[0.25 1] ;RDK1;center;23;orange;attended;nonprimed;{'P7','P5','P9','PO3','PO7','O1','I1','POz','Oz','Iz','P8','P6','PO4','PO8','P10','O2','I2'}
7.42318849002614;1.99485562279888;-13.5478706273053;-4.45194151849174;-1.16328421329481;-0.0929477868171837;13;3;[0.25 1] ;RDK2;center;17;grün;not attended;not attended;{'P7','P5','P9','PO3','PO7','O1','I1','POz','Oz','Iz','P8','P6','PO4','PO8','P10','O2','I2'}
8.07075461650866;3.13978039220447;-3.39019474049128;23.7684717522012;-0.283215867987586;0.602962778029938;13;3;[0.25 1] ;RDK3;center;20;blau;attended;primed;{'P7','P5','P9','PO3','PO7','O1','I1','POz','Oz','Iz','P8','P6','PO4','PO8','P10','O2','I2'}
7.24253173759081;1.86197887799319;8.06639505401552;80.8763618021241;0.540603969970979;0.832558085004129;13;1;[1 1.75] ;RDK1;center;23;orange;attended;primed;{'P7','P5','P9','PO3','PO7','O1','I1','POz','Oz','Iz','P8','P6','PO4','PO8','P10','O2','I2'}
7.96411349870501;2.50105787699039;-3.34025376928797;63.3060792209311;-0.275214462798106;0.969542400700744;13;1;[1 1.75] ;RDK2;center;17;grün;attended;nonprimed;{'P7','P5','P9','PO3','PO7','O1','I1','POz','Oz','Iz','P8','P6','PO4','PO8','P10','O2','I2'}
7.19768002885499;2.21075786791776;-6.59606337356004;-4.62374872907913;-0.508290713728823;-0.107175410501827;13;1;[1 1.75] ;RDK3;center;20;blau;not attended;not attended;{'P7','P5','P9','PO3','PO7','O1','I1','POz','Oz','Iz','P8','P6','PO4','PO8','P10','O2','I2'}
6.84147776521709;1.56035770469122;-1.32010287449735;79.1649758884925;-0.0915227389443514;0.689452162492869;13;2;[1 1.75] ;RDK1;center;23;orange;not attended;not attended;{'P7','P5','P9','PO3','PO7','O1','I1','POz','Oz','Iz','P8','P6','PO4','PO8','P10','O2','I2'}
7.70171792259044;2.07582604237811;-9.56007260238496;13.3150494541445;-0.814120318555184;0.243919290029086;13;2;[1 1.75] ;RDK2;center;17;grün;attended;primed;{'P7','P5','P9','PO3','PO7','O1','I1','POz','Oz','Iz','P8','P6','PO4','PO8','P10','O2','I2'}
7.29781245538013;2.66977372886908;-3.44632619537187;19.2692377478825;-0.260483534627371;0.43133087530395;13;2;[1 1.75] ;RDK3;center;20;blau;attended;nonprimed;{'P7','P5','P9','PO3','PO7','O1','I1','POz','Oz','Iz','P8','P6','PO4','PO8','P10','O2','I2'}
6.85443503069122;1.3876288252044;2.95716436294471;59.0398184665169;0.196874992879807;0.515124795343137;13;3;[1 1.75] ;RDK1;center;23;orange;attended;nonprimed;{'P7','P5','P9','PO3','PO7','O1','I1','POz','Oz','Iz','P8','P6','PO4','PO8','P10','O2','I2'}
7.21143291870393;1.9540331741264;-16.0140238270972;-6.40722372966456;-1.37503978461701;-0.133770235489666;13;3;[1 1.75] ;RDK2;center;17;grün;not attended;not attended;{'P7','P5','P9','PO3','PO7','O1','I1','POz','Oz','Iz','P8','P6','PO4','PO8','P10','O2','I2'}
7.44517519894768;2.47952803308608;-10.878603021583;-2.25832479120107;-0.90879528554856;-0.0572895810884591;13;3;[1 1.75] ;RDK3;center;20;blau;attended;primed;{'P7','P5','P9','PO3','PO7','O1','I1','POz','Oz','Iz','P8','P6','PO4','PO8','P10','O2','I2'}
4.86339971922102;0.995177208433324;0;0;0;0;14;1;[-0.75 0] ;RDK1;center;20;grün;attended;primed;{'P7','P5','P9','PO3','PO7','O1','I1','POz','Oz','Iz','P8','P6','PO4','PO8','P10','O2','I2'}
8.03972151268661;5.39983435130227;0;0;0;0;14;1;[-0.75 0] ;RDK2;center;17;blau;attended;nonprimed;{'P7','P5','P9','PO3','PO7','O1','I1','POz','Oz','Iz','P8','P6','PO4','PO8','P10','O2','I2'}
4.92837760135599;1.79707781073734;0;0;0;0;14;1;[-0.75 0] ;RDK3;center;23;orange;not attended;not attended;{'P7','P5','P9','PO3','PO7','O1','I1','POz','Oz','Iz','P8','P6','PO4','PO8','P10','O2','I2'}
4.85174960895901;0.889393805378702;0;0;0;0;14;2;[-0.75 0] ;RDK1;center;20;grün;not attended;not attended;{'P7','P5','P9','PO3','PO7','O1','I1','POz','Oz','Iz','P8','P6','PO4','PO8','P10','O2','I2'}
7.8270969002495;4.8133876960202;0;0;0;0;14;2;[-0.75 0] ;RDK2;center;17;blau;attended;primed;{'P7','P5','P9','PO3','PO7','O1','I1','POz','Oz','Iz','P8','P6','PO4','PO8','P10','O2','I2'}
4.9344640457792;2.00342121814711;0;0;0;0;14;2;[-0.75 0] ;RDK3;center;23;orange;attended;nonprimed;{'P7','P5','P9','PO3','PO7','O1','I1','POz','Oz','Iz','P8','P6','PO4','PO8','P10','O2','I2'}
4.93213107467237;0.784051443386941;0;0;0;0;14;3;[-0.75 0] ;RDK1;center;20;grün;attended;nonprimed;{'P7','P5','P9','PO3','PO7','O1','I1','POz','Oz','Iz','P8','P6','PO4','PO8','P10','O2','I2'}
7.43742948419908;4.52139534615823;0;0;0;0;14;3;[-0.75 0] ;RDK2;center;17;blau;not attended;not attended;{'P7','P5','P9','PO3','PO7','O1','I1','POz','Oz','Iz','P8','P6','PO4','PO8','P10','O2','I2'}
5.17741478298584;2.10654240401622;0;0;0;0;14;3;[-0.75 0] ;RDK3;center;23;orange;attended;primed;{'P7','P5','P9','PO3','PO7','O1','I1','POz','Oz','Iz','P8','P6','PO4','PO8','P10','O2','I2'}
4.56417282781989;1.04300499636663;-6.15262796965934;4.80595692184314;-0.299226891401126;0.0478277879333066;14;1;[0.25 1] ;RDK1;center;20;grün;attended;primed;{'P7','P5','P9','PO3','PO7','O1','I1','POz','Oz','Iz','P8','P6','PO4','PO8','P10','O2','I2'}
6.52406612240891;4.22541938229923;-18.8520881959159;-21.7490925202142;-1.51565539027771;-1.17441496900304;14;1;[0.25 1] ;RDK2;center;17;blau;attended;nonprimed;{'P7','P5','P9','PO3','PO7','O1','I1','POz','Oz','Iz','P8','P6','PO4','PO8','P10','O2','I2'}
4.77979618931248;1.96629380154933;-3.01481388119746;9.41617495920008;-0.148581412043507;0.169215990811991;14;1;[0.25 1] ;RDK3;center;23;orange;not attended;not attended;{'P7','P5','P9','PO3','PO7','O1','I1','POz','Oz','Iz','P8','P6','PO4','PO8','P10','O2','I2'}
4.62169667067031;0.754152984303587;-4.74164903035987;-15.2059549163973;-0.230052938288694;-0.135240821075116;14;2;[0.25 1] ;RDK1;center;20;grün;not attended;not attended;{'P7','P5','P9','PO3','PO7','O1','I1','POz','Oz','Iz','P8','P6','PO4','PO8','P10','O2','I2'}
6.67205244167898;4.24290039690372;-14.7569970487232;-11.8520953462398;-1.15504445857052;-0.570487299116488;14;2;[0.25 1] ;RDK2;center;17;blau;attended;primed;{'P7','P5','P9','PO3','PO7','O1','I1','POz','Oz','Iz','P8','P6','PO4','PO8','P10','O2','I2'}
4.61971545866712;1.87987894035572;-6.37857696787373;-6.16656530700225;-0.314748587112082;-0.123542277791381;14;2;[0.25 1] ;RDK3;center;23;orange;attended;nonprimed;{'P7','P5','P9','PO3','PO7','O1','I1','POz','Oz','Iz','P8','P6','PO4','PO8','P10','O2','I2'}
4.62218095813941;1.04994480959161;-6.28430412412651;33.9127449413348;-0.309950116532961;0.265893366204668;14;3;[0.25 1] ;RDK1;center;20;grün;attended;nonprimed;{'P7','P5','P9','PO3','PO7','O1','I1','POz','Oz','Iz','P8','P6','PO4','PO8','P10','O2','I2'}
6.20603483510773;3.42508811540733;-16.5567236866913;-24.2470995526285;-1.23139464909135;-1.0963072307509;14;3;[0.25 1] ;RDK2;center;17;blau;not attended;not attended;{'P7','P5','P9','PO3','PO7','O1','I1','POz','Oz','Iz','P8','P6','PO4','PO8','P10','O2','I2'}
5.23433045240549;2.65326745774412;1.09930673522012;25.9536695148192;0.056915669419646;0.546725053727897;14;3;[0.25 1] ;RDK3;center;23;orange;attended;primed;{'P7','P5','P9','PO3','PO7','O1','I1','POz','Oz','Iz','P8','P6','PO4','PO8','P10','O2','I2'}
4.72250463088713;1.17656523218522;-2.89704931669603;18.2267059790735;-0.140895088333889;0.181388023751893;14;1;[1 1.75] ;RDK1;center;20;grün;attended;primed;{'P7','P5','P9','PO3','PO7','O1','I1','POz','Oz','Iz','P8','P6','PO4','PO8','P10','O2','I2'}
6.78892519463241;4.30009931137119;-15.5577070185883;-20.3660884461364;-1.2507963180542;-1.09973503993108;14;1;[1 1.75] ;RDK2;center;17;blau;attended;nonprimed;{'P7','P5','P9','PO3','PO7','O1','I1','POz','Oz','Iz','P8','P6','PO4','PO8','P10','O2','I2'}
4.78352529430821;1.76560275128524;-2.93914790554857;-1.75145779798961;-0.144852307047779;-0.0314750594521001;14;1;[1 1.75] ;RDK3;center;23;orange;not attended;not attended;{'P7','P5','P9','PO3','PO7','O1','I1','POz','Oz','Iz','P8','P6','PO4','PO8','P10','O2','I2'}
4.55977705593023;0.859980457496083;-6.01788172435028;-3.30712308819093;-0.29197255302878;-0.029413347882619;14;2;[1 1.75] ;RDK1;center;20;grün;not attended;not attended;{'P7','P5','P9','PO3','PO7','O1','I1','POz','Oz','Iz','P8','P6','PO4','PO8','P10','O2','I2'}
6.56661927322457;3.97187776829862;-16.1040248139096;-17.4826957823771;-1.26047762702493;-0.841509927721584;14;2;[1 1.75] ;RDK2;center;17;blau;attended;primed;{'P7','P5','P9','PO3','PO7','O1','I1','POz','Oz','Iz','P8','P6','PO4','PO8','P10','O2','I2'}
4.84602053240953;2.27180961893694;-1.79236311277454;13.3965038584378;-0.0884435133696684;0.268388400789839;14;2;[1 1.75] ;RDK3;center;23;orange;attended;nonprimed;{'P7','P5','P9','PO3','PO7','O1','I1','POz','Oz','Iz','P8','P6','PO4','PO8','P10','O2','I2'}
4.52861764743857;1.25988339711132;-8.18132002423736;60.6888690452359;-0.403513427233804;0.475831953724383;14;3;[1 1.75] ;RDK1;center;20;grün;attended;nonprimed;{'P7','P5','P9','PO3','PO7','O1','I1','POz','Oz','Iz','P8','P6','PO4','PO8','P10','O2','I2'}
6.28298576708832;3.65299348405044;-15.5220794975385;-19.2065014364572;-1.15444371711075;-0.86840186210779;14;3;[1 1.75] ;RDK2;center;17;blau;not attended;not attended;{'P7','P5','P9','PO3','PO7','O1','I1','POz','Oz','Iz','P8','P6','PO4','PO8','P10','O2','I2'}
4.89732245945823;2.23647770649707;-5.40988766146502;6.16817882389291;-0.280092323527617;0.129935302480853;14;3;[1 1.75] ;RDK3;center;23;orange;attended;primed;{'P7','P5','P9','PO3','PO7','O1','I1','POz','Oz','Iz','P8','P6','PO4','PO8','P10','O2','I2'}
5.36718543622289;1.09075669040777;0;0;0;0;16;1;[-0.75 0] ;RDK1;center;23;grün;attended;primed;{'P7','P5','P9','PO3','PO7','O1','I1','POz','Oz','Iz','P8','P6','PO4','PO8','P10','O2','I2'}
7.98653571638047;3.49386568900147;0;0;0;0;16;1;[-0.75 0] ;RDK2;center;17;blau;attended;nonprimed;{'P7','P5','P9','PO3','PO7','O1','I1','POz','Oz','Iz','P8','P6','PO4','PO8','P10','O2','I2'}
6.84733486391301;1.62181168197911;0;0;0;0;16;1;[-0.75 0] ;RDK3;center;20;orange;not attended;not attended;{'P7','P5','P9','PO3','PO7','O1','I1','POz','Oz','Iz','P8','P6','PO4','PO8','P10','O2','I2'}
5.58047132254726;1.32397207010925;0;0;0;0;16;2;[-0.75 0] ;RDK1;center;23;grün;not attended;not attended;{'P7','P5','P9','PO3','PO7','O1','I1','POz','Oz','Iz','P8','P6','PO4','PO8','P10','O2','I2'}
7.95043440641861;3.67518755914938;0;0;0;0;16;2;[-0.75 0] ;RDK2;center;17;blau;attended;primed;{'P7','P5','P9','PO3','PO7','O1','I1','POz','Oz','Iz','P8','P6','PO4','PO8','P10','O2','I2'}
7.01738062811114;1.9448424153603;0;0;0;0;16;2;[-0.75 0] ;RDK3;center;20;orange;attended;nonprimed;{'P7','P5','P9','PO3','PO7','O1','I1','POz','Oz','Iz','P8','P6','PO4','PO8','P10','O2','I2'}
5.3733290201938;1.18110598670951;0;0;0;0;16;3;[-0.75 0] ;RDK1;center;23;grün;attended;nonprimed;{'P7','P5','P9','PO3','PO7','O1','I1','POz','Oz','Iz','P8','P6','PO4','PO8','P10','O2','I2'}
7.92355729012468;3.50920776813818;0;0;0;0;16;3;[-0.75 0] ;RDK2;center;17;blau;not attended;not attended;{'P7','P5','P9','PO3','PO7','O1','I1','POz','Oz','Iz','P8','P6','PO4','PO8','P10','O2','I2'}
7.0214192673092;1.69377290218125;0;0;0;0;16;3;[-0.75 0] ;RDK3;center;20;orange;attended;primed;{'P7','P5','P9','PO3','PO7','O1','I1','POz','Oz','Iz','P8','P6','PO4','PO8','P10','O2','I2'}
5.61274203347944;1.25020314517064;4.57514651160182;14.6179671566594;0.245556597256552;0.159446454762873;16;1;[0.25 1] ;RDK1;center;23;grün;attended;primed;{'P7','P5','P9','PO3','PO7','O1','I1','POz','Oz','Iz','P8','P6','PO4','PO8','P10','O2','I2'}
7.08381705694069;2.8237896777386;-11.3030066038306;-19.1786425383276;-0.902718659439778;-0.670076011262868;16;1;[0.25 1] ;RDK2;center;17;blau;attended;nonprimed;{'P7','P5','P9','PO3','PO7','O1','I1','POz','Oz','Iz','P8','P6','PO4','PO8','P10','O2','I2'}
6.30449417597568;1.11276909965196;-7.92776603928368;-31.3872805322234;-0.542840687937327;-0.509042582327154;16;1;[0.25 1] ;RDK3;center;20;orange;not attended;not attended;{'P7','P5','P9','PO3','PO7','O1','I1','POz','Oz','Iz','P8','P6','PO4','PO8','P10','O2','I2'}
5.43620073417733;0.91076894795598;-2.58527604625476;-31.2093533906025;-0.14427058836993;-0.413203122153271;16;2;[0.25 1] ;RDK1;center;23;grün;not attended;not attended;{'P7','P5','P9','PO3','PO7','O1','I1','POz','Oz','Iz','P8','P6','PO4','PO8','P10','O2','I2'}
7.91466984813569;3.76528521468736;-0.449844077124129;2.45151176879892;-0.0357645582829127;0.0900976555379809;16;2;[0.25 1] ;RDK2;center;17;blau;attended;primed;{'P7','P5','P9','PO3','PO7','O1','I1','POz','Oz','Iz','P8','P6','PO4','PO8','P10','O2','I2'}
6.68139722012826;1.04612775511062;-4.78787493209286;-46.2101532315248;-0.335983407982874;-0.898714660249684;16;2;[0.25 1] ;RDK3;center;20;orange;attended;nonprimed;{'P7','P5','P9','PO3','PO7','O1','I1','POz','Oz','Iz','P8','P6','PO4','PO8','P10','O2','I2'}
5.65012031982387;0.976787882557821;5.15120698155371;-17.2988797322842;0.276791299630075;-0.204318104151687;16;3;[0.25 1] ;RDK1;center;23;grün;attended;nonprimed;{'P7','P5','P9','PO3','PO7','O1','I1','POz','Oz','Iz','P8','P6','PO4','PO8','P10','O2','I2'}
7.07580346974852;3.00122072470134;-10.6991568223118;-14.4758326380416;-0.847753820376159;-0.507987043436836;16;3;[0.25 1] ;RDK2;center;17;blau;not attended;not attended;{'P7','P5','P9','PO3','PO7','O1','I1','POz','Oz','Iz','P8','P6','PO4','PO8','P10','O2','I2'}
6.964268255018;2.32455058847617;-0.813952423511932;37.240983456673;-0.0571510122911967;0.630777686294927;16;3;[0.25 1] ;RDK3;center;20;orange;attended;primed;{'P7','P5','P9','PO3','PO7','O1','I1','POz','Oz','Iz','P8','P6','PO4','PO8','P10','O2','I2'}
5.77977280703066;1.00458130604541;7.68722034501053;-7.90051393864409;0.412587370807768;-0.0861753843623589;16;1;[1 1.75] ;RDK1;center;23;grün;attended;primed;{'P7','P5','P9','PO3','PO7','O1','I1','POz','Oz','Iz','P8','P6','PO4','PO8','P10','O2','I2'}
7.56766903022835;3.74654403854819;-5.24466052650359;7.2320567542747;-0.418866686152117;0.252678349546717;16;1;[1 1.75] ;RDK2;center;17;blau;attended;nonprimed;{'P7','P5','P9','PO3','PO7','O1','I1','POz','Oz','Iz','P8','P6','PO4','PO8','P10','O2','I2'}
6.66595374189351;1.69067163300191;-2.64893021335082;4.24586601440451;-0.181381122019496;0.0688599510227934;16;1;[1 1.75] ;RDK3;center;20;orange;not attended;not attended;{'P7','P5','P9','PO3','PO7','O1','I1','POz','Oz','Iz','P8','P6','PO4','PO8','P10','O2','I2'}
6.22546455547281;1.38649414971943;11.5580422449181;4.72231106846674;0.644993232925553;0.0625220796101773;16;2;[1 1.75] ;RDK1;center;23;grün;not attended;not attended;{'P7','P5','P9','PO3','PO7','O1','I1','POz','Oz','Iz','P8','P6','PO4','PO8','P10','O2','I2'}
7.60566385515135;3.33349841185824;-4.33649953754615;-9.29718937583212;-0.344770551267253;-0.34168914729114;16;2;[1 1.75] ;RDK2;center;17;blau;attended;primed;{'P7','P5','P9','PO3','PO7','O1','I1','POz','Oz','Iz','P8','P6','PO4','PO8','P10','O2','I2'}
6.96536393942337;2.09099245475968;-0.741255055759604;7.51474969103323;-0.0520166886877691;0.146150039399372;16;2;[1 1.75] ;RDK3;center;20;orange;attended;nonprimed;{'P7','P5','P9','PO3','PO7','O1','I1','POz','Oz','Iz','P8','P6','PO4','PO8','P10','O2','I2'}
5.8579965371352;0.988652577362449;9.01987418079078;-16.2943386548419;0.484667516941399;-0.192453409347059;16;3;[1 1.75] ;RDK1;center;23;grün;attended;nonprimed;{'P7','P5','P9','PO3','PO7','O1','I1','POz','Oz','Iz','P8','P6','PO4','PO8','P10','O2','I2'}
7.32009434268485;3.73870847235977;-7.61606088457181;6.53995771653493;-0.603462947439824;0.229500704221596;16;3;[1 1.75] ;RDK2;center;17;blau;not attended;not attended;{'P7','P5','P9','PO3','PO7','O1','I1','POz','Oz','Iz','P8','P6','PO4','PO8','P10','O2','I2'}
6.72649541267982;2.04498019935858;-4.20034530629021;20.7352058074049;-0.294923854629379;0.351207297177336;16;3;[1 1.75] ;RDK3;center;20;orange;attended;primed;{'P7','P5','P9','PO3','PO7','O1','I1','POz','Oz','Iz','P8','P6','PO4','PO8','P10','O2','I2'}
6.6716791666471;2.81819492443654;0;0;0;0;17;1;[-0.75 0] ;RDK1;center;23;grün;attended;primed;{'P7','P5','P9','PO3','PO7','O1','I1','POz','Oz','Iz','P8','P6','PO4','PO8','P10','O2','I2'}
8.73879031358261;3.02287597516004;0;0;0;0;17;1;[-0.75 0] ;RDK2;center;20;blau;attended;nonprimed;{'P7','P5','P9','PO3','PO7','O1','I1','POz','Oz','Iz','P8','P6','PO4','PO8','P10','O2','I2'}
15.489115725815;11.2095476620877;0;0;0;0;17;1;[-0.75 0] ;RDK3;center;17;orange;not attended;not attended;{'P7','P5','P9','PO3','PO7','O1','I1','POz','Oz','Iz','P8','P6','PO4','PO8','P10','O2','I2'}
6.85317508343658;3.07525736471107;0;0;0;0;17;2;[-0.75 0] ;RDK1;center;23;grün;not attended;not attended;{'P7','P5','P9','PO3','PO7','O1','I1','POz','Oz','Iz','P8','P6','PO4','PO8','P10','O2','I2'}
8.39598109603468;2.45868499624244;0;0;0;0;17;2;[-0.75 0] ;RDK2;center;20;blau;attended;primed;{'P7','P5','P9','PO3','PO7','O1','I1','POz','Oz','Iz','P8','P6','PO4','PO8','P10','O2','I2'}
14.7479615038876;10.6321282602543;0;0;0;0;17;2;[-0.75 0] ;RDK3;center;17;orange;attended;nonprimed;{'P7','P5','P9','PO3','PO7','O1','I1','POz','Oz','Iz','P8','P6','PO4','PO8','P10','O2','I2'}
7.06674339113192;2.92092007101931;0;0;0;0;17;3;[-0.75 0] ;RDK1;center;23;grün;attended;nonprimed;{'P7','P5','P9','PO3','PO7','O1','I1','POz','Oz','Iz','P8','P6','PO4','PO8','P10','O2','I2'}
8.56257347391741;2.46654601071485;0;0;0;0;17;3;[-0.75 0] ;RDK2;center;20;blau;not attended;not attended;{'P7','P5','P9','PO3','PO7','O1','I1','POz','Oz','Iz','P8','P6','PO4','PO8','P10','O2','I2'}
14.9962416687702;9.83318091194015;0;0;0;0;17;3;[-0.75 0] ;RDK3;center;17;orange;attended;primed;{'P7','P5','P9','PO3','PO7','O1','I1','POz','Oz','Iz','P8','P6','PO4','PO8','P10','O2','I2'}
6.42742772339696;3.36436784860775;-3.66101902008722;19.3802394374976;-0.244251443250147;0.546172924171206;17;1;[0.25 1] ;RDK1;center;23;grün;attended;primed;{'P7','P5','P9','PO3','PO7','O1','I1','POz','Oz','Iz','P8','P6','PO4','PO8','P10','O2','I2'}
6.68885690594151;2.19608743212342;-23.4578624052223;-27.3510573980081;-2.0499334076411;-0.82678854303662;17;1;[0.25 1] ;RDK2;center;20;blau;attended;nonprimed;{'P7','P5','P9','PO3','PO7','O1','I1','POz','Oz','Iz','P8','P6','PO4','PO8','P10','O2','I2'}
11.2928121834319;7.98209963341105;-27.0919503518805;-28.7919559822413;-4.19630354238312;-3.22744802867665;17;1;[0.25 1] ;RDK3;center;17;orange;not attended;not attended;{'P7','P5','P9','PO3','PO7','O1','I1','POz','Oz','Iz','P8','P6','PO4','PO8','P10','O2','I2'}
6.10451587616588;2.59274862929167;-10.9242679218882;-15.6900277991768;-0.748659207270696;-0.482508735419399;17;2;[0.25 1] ;RDK1;center;23;grün;not attended;not attended;{'P7','P5','P9','PO3','PO7','O1','I1','POz','Oz','Iz','P8','P6','PO4','PO8','P10','O2','I2'}
7.16867633966299;3.57140170556927;-14.6177646463654;45.2565786600309;-1.22730475637168;1.11271670932683;17;2;[0.25 1] ;RDK2;center;20;blau;attended;primed;{'P7','P5','P9','PO3','PO7','O1','I1','POz','Oz','Iz','P8','P6','PO4','PO8','P10','O2','I2'}
11.6003405950728;8.35333522736217;-21.3427524067318;-21.4330844879936;-3.14762090881486;-2.27879303289215;17;2;[0.25 1] ;RDK3;center;17;orange;attended;nonprimed;{'P7','P5','P9','PO3','PO7','O1','I1','POz','Oz','Iz','P8','P6','PO4','PO8','P10','O2','I2'}
6.14000624553111;2.95961728462806;-13.1140625081106;1.32482959710878;-0.926737145600815;0.0386972136087547;17;3;[0.25 1] ;RDK1;center;23;grün;attended;nonprimed;{'P7','P5','P9','PO3','PO7','O1','I1','POz','Oz','Iz','P8','P6','PO4','PO8','P10','O2','I2'}
7.03659862846271;2.20225744037067;-17.8214511104985;-10.714925616473;-1.5259748454547;-0.264288570344179;17;3;[0.25 1] ;RDK2;center;20;blau;not attended;not attended;{'P7','P5','P9','PO3','PO7','O1','I1','POz','Oz','Iz','P8','P6','PO4','PO8','P10','O2','I2'}
11.9647546850179;9.23459893222308;-20.2149781972736;-6.08736872714528;-3.03148698375236;-0.598581979717064;17;3;[0.25 1] ;RDK3;center;17;orange;attended;primed;{'P7','P5','P9','PO3','PO7','O1','I1','POz','Oz','Iz','P8','P6','PO4','PO8','P10','O2','I2'}
6.01925424105441;2.51024558344578;-9.77902128229243;-10.927183862285;-0.65242492559269;-0.307949340990766;17;1;[1 1.75] ;RDK1;center;23;grün;attended;primed;{'P7','P5','P9','PO3','PO7','O1','I1','POz','Oz','Iz','P8','P6','PO4','PO8','P10','O2','I2'}
8.28664657972517;5.21695235412045;-5.17398538736742;72.5824147927292;-0.452143733857444;2.19407637896042;17;1;[1 1.75] ;RDK2;center;20;blau;attended;nonprimed;{'P7','P5','P9','PO3','PO7','O1','I1','POz','Oz','Iz','P8','P6','PO4','PO8','P10','O2','I2'}
11.2746253466714;8.53746920527376;-27.2093672340476;-23.8375225955931;-4.21449037914362;-2.67207845681393;17;1;[1 1.75] ;RDK3;center;17;orange;not attended;not attended;{'P7','P5','P9','PO3','PO7','O1','I1','POz','Oz','Iz','P8','P6','PO4','PO8','P10','O2','I2'}
5.83171667556417;2.08887805658228;-14.9048929209639;-32.0746913558391;-1.0214584078724;-0.986379308128789;17;2;[1 1.75] ;RDK1;center;23;grün;not attended;not attended;{'P7','P5','P9','PO3','PO7','O1','I1','POz','Oz','Iz','P8','P6','PO4','PO8','P10','O2','I2'}
7.7907768719876;4.55851550231692;-7.20826091822562;85.4046170730946;-0.605204224047078;2.09983050607448;17;2;[1 1.75] ;RDK2;center;20;blau;attended;primed;{'P7','P5','P9','PO3','PO7','O1','I1','POz','Oz','Iz','P8','P6','PO4','PO8','P10','O2','I2'}
11.968448220335;9.16931584679703;-18.8467625360965;-13.7584157908033;-2.77951328355263;-1.46281241345729;17;2;[1 1.75] ;RDK3;center;17;orange;attended;nonprimed;{'P7','P5','P9','PO3','PO7','O1','I1','POz','Oz','Iz','P8','P6','PO4','PO8','P10','O2','I2'}
5.96084310889784;2.2558187224072;-15.6493623869502;-22.7702686975616;-1.10590028223409;-0.665101348612104;17;3;[1 1.75] ;RDK1;center;23;grün;attended;nonprimed;{'P7','P5','P9','PO3','PO7','O1','I1','POz','Oz','Iz','P8','P6','PO4','PO8','P10','O2','I2'}
7.36243669803326;3.56107587404381;-14.0160756522546;44.3750028815291;-1.20013677588415;1.09452986332896;17;3;[1 1.75] ;RDK2;center;20;blau;not attended;not attended;{'P7','P5','P9','PO3','PO7','O1','I1','POz','Oz','Iz','P8','P6','PO4','PO8','P10','O2','I2'}
10.9609933072086;8.21862882456628;-26.9083977885277;-16.4194282789342;-4.03524836156163;-1.61455208737386;17;3;[1 1.75] ;RDK3;center;17;orange;attended;primed;{'P7','P5','P9','PO3','PO7','O1','I1','POz','Oz','Iz','P8','P6','PO4','PO8','P10','O2','I2'}
4.9307382861953;2.16046822327294;0;0;0;0;18;1;[-0.75 0] ;RDK1;center;17;grün;attended;primed;{'P7','P5','P9','PO3','PO7','O1','I1','POz','Oz','Iz','P8','P6','PO4','PO8','P10','O2','I2'}
3.46448723115533;1.6128326578917;0;0;0;0;18;1;[-0.75 0] ;RDK2;center;23;blau;attended;nonprimed;{'P7','P5','P9','PO3','PO7','O1','I1','POz','Oz','Iz','P8','P6','PO4','PO8','P10','O2','I2'}
4.61139391450321;2.1376603172915;0;0;0;0;18;1;[-0.75 0] ;RDK3;center;20;orange;not attended;not attended;{'P7','P5','P9','PO3','PO7','O1','I1','POz','Oz','Iz','P8','P6','PO4','PO8','P10','O2','I2'}
4.94150809788596;2.31405747368325;0;0;0;0;18;2;[-0.75 0] ;RDK1;center;17;grün;not attended;not attended;{'P7','P5','P9','PO3','PO7','O1','I1','POz','Oz','Iz','P8','P6','PO4','PO8','P10','O2','I2'}
3.67013347742245;1.72391249448466;0;0;0;0;18;2;[-0.75 0] ;RDK2;center;23;blau;attended;primed;{'P7','P5','P9','PO3','PO7','O1','I1','POz','Oz','Iz','P8','P6','PO4','PO8','P10','O2','I2'}
4.52618712429547;1.97090338170528;0;0;0;0;18;2;[-0.75 0] ;RDK3;center;20;orange;attended;nonprimed;{'P7','P5','P9','PO3','PO7','O1','I1','POz','Oz','Iz','P8','P6','PO4','PO8','P10','O2','I2'}
4.63940410484556;1.73948199500865;0;0;0;0;18;3;[-0.75 0] ;RDK1;center;17;grün;attended;nonprimed;{'P7','P5','P9','PO3','PO7','O1','I1','POz','Oz','Iz','P8','P6','PO4','PO8','P10','O2','I2'}
3.56011434701773;1.79738512190219;0;0;0;0;18;3;[-0.75 0] ;RDK2;center;23;blau;not attended;not attended;{'P7','P5','P9','PO3','PO7','O1','I1','POz','Oz','Iz','P8','P6','PO4','PO8','P10','O2','I2'}
4.38281120973475;1.80706123839137;0;0;0;0;18;3;[-0.75 0] ;RDK3;center;20;orange;attended;primed;{'P7','P5','P9','PO3','PO7','O1','I1','POz','Oz','Iz','P8','P6','PO4','PO8','P10','O2','I2'}
4.77896542462828;1.81065620556137;-3.07809607319739;-16.1914909899318;-0.151772861567018;-0.349812017711579;18;1;[0.25 1] ;RDK1;center;17;grün;attended;primed;{'P7','P5','P9','PO3','PO7','O1','I1','POz','Oz','Iz','P8','P6','PO4','PO8','P10','O2','I2'}
3.41834579657645;1.88109379871938;-1.33184022628039;16.6329184565466;-0.0461414345788742;0.26826114082768;18;1;[0.25 1] ;RDK2;center;23;blau;attended;nonprimed;{'P7','P5','P9','PO3','PO7','O1','I1','POz','Oz','Iz','P8','P6','PO4','PO8','P10','O2','I2'}
4.4534473203426;1.97066172768627;-3.42513775853872;-7.81221358016421;-0.157946594160606;-0.166998589605228;18;1;[0.25 1] ;RDK3;center;20;orange;not attended;not attended;{'P7','P5','P9','PO3','PO7','O1','I1','POz','Oz','Iz','P8','P6','PO4','PO8','P10','O2','I2'}
4.36205510532155;2.07943185664949;-11.7262378424981;-10.1391438934447;-0.579452992564413;-0.234625617033756;18;2;[0.25 1] ;RDK1;center;17;grün;not attended;not attended;{'P7','P5','P9','PO3','PO7','O1','I1','POz','Oz','Iz','P8','P6','PO4','PO8','P10','O2','I2'}
3.66706204414368;1.96445870480386;-0.0836872363815799;13.9535046638847;-0.00307143327877002;0.240546210319208;18;2;[0.25 1] ;RDK2;center;23;blau;attended;primed;{'P7','P5','P9','PO3','PO7','O1','I1','POz','Oz','Iz','P8','P6','PO4','PO8','P10','O2','I2'}
4.13602673737712;1.78490301798102;-8.62006753596356;-9.43731516475105;-0.390160386918357;-0.186000363724264;18;2;[0.25 1] ;RDK3;center;20;orange;attended;nonprimed;{'P7','P5','P9','PO3','PO7','O1','I1','POz','Oz','Iz','P8','P6','PO4','PO8','P10','O2','I2'}
4.39836731215947;1.87935962908948;-5.19542568913829;8.04133842616352;-0.241036792686082;0.139877634080826;18;3;[0.25 1] ;RDK1;center;17;grün;attended;nonprimed;{'P7','P5','P9','PO3','PO7','O1','I1','POz','Oz','Iz','P8','P6','PO4','PO8','P10','O2','I2'}
3.59731056895191;1.89193096595113;1.04480413572512;5.26018842021332;0.0371962219341846;0.094545844048936;18;3;[0.25 1] ;RDK2;center;23;blau;not attended;not attended;{'P7','P5','P9','PO3','PO7','O1','I1','POz','Oz','Iz','P8','P6','PO4','PO8','P10','O2','I2'}
4.16180340413055;1.77234100007633;-5.04260382270895;-1.92136478705845;-0.2210078056042;-0.0347202383150342;18;3;[0.25 1] ;RDK3;center;20;orange;attended;primed;{'P7','P5','P9','PO3','PO7','O1','I1','POz','Oz','Iz','P8','P6','PO4','PO8','P10','O2','I2'}
4.65767094883983;2.26542684772975;-5.53806187848128;4.85814247699503;-0.273067337355463;0.104958624456803;18;1;[1 1.75] ;RDK1;center;17;grün;attended;primed;{'P7','P5','P9','PO3','PO7','O1','I1','POz','Oz','Iz','P8','P6','PO4','PO8','P10','O2','I2'}
3.44989134175745;1.83797938036163;-0.421300135460689;13.9597075597568;-0.0145958893978757;0.225146722469934;18;1;[1 1.75] ;RDK2;center;23;blau;attended;nonprimed;{'P7','P5','P9','PO3','PO7','O1','I1','POz','Oz','Iz','P8','P6','PO4','PO8','P10','O2','I2'}
4.3536824122813;2.07232106878207;-5.58858139209037;-3.05657769763046;-0.257711502221914;-0.0653392485094284;18;1;[1 1.75] ;RDK3;center;20;orange;not attended;not attended;{'P7','P5','P9','PO3','PO7','O1','I1','POz','Oz','Iz','P8','P6','PO4','PO8','P10','O2','I2'}
4.28106781044697;1.72475286023649;-13.3651564331451;-25.4662911422321;-0.660440287438993;-0.589304613446758;18;2;[1 1.75] ;RDK1;center;17;grün;not attended;not attended;{'P7','P5','P9','PO3','PO7','O1','I1','POz','Oz','Iz','P8','P6','PO4','PO8','P10','O2','I2'}
3.67664087412044;2.17947659179636;0.177306812900113;26.4261729507267;0.00650739669799805;0.455564097311701;18;2;[1 1.75] ;RDK2;center;23;blau;attended;primed;{'P7','P5','P9','PO3','PO7','O1','I1','POz','Oz','Iz','P8','P6','PO4','PO8','P10','O2','I2'}
4.50141100754026;2.38620045201271;-0.547394883923857;21.0714068564894;-0.0247761167552136;0.415297070307429;18;2;[1 1.75] ;RDK3;center;20;orange;attended;nonprimed;{'P7','P5','P9','PO3','PO7','O1','I1','POz','Oz','Iz','P8','P6','PO4','PO8','P10','O2','I2'}
4.76766958603492;2.22416213920079;2.7646973251457;27.86347576939;0.128265481189366;0.484680144192137;18;3;[1 1.75] ;RDK1;center;17;grün;attended;nonprimed;{'P7','P5','P9','PO3','PO7','O1','I1','POz','Oz','Iz','P8','P6','PO4','PO8','P10','O2','I2'}
3.59687717791596;2.00496873596675;1.03263062123353;11.5492006434809;0.0367628308982333;0.207583614064557;18;3;[1 1.75] ;RDK2;center;23;blau;not attended;not attended;{'P7','P5','P9','PO3','PO7','O1','I1','POz','Oz','Iz','P8','P6','PO4','PO8','P10','O2','I2'}
4.54995395371277;2.3953122251174;3.81359670721801;32.5529082373375;0.167142743978026;0.588250986726036;18;3;[1 1.75] ;RDK3;center;20;orange;attended;primed;{'P7','P5','P9','PO3','PO7','O1','I1','POz','Oz','Iz','P8','P6','PO4','PO8','P10','O2','I2'}
8.36238937464235;3.03846063818867;0;0;0;0;19;1;[-0.75 0] ;RDK1;center;20;orange;attended;primed;{'P7','P5','P9','PO3','PO7','O1','I1','POz','Oz','Iz','P8','P6','PO4','PO8','P10','O2','I2'}
8.08350513855257;1.62342200532758;0;0;0;0;19;1;[-0.75 0] ;RDK2;center;23;grün;attended;nonprimed;{'P7','P5','P9','PO3','PO7','O1','I1','POz','Oz','Iz','P8','P6','PO4','PO8','P10','O2','I2'}
10.3209867757909;6.41638407542695;0;0;0;0;19;1;[-0.75 0] ;RDK3;center;17;blau;not attended;not attended;{'P7','P5','P9','PO3','PO7','O1','I1','POz','Oz','Iz','P8','P6','PO4','PO8','P10','O2','I2'}
8.78569588078633;3.1683289424866;0;0;0;0;19;2;[-0.75 0] ;RDK1;center;20;orange;not attended;not attended;{'P7','P5','P9','PO3','PO7','O1','I1','POz','Oz','Iz','P8','P6','PO4','PO8','P10','O2','I2'}
7.97289606456843;0.985574886337664;0;0;0;0;19;2;[-0.75 0] ;RDK2;center;23;grün;attended;primed;{'P7','P5','P9','PO3','PO7','O1','I1','POz','Oz','Iz','P8','P6','PO4','PO8','P10','O2','I2'}
10.5198905651386;6.48510641803569;0;0;0;0;19;2;[-0.75 0] ;RDK3;center;17;blau;attended;nonprimed;{'P7','P5','P9','PO3','PO7','O1','I1','POz','Oz','Iz','P8','P6','PO4','PO8','P10','O2','I2'}
8.81700676490818;3.47025207554863;0;0;0;0;19;3;[-0.75 0] ;RDK1;center;20;orange;attended;nonprimed;{'P7','P5','P9','PO3','PO7','O1','I1','POz','Oz','Iz','P8','P6','PO4','PO8','P10','O2','I2'}
7.97489409209377;1.46820503567678;0;0;0;0;19;3;[-0.75 0] ;RDK2;center;23;grün;not attended;not attended;{'P7','P5','P9','PO3','PO7','O1','I1','POz','Oz','Iz','P8','P6','PO4','PO8','P10','O2','I2'}
10.3222525756284;6.47626711124748;0;0;0;0;19;3;[-0.75 0] ;RDK3;center;17;blau;attended;primed;{'P7','P5','P9','PO3','PO7','O1','I1','POz','Oz','Iz','P8','P6','PO4','PO8','P10','O2','I2'}
8.61174541361192;3.7833812746527;2.98187548795203;24.5163826413135;0.249356038969566;0.744920636464029;19;1;[0.25 1] ;RDK1;center;20;orange;attended;primed;{'P7','P5','P9','PO3','PO7','O1','I1','POz','Oz','Iz','P8','P6','PO4','PO8','P10','O2','I2'}
8.63019643002506;1.21962992213161;6.76304749118255;-24.8728969960274;0.546691291472492;-0.403792083195971;19;1;[0.25 1] ;RDK2;center;23;grün;attended;nonprimed;{'P7','P5','P9','PO3','PO7','O1','I1','POz','Oz','Iz','P8','P6','PO4','PO8','P10','O2','I2'}
8.7682029995983;4.83519897687489;-15.0449158585774;-24.6429309711614;-1.55278377619264;-1.58118509855206;19;1;[0.25 1] ;RDK3;center;17;blau;not attended;not attended;{'P7','P5','P9','PO3','PO7','O1','I1','POz','Oz','Iz','P8','P6','PO4','PO8','P10','O2','I2'}
9.24889295241412;3.50879125061078;5.27217283540138;10.7458005246442;0.463197071627794;0.34046230812418;19;2;[0.25 1] ;RDK1;center;20;orange;not attended;not attended;{'P7','P5','P9','PO3','PO7','O1','I1','POz','Oz','Iz','P8','P6','PO4','PO8','P10','O2','I2'}
8.69572192079881;1.73100866478493;9.06603886939674;75.6344128468258;0.722825856230378;0.745433778447263;19;2;[0.25 1] ;RDK2;center;23;grün;attended;primed;{'P7','P5','P9','PO3','PO7','O1','I1','POz','Oz','Iz','P8','P6','PO4','PO8','P10','O2','I2'}
9.48214110206155;5.75457361785535;-9.86464123986229;-11.2647773697076;-1.03774946307704;-0.730532800180341;19;2;[0.25 1] ;RDK3;center;17;blau;attended;nonprimed;{'P7','P5','P9','PO3','PO7','O1','I1','POz','Oz','Iz','P8','P6','PO4','PO8','P10','O2','I2'}
9.1299882906055;3.04158909746964;3.549748049905;-12.3525026063479;0.312981525697319;-0.428662978078985;19;3;[0.25 1] ;RDK1;center;20;orange;attended;nonprimed;{'P7','P5','P9','PO3','PO7','O1','I1','POz','Oz','Iz','P8','P6','PO4','PO8','P10','O2','I2'}
8.30441599517926;1.62480388645808;4.1319909616377;10.6660069251912;0.329521903085493;0.156598850781292;19;3;[0.25 1] ;RDK2;center;23;grün;not attended;not attended;{'P7','P5','P9','PO3','PO7','O1','I1','POz','Oz','Iz','P8','P6','PO4','PO8','P10','O2','I2'}
10.2798611934368;7.09452327775739;-0.4106795670899;9.54648960411428;-0.0423913821915161;0.618256166509913;19;3;[0.25 1] ;RDK3;center;17;blau;attended;primed;{'P7','P5','P9','PO3','PO7','O1','I1','POz','Oz','Iz','P8','P6','PO4','PO8','P10','O2','I2'}
9.27855503289408;3.76052111090578;10.9557880793002;23.7640225988762;0.916165658251732;0.722060472717113;19;1;[1 1.75] ;RDK1;center;20;orange;attended;primed;{'P7','P5','P9','PO3','PO7','O1','I1','POz','Oz','Iz','P8','P6','PO4','PO8','P10','O2','I2'}
9.56260168282694;1.13951733593757;18.2977126744207;-29.8076943519292;1.47909654427438;-0.483904669390005;19;1;[1 1.75] ;RDK2;center;23;grün;attended;nonprimed;{'P7','P5','P9','PO3','PO7','O1','I1','POz','Oz','Iz','P8','P6','PO4','PO8','P10','O2','I2'}
8.68359667575197;4.96630086793619;-15.8646661952872;-22.5996946324362;-1.63739010003897;-1.45008320749076;19;1;[1 1.75] ;RDK3;center;17;blau;not attended;not attended;{'P7','P5','P9','PO3','PO7','O1','I1','POz','Oz','Iz','P8','P6','PO4','PO8','P10','O2','I2'}
8.97955117721903;3.5910818580184;2.20648767113198;13.3430878928882;0.193855296432702;0.422752915531801;19;2;[1 1.75] ;RDK1;center;20;orange;not attended;not attended;{'P7','P5','P9','PO3','PO7','O1','I1','POz','Oz','Iz','P8','P6','PO4','PO8','P10','O2','I2'}
9.5189814826482;1.55465930838526;19.3917668756599;57.7413680011951;1.54608541807977;0.569084422047591;19;2;[1 1.75] ;RDK2;center;23;grün;attended;primed;{'P7','P5','P9','PO3','PO7','O1','I1','POz','Oz','Iz','P8','P6','PO4','PO8','P10','O2','I2'}
9.60283384279967;6.77791688938486;-8.71735990655566;4.51512207316813;-0.917056722338923;0.292810471349172;19;2;[1 1.75] ;RDK3;center;17;blau;attended;nonprimed;{'P7','P5','P9','PO3','PO7','O1','I1','POz','Oz','Iz','P8','P6','PO4','PO8','P10','O2','I2'}
9.37539983766651;4.29109921957033;6.33313649004714;23.6538189777449;0.558393072758324;0.820847144021708;19;3;[1 1.75] ;RDK1;center;20;orange;attended;nonprimed;{'P7','P5','P9','PO3','PO7','O1','I1','POz','Oz','Iz','P8','P6','PO4','PO8','P10','O2','I2'}
9.32519759527698;1.13838085441163;16.9319302249029;-22.4644496681702;1.35030350318322;-0.329824181265151;19;3;[1 1.75] ;RDK2;center;23;grün;not attended;not attended;{'P7','P5','P9','PO3','PO7','O1','I1','POz','Oz','Iz','P8','P6','PO4','PO8','P10','O2','I2'}
9.6300771506124;6.68784529752861;-6.70566254743894;3.26697745239188;-0.692175425015963;0.211578186281127;19;3;[1 1.75] ;RDK3;center;17;blau;attended;primed;{'P7','P5','P9','PO3','PO7','O1','I1','POz','Oz','Iz','P8','P6','PO4','PO8','P10','O2','I2'}
6.93883021708527;4.71917042095737;0;0;0;0;20;1;[-0.75 0] ;RDK1;center;23;orange;attended;primed;{'P7','P5','P9','PO3','PO7','O1','I1','POz','Oz','Iz','P8','P6','PO4','PO8','P10','O2','I2'}
7.35691474249999;4.21014208923098;0;0;0;0;20;1;[-0.75 0] ;RDK2;center;20;blau;attended;nonprimed;{'P7','P5','P9','PO3','PO7','O1','I1','POz','Oz','Iz','P8','P6','PO4','PO8','P10','O2','I2'}
8.31403778904703;5.15125189809238;0;0;0;0;20;1;[-0.75 0] ;RDK3;center;17;grün;not attended;not attended;{'P7','P5','P9','PO3','PO7','O1','I1','POz','Oz','Iz','P8','P6','PO4','PO8','P10','O2','I2'}
7.1346966249371;4.9549145423449;0;0;0;0;20;2;[-0.75 0] ;RDK1;center;23;orange;not attended;not attended;{'P7','P5','P9','PO3','PO7','O1','I1','POz','Oz','Iz','P8','P6','PO4','PO8','P10','O2','I2'}
7.84550043900088;4.41440694688132;0;0;0;0;20;2;[-0.75 0] ;RDK2;center;20;blau;attended;primed;{'P7','P5','P9','PO3','PO7','O1','I1','POz','Oz','Iz','P8','P6','PO4','PO8','P10','O2','I2'}
8.70100905992327;5.18417343618643;0;0;0;0;20;2;[-0.75 0] ;RDK3;center;17;grün;attended;nonprimed;{'P7','P5','P9','PO3','PO7','O1','I1','POz','Oz','Iz','P8','P6','PO4','PO8','P10','O2','I2'}
7.06039038502792;4.90478310892485;0;0;0;0;20;3;[-0.75 0] ;RDK1;center;23;orange;attended;nonprimed;{'P7','P5','P9','PO3','PO7','O1','I1','POz','Oz','Iz','P8','P6','PO4','PO8','P10','O2','I2'}
7.44629013700183;4.02288037349735;0;0;0;0;20;3;[-0.75 0] ;RDK2;center;20;blau;not attended;not attended;{'P7','P5','P9','PO3','PO7','O1','I1','POz','Oz','Iz','P8','P6','PO4','PO8','P10','O2','I2'}
8.4767143737137;4.95219923306375;0;0;0;0;20;3;[-0.75 0] ;RDK3;center;17;grün;attended;primed;{'P7','P5','P9','PO3','PO7','O1','I1','POz','Oz','Iz','P8','P6','PO4','PO8','P10','O2','I2'}
7.2685177995069;5.75863045696759;4.75134240364963;22.026329699688;0.329687582421626;1.03946003601022;20;1;[0.25 1] ;RDK1;center;23;orange;attended;primed;{'P7','P5','P9','PO3','PO7','O1','I1','POz','Oz','Iz','P8','P6','PO4','PO8','P10','O2','I2'}
6.30702542287732;3.3255236704425;-14.2707827448047;-21.0116048351722;-1.04988931962268;-0.884618418788479;20;1;[0.25 1] ;RDK2;center;20;blau;attended;nonprimed;{'P7','P5','P9','PO3','PO7','O1','I1','POz','Oz','Iz','P8','P6','PO4','PO8','P10','O2','I2'}
6.56227333836965;3.39314718645622;-21.0699601700772;-34.1296590890308;-1.75176445067738;-1.75810471163616;20;1;[0.25 1] ;RDK3;center;17;grün;not attended;not attended;{'P7','P5','P9','PO3','PO7','O1','I1','POz','Oz','Iz','P8','P6','PO4','PO8','P10','O2','I2'}
6.09748394133279;4.40351685301751;-14.5375863632248;-11.1282986742784;-1.03721268360431;-0.551397689327395;20;2;[0.25 1] ;RDK1;center;23;orange;not attended;not attended;{'P7','P5','P9','PO3','PO7','O1','I1','POz','Oz','Iz','P8','P6','PO4','PO8','P10','O2','I2'}
6.84850686491884;4.31252646931696;-12.7078391217197;-2.30790859996139;-0.996993574082042;-0.101880477564367;20;2;[0.25 1] ;RDK2;center;20;blau;attended;primed;{'P7','P5','P9','PO3','PO7','O1','I1','POz','Oz','Iz','P8','P6','PO4','PO8','P10','O2','I2'}
6.33991845808418;3.28519869666563;-27.1358251161264;-36.6302316636558;-2.36109060183909;-1.8989747395208;20;2;[0.25 1] ;RDK3;center;17;grün;attended;nonprimed;{'P7','P5','P9','PO3','PO7','O1','I1','POz','Oz','Iz','P8','P6','PO4','PO8','P10','O2','I2'}
6.41294540323283;4.83410149623905;-9.17010174349629;-1.44107519366516;-0.647444981795091;-0.070681612685795;20;3;[0.25 1] ;RDK1;center;23;orange;attended;nonprimed;{'P7','P5','P9','PO3','PO7','O1','I1','POz','Oz','Iz','P8','P6','PO4','PO8','P10','O2','I2'}
6.23214795362895;3.25321878674883;-16.305330050727;-19.1321022573538;-1.21414218337288;-0.769661586748529;20;3;[0.25 1] ;RDK2;center;20;blau;not attended;not attended;{'P7','P5','P9','PO3','PO7','O1','I1','POz','Oz','Iz','P8','P6','PO4','PO8','P10','O2','I2'}
6.78242429241336;3.45082977926569;-19.9875801708542;-30.3172264107236;-1.69429008130035;-1.50136945379805;20;3;[0.25 1] ;RDK3;center;17;grün;attended;primed;{'P7','P5','P9','PO3','PO7','O1','I1','POz','Oz','Iz','P8','P6','PO4','PO8','P10','O2','I2'}
7.03693956595201;5.33810454499128;1.41391770366657;13.115316227727;0.0981093488667346;0.618934124033915;20;1;[1 1.75] ;RDK1;center;23;orange;attended;primed;{'P7','P5','P9','PO3','PO7','O1','I1','POz','Oz','Iz','P8','P6','PO4','PO8','P10','O2','I2'}
8.06861007914824;5.82734730664422;9.67382879316061;38.4121291666104;0.711695336648241;1.61720521741323;20;1;[1 1.75] ;RDK2;center;20;blau;attended;nonprimed;{'P7','P5','P9','PO3','PO7','O1','I1','POz','Oz','Iz','P8','P6','PO4','PO8','P10','O2','I2'}
7.24871612566089;4.59553456791925;-12.8135292431507;-10.7880053464076;-1.06532166338614;-0.55571733017313;20;1;[1 1.75] ;RDK3;center;17;grün;not attended;not attended;{'P7','P5','P9','PO3','PO7','O1','I1','POz','Oz','Iz','P8','P6','PO4','PO8','P10','O2','I2'}
6.98830197407649;5.43655114260195;-2.0518693163341;9.72038157552384;-0.146394650860609;0.481636600257045;20;2;[1 1.75] ;RDK1;center;23;orange;not attended;not attended;{'P7','P5','P9','PO3','PO7','O1','I1','POz','Oz','Iz','P8','P6','PO4','PO8','P10','O2','I2'}
7.64739674140965;5.56182112089649;-2.52506132822887;25.9924875033505;-0.198103697591238;1.14741417401517;20;2;[1 1.75] ;RDK2;center;20;blau;attended;primed;{'P7','P5','P9','PO3','PO7','O1','I1','POz','Oz','Iz','P8','P6','PO4','PO8','P10','O2','I2'}
7.49585380381588;5.14009038463437;-13.850752801285;-0.850339057801441;-1.20515525610738;-0.04408305155206;20;2;[1 1.75] ;RDK3;center;17;grün;attended;nonprimed;{'P7','P5','P9','PO3','PO7','O1','I1','POz','Oz','Iz','P8','P6','PO4','PO8','P10','O2','I2'}
7.30718002276183;5.89954727915078;3.49541065402337;20.2815119065272;0.246789637733908;0.994764170225928;20;3;[1 1.75] ;RDK1;center;23;orange;attended;nonprimed;{'P7','P5','P9','PO3','PO7','O1','I1','POz','Oz','Iz','P8','P6','PO4','PO8','P10','O2','I2'}
7.3883803484127;4.99389062100406;-0.777699868305815;24.1371892115833;-0.0579097885891322;0.971010247506707;20;3;[1 1.75] ;RDK2;center;20;blau;not attended;not attended;{'P7','P5','P9','PO3','PO7','O1','I1','POz','Oz','Iz','P8','P6','PO4','PO8','P10','O2','I2'}
7.23764755499309;4.65228791258454;-14.6173005730022;-6.05612388283626;-1.23906681872062;-0.299911320479207;20;3;[1 1.75] ;RDK3;center;17;grün;attended;primed;{'P7','P5','P9','PO3','PO7','O1','I1','POz','Oz','Iz','P8','P6','PO4','PO8','P10','O2','I2'}
5.95366083335013;2.7499729284334;0;0;0;0;21;1;[-0.75 0] ;RDK1;center;20;orange;attended;primed;{'P7','P5','P9','PO3','PO7','O1','I1','POz','Oz','Iz','P8','P6','PO4','PO8','P10','O2','I2'}
5.15761937275192;0.94691479637612;0;0;0;0;21;1;[-0.75 0] ;RDK2;center;23;blau;attended;nonprimed;{'P7','P5','P9','PO3','PO7','O1','I1','POz','Oz','Iz','P8','P6','PO4','PO8','P10','O2','I2'}
5.58975692464216;1.16372521255351;0;0;0;0;21;1;[-0.75 0] ;RDK3;center;17;grün;not attended;not attended;{'P7','P5','P9','PO3','PO7','O1','I1','POz','Oz','Iz','P8','P6','PO4','PO8','P10','O2','I2'}
5.91792143308199;2.72701225183668;0;0;0;0;21;2;[-0.75 0] ;RDK1;center;20;orange;not attended;not attended;{'P7','P5','P9','PO3','PO7','O1','I1','POz','Oz','Iz','P8','P6','PO4','PO8','P10','O2','I2'}
5.02322457386897;0.721310543393657;0;0;0;0;21;2;[-0.75 0] ;RDK2;center;23;blau;attended;primed;{'P7','P5','P9','PO3','PO7','O1','I1','POz','Oz','Iz','P8','P6','PO4','PO8','P10','O2','I2'}
5.50041680745949;1.04982476902291;0;0;0;0;21;2;[-0.75 0] ;RDK3;center;17;grün;attended;nonprimed;{'P7','P5','P9','PO3','PO7','O1','I1','POz','Oz','Iz','P8','P6','PO4','PO8','P10','O2','I2'}
5.86249041017903;2.45069774135745;0;0;0;0;21;3;[-0.75 0] ;RDK1;center;20;orange;attended;nonprimed;{'P7','P5','P9','PO3','PO7','O1','I1','POz','Oz','Iz','P8','P6','PO4','PO8','P10','O2','I2'}
5.18016034661375;0.787344324946134;0;0;0;0;21;3;[-0.75 0] ;RDK2;center;23;blau;not attended;not attended;{'P7','P5','P9','PO3','PO7','O1','I1','POz','Oz','Iz','P8','P6','PO4','PO8','P10','O2','I2'}
5.3093305691335;1.1098247686932;0;0;0;0;21;3;[-0.75 0] ;RDK3;center;17;grün;attended;primed;{'P7','P5','P9','PO3','PO7','O1','I1','POz','Oz','Iz','P8','P6','PO4','PO8','P10','O2','I2'}
5.32382422982298;2.81035925225435;-10.5789802468937;2.19588793753516;-0.629836603527155;0.0603863238209512;21;1;[0.25 1] ;RDK1;center;20;orange;attended;primed;{'P7','P5','P9','PO3','PO7','O1','I1','POz','Oz','Iz','P8','P6','PO4','PO8','P10','O2','I2'}
5.00073560654308;1.03936176366126;-3.04178643033773;9.7629657535125;-0.156883766208838;0.0924469672851433;21;1;[0.25 1] ;RDK2;center;23;blau;attended;nonprimed;{'P7','P5','P9','PO3','PO7','O1','I1','POz','Oz','Iz','P8','P6','PO4','PO8','P10','O2','I2'}
4.69711733943197;0.567746241269338;-15.9692021897237;-51.2130324972887;-0.892639585210187;-0.595978971284169;21;1;[0.25 1] ;RDK3;center;17;grün;not attended;not attended;{'P7','P5','P9','PO3','PO7','O1','I1','POz','Oz','Iz','P8','P6','PO4','PO8','P10','O2','I2'}
5.42784768963292;2.35994463363384;-8.28118029261927;-13.4604315750915;-0.490073743449078;-0.36706761820284;21;2;[0.25 1] ;RDK1;center;20;orange;not attended;not attended;{'P7','P5','P9','PO3','PO7','O1','I1','POz','Oz','Iz','P8','P6','PO4','PO8','P10','O2','I2'}
4.92420674125533;0.969999599611867;-1.97120059351384;34.4773909789486;-0.0990178326136384;0.24868905621821;21;2;[0.25 1] ;RDK2;center;23;blau;attended;primed;{'P7','P5','P9','PO3','PO7','O1','I1','POz','Oz','Iz','P8','P6','PO4','PO8','P10','O2','I2'}
4.79017219176659;0.93822314216001;-12.9125599123631;-10.6305004564497;-0.710244615692898;-0.111601626862903;21;2;[0.25 1] ;RDK3;center;17;grün;attended;nonprimed;{'P7','P5','P9','PO3','PO7','O1','I1','POz','Oz','Iz','P8','P6','PO4','PO8','P10','O2','I2'}
5.89010557114269;3.11126105062562;0.471048292304332;26.9540914050986;0.0276151609636539;0.660563309268174;21;3;[0.25 1] ;RDK1;center;20;orange;attended;nonprimed;{'P7','P5','P9','PO3','PO7','O1','I1','POz','Oz','Iz','P8','P6','PO4','PO8','P10','O2','I2'}
4.9407682526705;0.923172924718166;-4.62132594215436;17.2514864803687;-0.239392093943255;0.135828599772033;21;3;[0.25 1] ;RDK2;center;23;blau;not attended;not attended;{'P7','P5','P9','PO3','PO7','O1','I1','POz','Oz','Iz','P8','P6','PO4','PO8','P10','O2','I2'}
4.85370473300709;0.987686522439864;-8.58160610257056;-11.0051829530847;-0.455625836126405;-0.122138246253335;21;3;[0.25 1] ;RDK3;center;17;grün;attended;primed;{'P7','P5','P9','PO3','PO7','O1','I1','POz','Oz','Iz','P8','P6','PO4','PO8','P10','O2','I2'}
5.74598437520713;2.86206247984554;-3.48821446091918;4.07602381293248;-0.207676458143001;0.112089551412142;21;1;[1 1.75] ;RDK1;center;20;orange;attended;primed;{'P7','P5','P9','PO3','PO7','O1','I1','POz','Oz','Iz','P8','P6','PO4','PO8','P10','O2','I2'}
4.97198661959549;1.03435011781179;-3.59919450700725;9.23370526791722;-0.185632753156429;0.0874353214356696;21;1;[1 1.75] ;RDK2;center;23;blau;attended;nonprimed;{'P7','P5','P9','PO3','PO7','O1','I1','POz','Oz','Iz','P8','P6','PO4','PO8','P10','O2','I2'}
5.08702757563526;1.0917565265662;-8.99376047624965;-6.1843367498579;-0.502729349006894;-0.0719686859873085;21;1;[1 1.75] ;RDK3;center;17;grün;not attended;not attended;{'P7','P5','P9','PO3','PO7','O1','I1','POz','Oz','Iz','P8','P6','PO4','PO8','P10','O2','I2'}
5.50646470574772;2.48905236607763;-6.95272372211936;-8.72602921379552;-0.411456727334278;-0.237959885759052;21;2;[1 1.75] ;RDK1;center;20;orange;not attended;not attended;{'P7','P5','P9','PO3','PO7','O1','I1','POz','Oz','Iz','P8','P6','PO4','PO8','P10','O2','I2'}
4.82364025267001;0.902566619495528;-3.97323110412395;25.1287157469082;-0.19958432119896;0.181256076101871;21;2;[1 1.75] ;RDK2;center;23;blau;attended;primed;{'P7','P5','P9','PO3','PO7','O1','I1','POz','Oz','Iz','P8','P6','PO4','PO8','P10','O2','I2'}
5.28314273389756;1.13947595679517;-3.95013834710255;8.53963351004754;-0.217274073561931;0.0896511877722599;21;2;[1 1.75] ;RDK3;center;17;grün;attended;nonprimed;{'P7','P5','P9','PO3','PO7','O1','I1','POz','Oz','Iz','P8','P6','PO4','PO8','P10','O2','I2'}
5.71828147620637;2.88088694916052;-2.45985790820699;17.5537440029135;-0.144208933972665;0.43018920780307;21;3;[1 1.75] ;RDK1;center;20;orange;attended;nonprimed;{'P7','P5','P9','PO3','PO7','O1','I1','POz','Oz','Iz','P8','P6','PO4','PO8','P10','O2','I2'}
5.03545581161706;1.07255332600072;-2.79343737093547;36.2241768966968;-0.144704534996689;0.285209001054591;21;3;[1 1.75] ;RDK2;center;23;blau;not attended;not attended;{'P7','P5','P9','PO3','PO7','O1','I1','POz','Oz','Iz','P8','P6','PO4','PO8','P10','O2','I2'}
5.10176129146938;1.4467043470743;-3.90951881713387;30.354303479618;-0.207569277664115;0.336879578381102;21;3;[1 1.75] ;RDK3;center;17;grün;attended;primed;{'P7','P5','P9','PO3','PO7','O1','I1','POz','Oz','Iz','P8','P6','PO4','PO8','P10','O2','I2'}
15.3382550494164;8.68318798693057;0;0;0;0;22;1;[-0.75 0] ;RDK1;center;17;blau;attended;primed;{'P7','P5','P9','PO3','PO7','O1','I1','POz','Oz','Iz','P8','P6','PO4','PO8','P10','O2','I2'}
9.50433043656845;1.16582718511782;0;0;0;0;22;1;[-0.75 0] ;RDK2;center;20;grün;attended;nonprimed;{'P7','P5','P9','PO3','PO7','O1','I1','POz','Oz','Iz','P8','P6','PO4','PO8','P10','O2','I2'}
9.35363747523381;2.32521274105995;0;0;0;0;22;1;[-0.75 0] ;RDK3;center;23;orange;not attended;not attended;{'P7','P5','P9','PO3','PO7','O1','I1','POz','Oz','Iz','P8','P6','PO4','PO8','P10','O2','I2'}
14.6849566886867;8.02759692383028;0;0;0;0;22;2;[-0.75 0] ;RDK1;center;17;blau;not attended;not attended;{'P7','P5','P9','PO3','PO7','O1','I1','POz','Oz','Iz','P8','P6','PO4','PO8','P10','O2','I2'}
9.38762668031373;1.54449104103028;0;0;0;0;22;2;[-0.75 0] ;RDK2;center;20;grün;attended;primed;{'P7','P5','P9','PO3','PO7','O1','I1','POz','Oz','Iz','P8','P6','PO4','PO8','P10','O2','I2'}
8.90560994860274;2.37356124838553;0;0;0;0;22;2;[-0.75 0] ;RDK3;center;23;orange;attended;nonprimed;{'P7','P5','P9','PO3','PO7','O1','I1','POz','Oz','Iz','P8','P6','PO4','PO8','P10','O2','I2'}
14.73725830268;8.82939227242276;0;0;0;0;22;3;[-0.75 0] ;RDK1;center;17;blau;attended;nonprimed;{'P7','P5','P9','PO3','PO7','O1','I1','POz','Oz','Iz','P8','P6','PO4','PO8','P10','O2','I2'}
9.20039171115306;1.52820872761545;0;0;0;0;22;3;[-0.75 0] ;RDK2;center;20;grün;not attended;not attended;{'P7','P5','P9','PO3','PO7','O1','I1','POz','Oz','Iz','P8','P6','PO4','PO8','P10','O2','I2'}
9.4866352534402;2.13679183608267;0;0;0;0;22;3;[-0.75 0] ;RDK3;center;23;orange;attended;primed;{'P7','P5','P9','PO3','PO7','O1','I1','POz','Oz','Iz','P8','P6','PO4','PO8','P10','O2','I2'}
12.8657338888936;8.76552615608025;-16.1199637935139;0.948248146574882;-2.47252116052274;0.0823381691496827;22;1;[0.25 1] ;RDK1;center;17;blau;attended;primed;{'P7','P5','P9','PO3','PO7','O1','I1','POz','Oz','Iz','P8','P6','PO4','PO8','P10','O2','I2'}
8.6931584000048;1.3746440829667;-8.5347625693086;17.9114795498424;-0.811172036563649;0.208816897848882;22;1;[0.25 1] ;RDK2;center;20;grün;attended;nonprimed;{'P7','P5','P9','PO3','PO7','O1','I1','POz','Oz','Iz','P8','P6','PO4','PO8','P10','O2','I2'}
8.96022533183724;1.93204949910824;-4.20598023430175;-16.908699793744;-0.393412143396576;-0.393163241951714;22;1;[0.25 1] ;RDK3;center;23;orange;not attended;not attended;{'P7','P5','P9','PO3','PO7','O1','I1','POz','Oz','Iz','P8','P6','PO4','PO8','P10','O2','I2'}
11.1517196953027;6.29309864281529;-24.0602479686306;-21.6066937275594;-3.53323699338404;-1.73449828101499;22;2;[0.25 1] ;RDK1;center;17;blau;not attended;not attended;{'P7','P5','P9','PO3','PO7','O1','I1','POz','Oz','Iz','P8','P6','PO4','PO8','P10','O2','I2'}
8.6905779709104;1.80202790541886;-7.42518565278141;16.6745456947933;-0.697048709403335;0.257536864388582;22;2;[0.25 1] ;RDK2;center;20;grün;attended;primed;{'P7','P5','P9','PO3','PO7','O1','I1','POz','Oz','Iz','P8','P6','PO4','PO8','P10','O2','I2'}
9.17970085144043;2.59100292387052;3.07773307409109;9.1609886044816;0.274090902837694;0.21744167548499;22;2;[0.25 1] ;RDK3;center;23;orange;attended;nonprimed;{'P7','P5','P9','PO3','PO7','O1','I1','POz','Oz','Iz','P8','P6','PO4','PO8','P10','O2','I2'}
11.4348623267126;6.75392093324014;-22.4084826915655;-23.506389512957;-3.30239597596734;-2.07547133918262;22;3;[0.25 1] ;RDK1;center;17;blau;attended;nonprimed;{'P7','P5','P9','PO3','PO7','O1','I1','POz','Oz','Iz','P8','P6','PO4','PO8','P10','O2','I2'}
8.57465263297655;1.69296688165061;-6.8012221416395;10.7811289817874;-0.625739078176506;0.164758154035154;22;3;[0.25 1] ;RDK2;center;20;grün;not attended;not attended;{'P7','P5','P9','PO3','PO7','O1','I1','POz','Oz','Iz','P8','P6','PO4','PO8','P10','O2','I2'}
9.58859000270723;3.0736780549606;1.07471981944338;43.8454604261084;0.101954749267025;0.936886218877939;22;3;[0.25 1] ;RDK3;center;23;orange;attended;primed;{'P7','P5','P9','PO3','PO7','O1','I1','POz','Oz','Iz','P8','P6','PO4','PO8','P10','O2','I2'}
12.9193618998808;8.65949942623328;-15.770328122348;-0.272809488092873;-2.41889314953558;-0.0236885606972876;22;1;[1 1.75] ;RDK1;center;17;blau;attended;primed;{'P7','P5','P9','PO3','PO7','O1','I1','POz','Oz','Iz','P8','P6','PO4','PO8','P10','O2','I2'}
8.40269744018624;1.66617923476038;-11.5908532824534;42.9182005729256;-1.10163299638222;0.500352049642559;22;1;[1 1.75] ;RDK2;center;20;grün;attended;nonprimed;{'P7','P5','P9','PO3','PO7','O1','I1','POz','Oz','Iz','P8','P6','PO4','PO8','P10','O2','I2'}
8.88506686525647;1.28256572648141;-5.00950150375195;-44.8409298713566;-0.468570609977343;-1.04264701457854;22;1;[1 1.75] ;RDK3;center;23;orange;not attended;not attended;{'P7','P5','P9','PO3','PO7','O1','I1','POz','Oz','Iz','P8','P6','PO4','PO8','P10','O2','I2'}
11.3282026899346;6.57751508616754;-22.8584535175247;-18.0637101167612;-3.35675399875209;-1.45008183766274;22;2;[1 1.75] ;RDK1;center;17;blau;not attended;not attended;{'P7','P5','P9','PO3','PO7','O1','I1','POz','Oz','Iz','P8','P6','PO4','PO8','P10','O2','I2'}
8.51280713836532;2.27579364881796;-9.3188573825901;47.3491000180779;-0.874819541948414;0.73130260778768;22;2;[1 1.75] ;RDK2;center;20;grün;attended;primed;{'P7','P5','P9','PO3','PO7','O1','I1','POz','Oz','Iz','P8','P6','PO4','PO8','P10','O2','I2'}
8.79334774492014;1.92493603941542;-1.26057849300052;-18.9009324817406;-0.112262203682601;-0.448625208970109;22;2;[1 1.75] ;RDK3;center;23;orange;attended;nonprimed;{'P7','P5','P9','PO3','PO7','O1','I1','POz','Oz','Iz','P8','P6','PO4','PO8','P10','O2','I2'}
12.6163161005909;7.88979751923505;-14.3917013499273;-10.6416695985112;-2.12094220208906;-0.939594753187706;22;3;[1 1.75] ;RDK1;center;17;blau;attended;nonprimed;{'P7','P5','P9','PO3','PO7','O1','I1','POz','Oz','Iz','P8','P6','PO4','PO8','P10','O2','I2'}
8.76898381720841;1.6773947115937;-4.68901659286617;9.76214709956727;-0.43140789394465;0.149185983978245;22;3;[1 1.75] ;RDK2;center;20;grün;not attended;not attended;{'P7','P5','P9','PO3','PO7','O1','I1','POz','Oz','Iz','P8','P6','PO4','PO8','P10','O2','I2'}
9.73223200534803;2.2772944810973;2.5888710311569;6.57540162041326;0.245596751907831;0.140502645014638;22;3;[1 1.75] ;RDK3;center;23;orange;attended;primed;{'P7','P5','P9','PO3','PO7','O1','I1','POz','Oz','Iz','P8','P6','PO4','PO8','P10','O2','I2'}
6.12270109901601;1.09796311959152;0;0;0;0;23;1;[-0.75 0] ;RDK1;center;17;orange;attended;primed;{'P7','P5','P9','PO3','PO7','O1','I1','POz','Oz','Iz','P8','P6','PO4','PO8','P10','O2','I2'}
7.70866754475762;1.18582406950213;0;0;0;0;23;1;[-0.75 0] ;RDK2;center;23;blau;attended;nonprimed;{'P7','P5','P9','PO3','PO7','O1','I1','POz','Oz','Iz','P8','P6','PO4','PO8','P10','O2','I2'}
6.70301518073449;0.937630429324521;0;0;0;0;23;1;[-0.75 0] ;RDK3;center;20;grün;not attended;not attended;{'P7','P5','P9','PO3','PO7','O1','I1','POz','Oz','Iz','P8','P6','PO4','PO8','P10','O2','I2'}
6.41976428247685;1.24732007755481;0;0;0;0;23;2;[-0.75 0] ;RDK1;center;17;orange;not attended;not attended;{'P7','P5','P9','PO3','PO7','O1','I1','POz','Oz','Iz','P8','P6','PO4','PO8','P10','O2','I2'}
7.91182267180395;1.92665219199064;0;0;0;0;23;2;[-0.75 0] ;RDK2;center;23;blau;attended;primed;{'P7','P5','P9','PO3','PO7','O1','I1','POz','Oz','Iz','P8','P6','PO4','PO8','P10','O2','I2'}
6.73278762420378;1.00080649295139;0;0;0;0;23;2;[-0.75 0] ;RDK3;center;20;grün;attended;nonprimed;{'P7','P5','P9','PO3','PO7','O1','I1','POz','Oz','Iz','P8','P6','PO4','PO8','P10','O2','I2'}
6.52109002419726;1.28690548517585;0;0;0;0;23;3;[-0.75 0] ;RDK1;center;17;orange;attended;nonprimed;{'P7','P5','P9','PO3','PO7','O1','I1','POz','Oz','Iz','P8','P6','PO4','PO8','P10','O2','I2'}
8.13835579777195;0.740882944012255;0;0;0;0;23;3;[-0.75 0] ;RDK2;center;23;blau;not attended;not attended;{'P7','P5','P9','PO3','PO7','O1','I1','POz','Oz','Iz','P8','P6','PO4','PO8','P10','O2','I2'}
7.22512835830585;0.841602233605148;0;0;0;0;23;3;[-0.75 0] ;RDK3;center;20;grün;attended;primed;{'P7','P5','P9','PO3','PO7','O1','I1','POz','Oz','Iz','P8','P6','PO4','PO8','P10','O2','I2'}
6.24353957931381;1.5091658032318;1.97361390575179;37.4514112817616;0.120838480297797;0.411202683640282;23;1;[0.25 1] ;RDK1;center;17;orange;attended;primed;{'P7','P5','P9','PO3','PO7','O1','I1','POz','Oz','Iz','P8','P6','PO4','PO8','P10','O2','I2'}
7.05895636092484;1.00818057425691;-8.42832020009251;-14.9805944923855;-0.649711183832782;-0.177643495245217;23;1;[0.25 1] ;RDK2;center;23;blau;attended;nonprimed;{'P7','P5','P9','PO3','PO7','O1','I1','POz','Oz','Iz','P8','P6','PO4','PO8','P10','O2','I2'}
6.16074624752027;0.903008420070911;-8.08992548268097;-3.69250060266835;-0.542268933214213;-0.0346220092536098;23;1;[0.25 1] ;RDK3;center;20;grün;not attended;not attended;{'P7','P5','P9','PO3','PO7','O1','I1','POz','Oz','Iz','P8','P6','PO4','PO8','P10','O2','I2'}
6.56477535148552;1.24015297791267;2.25882232786154;-0.574599877858406;0.145011069008667;-0.00716709964213336;23;2;[0.25 1] ;RDK1;center;17;orange;not attended;not attended;{'P7','P5','P9','PO3','PO7','O1','I1','POz','Oz','Iz','P8','P6','PO4','PO8','P10','O2','I2'}
7.46863121252794;1.48244272421927;-5.60163539629697;-23.0560279441202;-0.443191459276019;-0.444209467771366;23;2;[0.25 1] ;RDK2;center;23;blau;attended;primed;{'P7','P5','P9','PO3','PO7','O1','I1','POz','Oz','Iz','P8','P6','PO4','PO8','P10','O2','I2'}
6.22539209024939;0.793888498316793;-7.5361880141645;-20.6751251207808;-0.507395533954396;-0.206917994634598;23;2;[0.25 1] ;RDK3;center;20;grün;attended;nonprimed;{'P7','P5','P9','PO3','PO7','O1','I1','POz','Oz','Iz','P8','P6','PO4','PO8','P10','O2','I2'}
6.11919836221238;1.14948765593012;-6.16295221341252;-10.678160193478;-0.401891661984888;-0.137417829245734;23;3;[0.25 1] ;RDK1;center;17;orange;attended;nonprimed;{'P7','P5','P9','PO3','PO7','O1','I1','POz','Oz','Iz','P8','P6','PO4','PO8','P10','O2','I2'}
7.08886983060189;0.81372763233352;-12.8955527780855;9.83214540299375;-1.04948596717006;0.0728446883212657;23;3;[0.25 1] ;RDK2;center;23;blau;not attended;not attended;{'P7','P5','P9','PO3','PO7','O1','I1','POz','Oz','Iz','P8','P6','PO4','PO8','P10','O2','I2'}
6.30450069850387;1.24162964192451;-12.742024973766;47.5316476532833;-0.920627659801983;0.400027408319361;23;3;[0.25 1] ;RDK3;center;20;grün;attended;primed;{'P7','P5','P9','PO3','PO7','O1','I1','POz','Oz','Iz','P8','P6','PO4','PO8','P10','O2','I2'}
5.66152814934157;1.26187798603358;-7.53218133984292;14.9289956572527;-0.461172949674442;0.163914866442055;23;1;[1 1.75] ;RDK1;center;17;orange;attended;primed;{'P7','P5','P9','PO3','PO7','O1','I1','POz','Oz','Iz','P8','P6','PO4','PO8','P10','O2','I2'}
6.95714429384982;1.13935305616435;-9.7490681307028;-3.91887924464962;-0.751523250907795;-0.0464710133377784;23;1;[1 1.75] ;RDK2;center;23;blau;attended;nonprimed;{'P7','P5','P9','PO3','PO7','O1','I1','POz','Oz','Iz','P8','P6','PO4','PO8','P10','O2','I2'}
6.19311805871817;1.24299572657676;-7.60698145935643;32.5677673955425;-0.509897122016319;0.305365297252236;23;1;[1 1.75] ;RDK3;center;20;grün;not attended;not attended;{'P7','P5','P9','PO3','PO7','O1','I1','POz','Oz','Iz','P8','P6','PO4','PO8','P10','O2','I2'}
6.12607669290914;0.888547202007533;-4.57474101298936;-28.7634971971747;-0.29368758956771;-0.358772875547274;23;2;[1 1.75] ;RDK1;center;17;orange;not attended;not attended;{'P7','P5','P9','PO3','PO7','O1','I1','POz','Oz','Iz','P8','P6','PO4','PO8','P10','O2','I2'}
7.54949504433714;0.653031379389008;-4.57957214787021;-66.1053831042391;-0.362327627466815;-1.27362081260163;23;2;[1 1.75] ;RDK2;center;23;blau;attended;primed;{'P7','P5','P9','PO3','PO7','O1','I1','POz','Oz','Iz','P8','P6','PO4','PO8','P10','O2','I2'}
6.12871540941264;1.24333941612848;-8.97209667834392;24.2337479707845;-0.604072214791138;0.242532923177087;23;2;[1 1.75] ;RDK3;center;20;grün;attended;nonprimed;{'P7','P5','P9','PO3','PO7','O1','I1','POz','Oz','Iz','P8','P6','PO4','PO8','P10','O2','I2'}
6.13918396682221;1.14230570048768;-5.85647577257702;-11.2362396736862;-0.381906057375049;-0.144599784688173;23;3;[1 1.75] ;RDK1;center;17;orange;attended;nonprimed;{'P7','P5','P9','PO3','PO7','O1','I1','POz','Oz','Iz','P8','P6','PO4','PO8','P10','O2','I2'}
7.91699379493748;0.842724742932557;-2.71998433510461;13.7460039731483;-0.221362002834475;0.101841798920302;23;3;[1 1.75] ;RDK2;center;23;blau;not attended;not attended;{'P7','P5','P9','PO3','PO7','O1','I1','POz','Oz','Iz','P8','P6','PO4','PO8','P10','O2','I2'}
6.25663328710185;0.786215339075117;-13.404537928944;-6.5811249445919;-0.968495071204;-0.055386894530031;23;3;[1 1.75] ;RDK3;center;20;grün;attended;primed;{'P7','P5','P9','PO3','PO7','O1','I1','POz','Oz','Iz','P8','P6','PO4','PO8','P10','O2','I2'}
4.85296178727128;1.36485717550122;0;0;0;0;24;1;[-0.75 0] ;RDK1;center;23;blau;attended;primed;{'P7','P5','P9','PO3','PO7','O1','I1','POz','Oz','Iz','P8','P6','PO4','PO8','P10','O2','I2'}
5.92466238073634;1.76652624892973;0;0;0;0;24;1;[-0.75 0] ;RDK2;center;17;grün;attended;nonprimed;{'P7','P5','P9','PO3','PO7','O1','I1','POz','Oz','Iz','P8','P6','PO4','PO8','P10','O2','I2'}
5.86225356990935;1.91370146037227;0;0;0;0;24;1;[-0.75 0] ;RDK3;center;20;orange;not attended;not attended;{'P7','P5','P9','PO3','PO7','O1','I1','POz','Oz','Iz','P8','P6','PO4','PO8','P10','O2','I2'}
4.55945070081167;0.962238299765738;0;0;0;0;24;2;[-0.75 0] ;RDK1;center;23;blau;not attended;not attended;{'P7','P5','P9','PO3','PO7','O1','I1','POz','Oz','Iz','P8','P6','PO4','PO8','P10','O2','I2'}
5.36196383523725;1.57194026522507;0;0;0;0;24;2;[-0.75 0] ;RDK2;center;17;grün;attended;primed;{'P7','P5','P9','PO3','PO7','O1','I1','POz','Oz','Iz','P8','P6','PO4','PO8','P10','O2','I2'}
5.56968241255747;1.90098996863309;0;0;0;0;24;2;[-0.75 0] ;RDK3;center;20;orange;attended;nonprimed;{'P7','P5','P9','PO3','PO7','O1','I1','POz','Oz','Iz','P8','P6','PO4','PO8','P10','O2','I2'}
4.73360804626845;0.955105709409282;0;0;0;0;24;3;[-0.75 0] ;RDK1;center;23;blau;attended;nonprimed;{'P7','P5','P9','PO3','PO7','O1','I1','POz','Oz','Iz','P8','P6','PO4','PO8','P10','O2','I2'}
5.52979903954726;1.8476104666205;0;0;0;0;24;3;[-0.75 0] ;RDK2;center;17;grün;not attended;not attended;{'P7','P5','P9','PO3','PO7','O1','I1','POz','Oz','Iz','P8','P6','PO4','PO8','P10','O2','I2'}
5.61544343249291;2.05407991722159;0;0;0;0;24;3;[-0.75 0] ;RDK3;center;20;orange;attended;primed;{'P7','P5','P9','PO3','PO7','O1','I1','POz','Oz','Iz','P8','P6','PO4','PO8','P10','O2','I2'}
4.96976678295912;1.59855391321139;2.40688059803402;17.1224317023754;0.116804995687838;0.233696737710168;24;1;[0.25 1] ;RDK1;center;23;blau;attended;primed;{'P7','P5','P9','PO3','PO7','O1','I1','POz','Oz','Iz','P8','P6','PO4','PO8','P10','O2','I2'}
4.73386420060067;1.09461817071179;-20.0990048649434;-38.0355558613987;-1.19079818013567;-0.671908078217938;24;1;[0.25 1] ;RDK2;center;17;grün;attended;nonprimed;{'P7','P5','P9','PO3','PO7','O1','I1','POz','Oz','Iz','P8','P6','PO4','PO8','P10','O2','I2'}
5.21678503390351;1.51358451070559;-11.0105871113969;-20.9080129765301;-0.645468536005841;-0.400116949666679;24;1;[0.25 1] ;RDK3;center;20;orange;not attended;not attended;{'P7','P5','P9','PO3','PO7','O1','I1','POz','Oz','Iz','P8','P6','PO4','PO8','P10','O2','I2'}
5.01104624886319;0.921824997164545;9.90460425355892;-4.19992663054793;0.451595548051515;-0.0404133026011929;24;2;[0.25 1] ;RDK1;center;23;blau;not attended;not attended;{'P7','P5','P9','PO3','PO7','O1','I1','POz','Oz','Iz','P8','P6','PO4','PO8','P10','O2','I2'}
5.22595647557289;1.95268255937423;-2.53652139110981;24.2211681049246;-0.136007359664365;0.380742294149161;24;2;[0.25 1] ;RDK2;center;17;grün;attended;primed;{'P7','P5','P9','PO3','PO7','O1','I1','POz','Oz','Iz','P8','P6','PO4','PO8','P10','O2','I2'}
5.23691311680893;1.84800651136836;-5.97465476663943;-2.78715080768259;-0.332769295748543;-0.0529834572647221;24;2;[0.25 1] ;RDK3;center;20;orange;attended;nonprimed;{'P7','P5','P9','PO3','PO7','O1','I1','POz','Oz','Iz','P8','P6','PO4','PO8','P10','O2','I2'}
4.94987020233638;1.49639358101792;4.56865363490353;56.6730851125804;0.21626215606793;0.541287871608637;24;3;[0.25 1] ;RDK1;center;23;blau;attended;nonprimed;{'P7','P5','P9','PO3','PO7','O1','I1','POz','Oz','Iz','P8','P6','PO4','PO8','P10','O2','I2'}
5.09718936385073;1.22169785494853;-7.82324407456137;-33.876870854539;-0.432609675696533;-0.625912611671972;24;3;[0.25 1] ;RDK2;center;17;grün;not attended;not attended;{'P7','P5','P9','PO3','PO7','O1','I1','POz','Oz','Iz','P8','P6','PO4','PO8','P10','O2','I2'}
5.75733951961293;2.23375919832094;2.52689015259171;8.74743380687881;0.141896087120021;0.179679281099349;24;3;[0.25 1] ;RDK3;center;20;orange;attended;primed;{'P7','P5','P9','PO3','PO7','O1','I1','POz','Oz','Iz','P8','P6','PO4','PO8','P10','O2','I2'}
5.13794670709118;1.6457906614871;5.87239158913999;20.5833614702368;0.284984919819896;0.280933485985881;24;1;[1 1.75] ;RDK1;center;23;blau;attended;primed;{'P7','P5','P9','PO3','PO7','O1','I1','POz','Oz','Iz','P8','P6','PO4','PO8','P10','O2','I2'}
5.34963324706479;2.01748927470246;-9.70568610865017;14.206583452965;-0.575029133671549;0.250963025772734;24;1;[1 1.75] ;RDK2;center;17;grün;attended;nonprimed;{'P7','P5','P9','PO3','PO7','O1','I1','POz','Oz','Iz','P8','P6','PO4','PO8','P10','O2','I2'}
5.49592391613921;1.80305629147731;-6.24895612926891;-5.78173613733028;-0.366329653770136;-0.110645168894961;24;1;[1 1.75] ;RDK3;center;20;orange;not attended;not attended;{'P7','P5','P9','PO3','PO7','O1','I1','POz','Oz','Iz','P8','P6','PO4','PO8','P10','O2','I2'}
5.11778806561259;2.04354256229703;12.2457155793245;112.373854043696;0.558337364800915;1.08130426253129;24;2;[1 1.75] ;RDK1;center;23;blau;not attended;not attended;{'P7','P5','P9','PO3','PO7','O1','I1','POz','Oz','Iz','P8','P6','PO4','PO8','P10','O2','I2'}
5.25252085573533;1.96782956970223;-2.0410988000832;25.1847549957938;-0.109442979501923;0.395889304477165;24;2;[1 1.75] ;RDK2;center;17;grün;attended;primed;{'P7','P5','P9','PO3','PO7','O1','I1','POz','Oz','Iz','P8','P6','PO4','PO8','P10','O2','I2'}
5.60085795907413;2.62477099045909;0.559736520099796;38.0739001135519;0.0311755465166597;0.723781021826003;24;2;[1 1.75] ;RDK3;center;20;orange;attended;nonprimed;{'P7','P5','P9','PO3','PO7','O1','I1','POz','Oz','Iz','P8','P6','PO4','PO8','P10','O2','I2'}
5.09175262731664;1.4357105587942;7.56599569604262;50.3195452241791;0.358144581048197;0.480604849384921;24;3;[1 1.75] ;RDK1;center;23;blau;attended;nonprimed;{'P7','P5','P9','PO3','PO7','O1','I1','POz','Oz','Iz','P8','P6','PO4','PO8','P10','O2','I2'}
5.18633622065928;1.43327898569237;-6.21112659667463;-22.4252616237879;-0.343462818887978;-0.414331480928136;24;3;[1 1.75] ;RDK2;center;17;grün;not attended;not attended;{'P7','P5','P9','PO3','PO7','O1','I1','POz','Oz','Iz','P8','P6','PO4','PO8','P10','O2','I2'}
5.38892396866466;2.25986962013655;-4.03386600811481;10.0185830740859;-0.226519463828247;0.205789702914958;24;3;[1 1.75] ;RDK3;center;20;orange;attended;primed;{'P7','P5','P9','PO3','PO7','O1','I1','POz','Oz','Iz','P8','P6','PO4','PO8','P10','O2','I2'}
8.82660481293277;5.33029375626491;0;0;0;0;25;1;[-0.75 0] ;RDK1;center;17;blau;attended;primed;{'P7','P5','P9','PO3','PO7','O1','I1','POz','Oz','Iz','P8','P6','PO4','PO8','P10','O2','I2'}
5.57117201947519;2.59416217636738;0;0;0;0;25;1;[-0.75 0] ;RDK2;center;23;orange;attended;nonprimed;{'P7','P5','P9','PO3','PO7','O1','I1','POz','Oz','Iz','P8','P6','PO4','PO8','P10','O2','I2'}
5.5587612568523;0.762378099951809;0;0;0;0;25;1;[-0.75 0] ;RDK3;center;20;grün;not attended;not attended;{'P7','P5','P9','PO3','PO7','O1','I1','POz','Oz','Iz','P8','P6','PO4','PO8','P10','O2','I2'}
8.68575880430403;5.44343454859375;0;0;0;0;25;2;[-0.75 0] ;RDK1;center;17;blau;not attended;not attended;{'P7','P5','P9','PO3','PO7','O1','I1','POz','Oz','Iz','P8','P6','PO4','PO8','P10','O2','I2'}
5.50830228188459;2.66391189632373;0;0;0;0;25;2;[-0.75 0] ;RDK2;center;23;orange;attended;primed;{'P7','P5','P9','PO3','PO7','O1','I1','POz','Oz','Iz','P8','P6','PO4','PO8','P10','O2','I2'}
5.63864327340104;0.724683509895165;0;0;0;0;25;2;[-0.75 0] ;RDK3;center;20;grün;attended;nonprimed;{'P7','P5','P9','PO3','PO7','O1','I1','POz','Oz','Iz','P8','P6','PO4','PO8','P10','O2','I2'}
8.94012599401345;5.63991999895864;0;0;0;0;25;3;[-0.75 0] ;RDK1;center;17;blau;attended;nonprimed;{'P7','P5','P9','PO3','PO7','O1','I1','POz','Oz','Iz','P8','P6','PO4','PO8','P10','O2','I2'}
5.45234865516559;2.45445406693139;0;0;0;0;25;3;[-0.75 0] ;RDK2;center;23;orange;not attended;not attended;{'P7','P5','P9','PO3','PO7','O1','I1','POz','Oz','Iz','P8','P6','PO4','PO8','P10','O2','I2'}
5.66751852294439;0.867564827001472;0;0;0;0;25;3;[-0.75 0] ;RDK3;center;20;grün;attended;primed;{'P7','P5','P9','PO3','PO7','O1','I1','POz','Oz','Iz','P8','P6','PO4','PO8','P10','O2','I2'}
8.56819769699649;5.65292203803947;-2.92759358114301;6.0527298593134;-0.258407115936279;0.322628281774564;25;1;[0.25 1] ;RDK1;center;17;blau;attended;primed;{'P7','P5','P9','PO3','PO7','O1','I1','POz','Oz','Iz','P8','P6','PO4','PO8','P10','O2','I2'}
5.24016110282138;2.28528162351561;-5.94149517366693;-11.9067557019239;-0.331010916653801;-0.308880552851776;25;1;[0.25 1] ;RDK2;center;23;orange;attended;nonprimed;{'P7','P5','P9','PO3','PO7','O1','I1','POz','Oz','Iz','P8','P6','PO4','PO8','P10','O2','I2'}
5.18657869774831;0.672194616751096;-6.69542262937084;-11.8292331857923;-0.372182559103988;-0.0901834832007125;25;1;[0.25 1] ;RDK3;center;20;grün;not attended;not attended;{'P7','P5','P9','PO3','PO7','O1','I1','POz','Oz','Iz','P8','P6','PO4','PO8','P10','O2','I2'}
8.33734717304351;5.08827763984646;-4.01129756317748;-6.52450039725467;-0.348411631260522;-0.355156908747298;25;2;[0.25 1] ;RDK1;center;17;blau;not attended;not attended;{'P7','P5','P9','PO3','PO7','O1','I1','POz','Oz','Iz','P8','P6','PO4','PO8','P10','O2','I2'}
5.61485209616061;2.59444929355949;1.93434943878157;-2.60754129519423;0.106549814276026;-0.0694626027642329;25;2;[0.25 1] ;RDK2;center;23;orange;attended;primed;{'P7','P5','P9','PO3','PO7','O1','I1','POz','Oz','Iz','P8','P6','PO4','PO8','P10','O2','I2'}
5.29145089857179;0.615351878679716;-6.15737435398779;-15.0868109626595;-0.347192374829254;-0.109331631215449;25;2;[0.25 1] ;RDK3;center;20;grün;attended;nonprimed;{'P7','P5','P9','PO3','PO7','O1','I1','POz','Oz','Iz','P8','P6','PO4','PO8','P10','O2','I2'}
7.72297363367555;4.76824794905218;-13.6144877729121;-15.4553974181798;-1.21715236033789;-0.871672049906459;25;3;[0.25 1] ;RDK1;center;17;blau;attended;nonprimed;{'P7','P5','P9','PO3','PO7','O1','I1','POz','Oz','Iz','P8','P6','PO4','PO8','P10','O2','I2'}
5.19775329671834;2.44119933314992;-4.66946218133072;-0.540027778887731;-0.254595358447252;-0.0132547337814692;25;3;[0.25 1] ;RDK2;center;23;orange;not attended;not attended;{'P7','P5','P9','PO3','PO7','O1','I1','POz','Oz','Iz','P8','P6','PO4','PO8','P10','O2','I2'}
5.27501700366784;1.43483014047416;-6.92545631192103;65.3859280387493;-0.392501519276546;0.567265313472683;25;3;[0.25 1] ;RDK3;center;20;grün;attended;primed;{'P7','P5','P9','PO3','PO7','O1','I1','POz','Oz','Iz','P8','P6','PO4','PO8','P10','O2','I2'}
8.3239799905147;5.50753213431501;-5.69442988635479;3.32511464010374;-0.502624822418074;0.177238378050101;25;1;[1 1.75] ;RDK1;center;17;blau;attended;primed;{'P7','P5','P9','PO3','PO7','O1','I1','POz','Oz','Iz','P8','P6','PO4','PO8','P10','O2','I2'}
5.8224331696109;2.79726569361277;4.51002319184148;7.82925289311673;0.251261150135714;0.203103517245383;25;1;[1 1.75] ;RDK2;center;23;orange;attended;nonprimed;{'P7','P5','P9','PO3','PO7','O1','I1','POz','Oz','Iz','P8','P6','PO4','PO8','P10','O2','I2'}
5.45952095597038;1.50050608650254;-1.78529525367874;96.8191487396338;-0.0992403008819167;0.738127986550736;25;1;[1 1.75] ;RDK3;center;20;grün;not attended;not attended;{'P7','P5','P9','PO3','PO7','O1','I1','POz','Oz','Iz','P8','P6','PO4','PO8','P10','O2','I2'}
8.30557221416974;5.52653905169457;-4.3771258067389;1.52669242844636;-0.380186590134288;0.083104503100814;25;2;[1 1.75] ;RDK1;center;17;blau;not attended;not attended;{'P7','P5','P9','PO3','PO7','O1','I1','POz','Oz','Iz','P8','P6','PO4','PO8','P10','O2','I2'}
5.50914575611304;2.49062261942825;0.0153127803321773;-6.50506787159981;0.000843474228457097;-0.17328927689548;25;2;[1 1.75] ;RDK2;center;23;orange;attended;primed;{'P7','P5','P9','PO3','PO7','O1','I1','POz','Oz','Iz','P8','P6','PO4','PO8','P10','O2','I2'}
5.31036342754623;1.60370671573807;-5.82196514192337;121.297531107072;-0.328279845854816;0.879023205842907;25;2;[1 1.75] ;RDK3;center;20;grün;attended;nonprimed;{'P7','P5','P9','PO3','PO7','O1','I1','POz','Oz','Iz','P8','P6','PO4','PO8','P10','O2','I2'}
8.41680983720322;5.91475395757149;-5.85356579046709;4.87301165022898;-0.523316156810226;0.274833958612848;25;3;[1 1.75] ;RDK1;center;17;blau;attended;nonprimed;{'P7','P5','P9','PO3','PO7','O1','I1','POz','Oz','Iz','P8','P6','PO4','PO8','P10','O2','I2'}
5.19871766426984;2.18667977508916;-4.65177498609628;-10.909729191918;-0.25363099089575;-0.267774291842232;25;3;[1 1.75] ;RDK2;center;23;orange;not attended;not attended;{'P7','P5','P9','PO3','PO7','O1','I1','POz','Oz','Iz','P8','P6','PO4','PO8','P10','O2','I2'}
5.63645015043371;1.46682610672928;-0.548182990225787;69.0739482603288;-0.0310683725106768;0.599261279727809;25;3;[1 1.75] ;RDK3;center;20;grün;attended;primed;{'P7','P5','P9','PO3','PO7','O1','I1','POz','Oz','Iz','P8','P6','PO4','PO8','P10','O2','I2'}
7.04832541996537;1.70498783468391;0;0;0;0;26;1;[-0.75 0] ;RDK1;center;20;orange;attended;primed;{'P7','P5','P9','PO3','PO7','O1','I1','POz','Oz','Iz','P8','P6','PO4','PO8','P10','O2','I2'}
5.72129435021413;1.05595607428529;0;0;0;0;26;1;[-0.75 0] ;RDK2;center;23;grün;attended;nonprimed;{'P7','P5','P9','PO3','PO7','O1','I1','POz','Oz','Iz','P8','P6','PO4','PO8','P10','O2','I2'}
9.49323955164776;4.59690703094275;0;0;0;0;26;1;[-0.75 0] ;RDK3;center;17;blau;not attended;not attended;{'P7','P5','P9','PO3','PO7','O1','I1','POz','Oz','Iz','P8','P6','PO4','PO8','P10','O2','I2'}
6.90854713603922;1.63224538270704;0;0;0;0;26;2;[-0.75 0] ;RDK1;center;20;orange;not attended;not attended;{'P7','P5','P9','PO3','PO7','O1','I1','POz','Oz','Iz','P8','P6','PO4','PO8','P10','O2','I2'}
5.65574285239656;0.967411988933162;0;0;0;0;26;2;[-0.75 0] ;RDK2;center;23;grün;attended;primed;{'P7','P5','P9','PO3','PO7','O1','I1','POz','Oz','Iz','P8','P6','PO4','PO8','P10','O2','I2'}
9.42213377154251;4.83576168639088;0;0;0;0;26;2;[-0.75 0] ;RDK3;center;17;blau;attended;nonprimed;{'P7','P5','P9','PO3','PO7','O1','I1','POz','Oz','Iz','P8','P6','PO4','PO8','P10','O2','I2'}
6.91529094687414;1.76626278015014;0;0;0;0;26;3;[-0.75 0] ;RDK1;center;20;orange;attended;nonprimed;{'P7','P5','P9','PO3','PO7','O1','I1','POz','Oz','Iz','P8','P6','PO4','PO8','P10','O2','I2'}
5.85381226733799;0.878627677747297;0;0;0;0;26;3;[-0.75 0] ;RDK2;center;23;grün;not attended;not attended;{'P7','P5','P9','PO3','PO7','O1','I1','POz','Oz','Iz','P8','P6','PO4','PO8','P10','O2','I2'}
9.62304566025194;4.89513320243197;0;0;0;0;26;3;[-0.75 0] ;RDK3;center;17;blau;attended;primed;{'P7','P5','P9','PO3','PO7','O1','I1','POz','Oz','Iz','P8','P6','PO4','PO8','P10','O2','I2'}
6.46294723808496;2.32204822029463;-8.30520935117795;36.1914831917332;-0.585378181880416;0.617060385610723;26;1;[0.25 1] ;RDK1;center;20;orange;attended;primed;{'P7','P5','P9','PO3','PO7','O1','I1','POz','Oz','Iz','P8','P6','PO4','PO8','P10','O2','I2'}
5.74396350804497;1.02433500685034;0.396224288477498;-2.99454382667915;0.0226691578308387;-0.0316210674349537;26;1;[0.25 1] ;RDK2;center;23;grün;attended;nonprimed;{'P7','P5','P9','PO3','PO7','O1','I1','POz','Oz','Iz','P8','P6','PO4','PO8','P10','O2','I2'}
7.92024560427774;3.90880935453721;-16.5696224014171;-14.9687098689142;-1.57299394737002;-0.68809767640554;26;1;[0.25 1] ;RDK3;center;17;blau;not attended;not attended;{'P7','P5','P9','PO3','PO7','O1','I1','POz','Oz','Iz','P8','P6','PO4','PO8','P10','O2','I2'}
6.11202494483188;1.48098766884653;-11.529518081337;-9.26684893478814;-0.796522191207333;-0.151257713860516;26;2;[0.25 1] ;RDK1;center;20;orange;not attended;not attended;{'P7','P5','P9','PO3','PO7','O1','I1','POz','Oz','Iz','P8','P6','PO4','PO8','P10','O2','I2'}
5.9593175967894;1.38356713033639;5.36754856639579;43.0173644904027;0.303574744392844;0.416155141403233;26;2;[0.25 1] ;RDK2;center;23;grün;attended;primed;{'P7','P5','P9','PO3','PO7','O1','I1','POz','Oz','Iz','P8','P6','PO4','PO8','P10','O2','I2'}
8.06425550512599;4.18422927117456;-14.4115791533092;-13.4732118220364;-1.35787826641652;-0.651532415216325;26;2;[0.25 1] ;RDK3;center;17;blau;attended;nonprimed;{'P7','P5','P9','PO3','PO7','O1','I1','POz','Oz','Iz','P8','P6','PO4','PO8','P10','O2','I2'}
6.48212480545044;1.38766677994534;-6.26388889131997;-21.4348626070588;-0.433166141423705;-0.378596000204798;26;3;[0.25 1] ;RDK1;center;20;orange;attended;nonprimed;{'P7','P5','P9','PO3','PO7','O1','I1','POz','Oz','Iz','P8','P6','PO4','PO8','P10','O2','I2'}
5.83140866141513;0.869966772616719;-0.382718216774003;-0.985730970003584;-0.0224036059228538;-0.00866090513057838;26;3;[0.25 1] ;RDK2;center;23;grün;not attended;not attended;{'P7','P5','P9','PO3','PO7','O1','I1','POz','Oz','Iz','P8','P6','PO4','PO8','P10','O2','I2'}
8.98719922881321;5.35372168661782;-6.60753833960394;9.36825343093872;-0.63584643143874;0.458588484185854;26;3;[0.25 1] ;RDK3;center;17;blau;attended;primed;{'P7','P5','P9','PO3','PO7','O1','I1','POz','Oz','Iz','P8','P6','PO4','PO8','P10','O2','I2'}
6.87288484314448;3.00152905278616;-2.48911005618344;76.0440157828232;-0.175440576820892;1.29654121810225;26;1;[1 1.75] ;RDK1;center;20;orange;attended;primed;{'P7','P5','P9','PO3','PO7','O1','I1','POz','Oz','Iz','P8','P6','PO4','PO8','P10','O2','I2'}
5.63117240025447;0.838965221261816;-1.57520212111252;-20.5492310056876;-0.0901219499596637;-0.216990853023475;26;1;[1 1.75] ;RDK2;center;23;grün;attended;nonprimed;{'P7','P5','P9','PO3','PO7','O1','I1','POz','Oz','Iz','P8','P6','PO4','PO8','P10','O2','I2'}
7.80382901834686;4.24474785851138;-17.7959328226123;-7.66078517709665;-1.68941053330089;-0.352159172431376;26;1;[1 1.75] ;RDK3;center;17;blau;not attended;not attended;{'P7','P5','P9','PO3','PO7','O1','I1','POz','Oz','Iz','P8','P6','PO4','PO8','P10','O2','I2'}
6.51576780841361;2.30376714373606;-5.68541141706372;41.1409808931614;-0.392779327625602;0.671521761029015;26;2;[1 1.75] ;RDK1;center;20;orange;not attended;not attended;{'P7','P5','P9','PO3','PO7','O1','I1','POz','Oz','Iz','P8','P6','PO4','PO8','P10','O2','I2'}
5.80030159605035;0.937126903714637;2.55596386587023;-3.13052614242689;0.144558743653794;-0.0302850852185246;26;2;[1 1.75] ;RDK2;center;23;grün;attended;primed;{'P7','P5','P9','PO3','PO7','O1','I1','POz','Oz','Iz','P8','P6','PO4','PO8','P10','O2','I2'}
8.3050782712876;4.71453367881645;-11.8556531603142;-2.50690615949075;-1.11705550025491;-0.121228007574427;26;2;[1 1.75] ;RDK3;center;17;blau;attended;nonprimed;{'P7','P5','P9','PO3','PO7','O1','I1','POz','Oz','Iz','P8','P6','PO4','PO8','P10','O2','I2'}
6.63062146562257;2.68842581656184;-4.11652211654596;52.2098436753175;-0.284669481251575;0.922163036411704;26;3;[1 1.75] ;RDK1;center;20;orange;attended;nonprimed;{'P7','P5','P9','PO3','PO7','O1','I1','POz','Oz','Iz','P8','P6','PO4','PO8','P10','O2','I2'}
6.13242647550764;1.1335125570923;4.75953439306915;29.0094297960764;0.278614208169652;0.254884879344998;26;3;[1 1.75] ;RDK2;center;23;grün;not attended;not attended;{'P7','P5','P9','PO3','PO7','O1','I1','POz','Oz','Iz','P8','P6','PO4','PO8','P10','O2','I2'}
8.47922136988575;5.19088135477644;-11.8863022243651;6.0416773173311;-1.14382429036619;0.295748152344475;26;3;[1 1.75] ;RDK3;center;17;blau;attended;primed;{'P7','P5','P9','PO3','PO7','O1','I1','POz','Oz','Iz','P8','P6','PO4','PO8','P10','O2','I2'}
3.48659394121817;0.804301960756202;0;0;0;0;27;1;[-0.75 0] ;RDK1;center;23;blau;attended;primed;{'P7','P5','P9','PO3','PO7','O1','I1','POz','Oz','Iz','P8','P6','PO4','PO8','P10','O2','I2'}
6.87948690172774;4.24828235218428;0;0;0;0;27;1;[-0.75 0] ;RDK2;center;17;orange;attended;nonprimed;{'P7','P5','P9','PO3','PO7','O1','I1','POz','Oz','Iz','P8','P6','PO4','PO8','P10','O2','I2'}
4.13281953820276;0.471035374741479;0;0;0;0;27;1;[-0.75 0] ;RDK3;center;20;grün;not attended;not attended;{'P7','P5','P9','PO3','PO7','O1','I1','POz','Oz','Iz','P8','P6','PO4','PO8','P10','O2','I2'}
3.66292630169726;0.920890425631094;0;0;0;0;27;2;[-0.75 0] ;RDK1;center;23;blau;not attended;not attended;{'P7','P5','P9','PO3','PO7','O1','I1','POz','Oz','Iz','P8','P6','PO4','PO8','P10','O2','I2'}
6.42051495577955;4.01597545805021;0;0;0;0;27;2;[-0.75 0] ;RDK2;center;17;orange;attended;primed;{'P7','P5','P9','PO3','PO7','O1','I1','POz','Oz','Iz','P8','P6','PO4','PO8','P10','O2','I2'}
4.22301168031822;0.613559457814801;0;0;0;0;27;2;[-0.75 0] ;RDK3;center;20;grün;attended;nonprimed;{'P7','P5','P9','PO3','PO7','O1','I1','POz','Oz','Iz','P8','P6','PO4','PO8','P10','O2','I2'}
3.61489282366377;0.919979619764095;0;0;0;0;27;3;[-0.75 0] ;RDK1;center;23;blau;attended;nonprimed;{'P7','P5','P9','PO3','PO7','O1','I1','POz','Oz','Iz','P8','P6','PO4','PO8','P10','O2','I2'}
6.53250290150017;3.74109316465542;0;0;0;0;27;3;[-0.75 0] ;RDK2;center;17;orange;not attended;not attended;{'P7','P5','P9','PO3','PO7','O1','I1','POz','Oz','Iz','P8','P6','PO4','PO8','P10','O2','I2'}
4.31664204165946;0.675476301714306;0;0;0;0;27;3;[-0.75 0] ;RDK3;center;20;grün;attended;primed;{'P7','P5','P9','PO3','PO7','O1','I1','POz','Oz','Iz','P8','P6','PO4','PO8','P10','O2','I2'}
3.70492999801808;1.25755612073441;6.2621590148128;56.3537305755241;0.21833605679991;0.453254159978208;27;1;[0.25 1] ;RDK1;center;23;blau;attended;primed;{'P7','P5','P9','PO3','PO7','O1','I1','POz','Oz','Iz','P8','P6','PO4','PO8','P10','O2','I2'}
5.30630782826454;2.89482524910124;-22.8676803362778;-31.8589253463144;-1.5731790734632;-1.35345710308304;27;1;[0.25 1] ;RDK2;center;17;orange;attended;nonprimed;{'P7','P5','P9','PO3','PO7','O1','I1','POz','Oz','Iz','P8','P6','PO4','PO8','P10','O2','I2'}
3.82194410945495;0.519689660536218;-7.52211476630303;10.3292212015802;-0.310875428747807;0.0486542857947393;27;1;[0.25 1] ;RDK3;center;20;grün;not attended;not attended;{'P7','P5','P9','PO3','PO7','O1','I1','POz','Oz','Iz','P8','P6','PO4','PO8','P10','O2','I2'}
3.47290737974158;0.692618208874135;-5.18762613016895;-24.7882061104634;-0.190018921955678;-0.228272216756959;27;2;[0.25 1] ;RDK1;center;23;blau;not attended;not attended;{'P7','P5','P9','PO3','PO7','O1','I1','POz','Oz','Iz','P8','P6','PO4','PO8','P10','O2','I2'}
5.92191163770753;3.76251870070108;-7.76578392085491;-6.31121280487561;-0.498603318072012;-0.253456757349126;27;2;[0.25 1] ;RDK2;center;17;orange;attended;primed;{'P7','P5','P9','PO3','PO7','O1','I1','POz','Oz','Iz','P8','P6','PO4','PO8','P10','O2','I2'}
3.87111784645875;0.394621643048134;-8.33276960846477;-35.6832271066959;-0.351893833859474;-0.218937814766668;27;2;[0.25 1] ;RDK3;center;20;grün;attended;nonprimed;{'P7','P5','P9','PO3','PO7','O1','I1','POz','Oz','Iz','P8','P6','PO4','PO8','P10','O2','I2'}
3.71500538269319;1.02163945913854;2.76944750267736;11.0502273300919;0.100112559029419;0.101659839374447;27;3;[0.25 1] ;RDK1;center;23;blau;attended;nonprimed;{'P7','P5','P9','PO3','PO7','O1','I1','POz','Oz','Iz','P8','P6','PO4','PO8','P10','O2','I2'}
5.38519999236543;2.94544828234755;-17.5629911908844;-21.2677109948733;-1.14730290913474;-0.795644882307873;27;3;[0.25 1] ;RDK2;center;17;orange;not attended;not attended;{'P7','P5','P9','PO3','PO7','O1','I1','POz','Oz','Iz','P8','P6','PO4','PO8','P10','O2','I2'}
3.90815269353703;0.749356206321069;-9.46312768536629;10.9374532340012;-0.408489348122437;0.0738799046067631;27;3;[0.25 1] ;RDK3;center;20;grün;attended;primed;{'P7','P5','P9','PO3','PO7','O1','I1','POz','Oz','Iz','P8','P6','PO4','PO8','P10','O2','I2'}
3.59657536049234;0.744478403561121;3.15440860416754;-7.43794745182954;0.10998141927417;-0.0598235571950809;27;1;[1 1.75] ;RDK1;center;23;blau;attended;primed;{'P7','P5','P9','PO3','PO7','O1','I1','POz','Oz','Iz','P8','P6','PO4','PO8','P10','O2','I2'}
5.63938887626337;3.30345235771723;-18.0260249518452;-22.240282451595;-1.24009802546436;-0.94482999446705;27;1;[1 1.75] ;RDK2;center;17;orange;attended;nonprimed;{'P7','P5','P9','PO3','PO7','O1','I1','POz','Oz','Iz','P8','P6','PO4','PO8','P10','O2','I2'}
4.02563065101658;0.873025707664533;-2.59360192709486;85.3418563613574;-0.107188887186179;0.401990332923054;27;1;[1 1.75] ;RDK3;center;20;grün;not attended;not attended;{'P7','P5','P9','PO3','PO7','O1','I1','POz','Oz','Iz','P8','P6','PO4','PO8','P10','O2','I2'}
3.47420540222755;0.774582025961639;-5.15218936789053;-15.8877099378234;-0.188720899469712;-0.146308399669455;27;2;[1 1.75] ;RDK1;center;23;blau;not attended;not attended;{'P7','P5','P9','PO3','PO7','O1','I1','POz','Oz','Iz','P8','P6','PO4','PO8','P10','O2','I2'}
5.54677381774419;3.09300127632208;-13.6085834867317;-22.9825652912789;-0.873741138035355;-0.922974181728126;27;2;[1 1.75] ;RDK2;center;17;orange;attended;primed;{'P7','P5','P9','PO3','PO7','O1','I1','POz','Oz','Iz','P8','P6','PO4','PO8','P10','O2','I2'}
3.9722093359917;0.888835903813397;-5.93894507787914;44.8654881759944;-0.25080234432652;0.275276445998595;27;2;[1 1.75] ;RDK3;center;20;grün;attended;nonprimed;{'P7','P5','P9','PO3','PO7','O1','I1','POz','Oz','Iz','P8','P6','PO4','PO8','P10','O2','I2'}
3.6076721983258;0.809053440978624;-0.199746595271211;-12.0574604482994;-0.00722062533797185;-0.110926178785471;27;3;[1 1.75] ;RDK1;center;23;blau;attended;nonprimed;{'P7','P5','P9','PO3','PO7','O1','I1','POz','Oz','Iz','P8','P6','PO4','PO8','P10','O2','I2'}
5.69355706176067;3.2524982553262;-12.8426401394607;-13.0602176375959;-0.838945839739493;-0.48859490932922;27;3;[1 1.75] ;RDK2;center;17;orange;not attended;not attended;{'P7','P5','P9','PO3','PO7','O1','I1','POz','Oz','Iz','P8','P6','PO4','PO8','P10','O2','I2'}
3.94990211482501;0.989446571256915;-8.49595410726863;46.481315294967;-0.366739926834452;0.313970269542609;27;3;[1 1.75] ;RDK3;center;20;grün;attended;primed;{'P7','P5','P9','PO3','PO7','O1','I1','POz','Oz','Iz','P8','P6','PO4','PO8','P10','O2','I2'}
5.08449501041913;1.78555513979083;0;0;0;0;28;1;[-0.75 0] ;RDK1;center;20;grün;attended;primed;{'P7','P5','P9','PO3','PO7','O1','I1','POz','Oz','Iz','P8','P6','PO4','PO8','P10','O2','I2'}
8.74554851152239;6.34083806659301;0;0;0;0;28;1;[-0.75 0] ;RDK2;center;17;orange;attended;nonprimed;{'P7','P5','P9','PO3','PO7','O1','I1','POz','Oz','Iz','P8','P6','PO4','PO8','P10','O2','I2'}
4.50618421761698;2.53856624844927;0;0;0;0;28;1;[-0.75 0] ;RDK3;center;23;blau;not attended;not attended;{'P7','P5','P9','PO3','PO7','O1','I1','POz','Oz','Iz','P8','P6','PO4','PO8','P10','O2','I2'}
5.05020660081061;1.87402944003834;0;0;0;0;28;2;[-0.75 0] ;RDK1;center;20;grün;not attended;not attended;{'P7','P5','P9','PO3','PO7','O1','I1','POz','Oz','Iz','P8','P6','PO4','PO8','P10','O2','I2'}
8.42785914235525;6.11519339127778;0;0;0;0;28;2;[-0.75 0] ;RDK2;center;17;orange;attended;primed;{'P7','P5','P9','PO3','PO7','O1','I1','POz','Oz','Iz','P8','P6','PO4','PO8','P10','O2','I2'}
4.55856311698845;2.52778909459912;0;0;0;0;28;2;[-0.75 0] ;RDK3;center;23;blau;attended;nonprimed;{'P7','P5','P9','PO3','PO7','O1','I1','POz','Oz','Iz','P8','P6','PO4','PO8','P10','O2','I2'}
5.08175181371594;2.1221795192671;0;0;0;0;28;3;[-0.75 0] ;RDK1;center;20;grün;attended;nonprimed;{'P7','P5','P9','PO3','PO7','O1','I1','POz','Oz','Iz','P8','P6','PO4','PO8','P10','O2','I2'}
8.43637558777408;6.19814733007914;0;0;0;0;28;3;[-0.75 0] ;RDK2;center;17;orange;not attended;not attended;{'P7','P5','P9','PO3','PO7','O1','I1','POz','Oz','Iz','P8','P6','PO4','PO8','P10','O2','I2'}
4.5422947924601;2.42863041836752;0;0;0;0;28;3;[-0.75 0] ;RDK3;center;23;blau;attended;primed;{'P7','P5','P9','PO3','PO7','O1','I1','POz','Oz','Iz','P8','P6','PO4','PO8','P10','O2','I2'}
4.72111128789807;2.33560991314202;-7.14689898950469;30.8058127745986;-0.363383722521061;0.550054773351186;28;1;[0.25 1] ;RDK1;center;20;grün;attended;primed;{'P7','P5','P9','PO3','PO7','O1','I1','POz','Oz','Iz','P8','P6','PO4','PO8','P10','O2','I2'}
7.09909804590148;5.06655071277964;-18.826154396739;-20.096513117517;-1.64645046562091;-1.27428735381338;28;1;[0.25 1] ;RDK2;center;17;orange;attended;nonprimed;{'P7','P5','P9','PO3','PO7','O1','I1','POz','Oz','Iz','P8','P6','PO4','PO8','P10','O2','I2'}
4.10289046343635;2.11711680363206;-8.94978400137194;-16.6018690697811;-0.403293754180632;-0.421449444817202;28;1;[0.25 1] ;RDK3;center;23;blau;not attended;not attended;{'P7','P5','P9','PO3','PO7','O1','I1','POz','Oz','Iz','P8','P6','PO4','PO8','P10','O2','I2'}
4.46217352017019;1.59925290133079;-11.643743060849;-14.6623384263339;-0.588033080640422;-0.274776538707552;28;2;[0.25 1] ;RDK1;center;20;grün;not attended;not attended;{'P7','P5','P9','PO3','PO7','O1','I1','POz','Oz','Iz','P8','P6','PO4','PO8','P10','O2','I2'}
8.18612302590279;6.47082876889414;-2.86829801458807;5.81560311933249;-0.241736116452454;0.355635377616364;28;2;[0.25 1] ;RDK2;center;17;orange;attended;primed;{'P7','P5','P9','PO3','PO7','O1','I1','POz','Oz','Iz','P8','P6','PO4','PO8','P10','O2','I2'}
4.34478665908537;2.33229645479858;-4.6895579246537;-7.73374013750719;-0.213776457903072;-0.195492639800542;28;2;[0.25 1] ;RDK3;center;23;blau;attended;nonprimed;{'P7','P5','P9','PO3','PO7','O1','I1','POz','Oz','Iz','P8','P6','PO4','PO8','P10','O2','I2'}
4.26152219168201;1.33916316501695;-16.1406863637079;-36.8968010077002;-0.820229622033926;-0.783016354250152;28;3;[0.25 1] ;RDK1;center;20;grün;attended;nonprimed;{'P7','P5','P9','PO3','PO7','O1','I1','POz','Oz','Iz','P8','P6','PO4','PO8','P10','O2','I2'}
7.43725405127754;5.50684537998152;-11.8430186766987;-11.1533642761731;-0.999121536496538;-0.691301950097623;28;3;[0.25 1] ;RDK2;center;17;orange;not attended;not attended;{'P7','P5','P9','PO3','PO7','O1','I1','POz','Oz','Iz','P8','P6','PO4','PO8','P10','O2','I2'}
4.98423945526192;3.52737882477126;9.72954603332701;45.2414825283422;0.441944662801821;1.09874840640374;28;3;[0.25 1] ;RDK3;center;23;blau;attended;primed;{'P7','P5','P9','PO3','PO7','O1','I1','POz','Oz','Iz','P8','P6','PO4','PO8','P10','O2','I2'}
4.95407334064466;2.54601916326926;-2.5650860017997;42.5897809892062;-0.130421669774465;0.760464023478431;28;1;[1 1.75] ;RDK1;center;20;grün;attended;primed;{'P7','P5','P9','PO3','PO7','O1','I1','POz','Oz','Iz','P8','P6','PO4','PO8','P10','O2','I2'}
7.37637279044449;5.25082806737175;-15.6556872250379;-17.1903143996695;-1.3691757210779;-1.09000999922127;28;1;[1 1.75] ;RDK2;center;17;orange;attended;nonprimed;{'P7','P5','P9','PO3','PO7','O1','I1','POz','Oz','Iz','P8','P6','PO4','PO8','P10','O2','I2'}
4.7360422514143;2.9117968775568;5.10094622627026;14.70241831725;0.22985803379732;0.373230629107531;28;1;[1 1.75] ;RDK3;center;23;blau;not attended;not attended;{'P7','P5','P9','PO3','PO7','O1','I1','POz','Oz','Iz','P8','P6','PO4','PO8','P10','O2','I2'}
5.1903686113487;3.12307694459932;2.77537181381045;66.6503672714674;0.140162010538092;1.24904750456098;28;2;[1 1.75] ;RDK1;center;20;grün;not attended;not attended;{'P7','P5','P9','PO3','PO7','O1','I1','POz','Oz','Iz','P8','P6','PO4','PO8','P10','O2','I2'}
7.79853824900286;5.66411267524391;-7.46715011158239;-7.37639330715611;-0.629320893352387;-0.451080716033867;28;2;[1 1.75] ;RDK2;center;17;orange;attended;primed;{'P7','P5','P9','PO3','PO7','O1','I1','POz','Oz','Iz','P8','P6','PO4','PO8','P10','O2','I2'}
4.34235658904546;2.10353574224187;-4.74286573190674;-16.7835739644463;-0.216206527942985;-0.424253352357252;28;2;[1 1.75] ;RDK3;center;23;blau;attended;nonprimed;{'P7','P5','P9','PO3','PO7','O1','I1','POz','Oz','Iz','P8','P6','PO4','PO8','P10','O2','I2'}
5.02979358396919;2.67862847218147;-1.02244721213096;26.2206353356258;-0.0519582297467531;0.556448952914363;28;3;[1 1.75] ;RDK1;center;20;grün;attended;nonprimed;{'P7','P5','P9','PO3','PO7','O1','I1','POz','Oz','Iz','P8','P6','PO4','PO8','P10','O2','I2'}
8.26264717136573;6.52675993706846;-2.05927788065902;5.30178760667046;-0.173728416408348;0.328612606989313;28;3;[1 1.75] ;RDK2;center;17;orange;not attended;not attended;{'P7','P5','P9','PO3','PO7','O1','I1','POz','Oz','Iz','P8','P6','PO4','PO8','P10','O2','I2'}
4.27834045617289;2.07435661848904;-5.81103491401208;-14.5873903743909;-0.263954336287209;-0.354273799878473;28;3;[1 1.75] ;RDK3;center;23;blau;attended;primed;{'P7','P5','P9','PO3','PO7','O1','I1','POz','Oz','Iz','P8','P6','PO4','PO8','P10','O2','I2'}
